"colnames.df..85..84...gene_num..","score"
"rrrD",6.15068967846026e-07
"proK",0.999921890403276
"acrA",0.0531860050736837
