"colnames.df..85..84...gene_num..","score"
"rrrD",0.000148054578469145
"proK",0.993275443907329
"acrA",8.96555898015933e-05
