"colnames.df..85..84...gene_num..","score"
"rrrD",4.32292977292103e-05
"proK",0.999002349364677
"acrA",0.0636983947300634
