"colnames.df..85..84...gene_num..","score"
"rrrD",0.000240983152213145
"proK",0.99664285668878
"acrA",0.053043852064402
