"colnames.df..85..84...gene_num..","score"
"rrrD",7.41276560589071e-08
"proK",0.999473619225773
"acrA",0.725409803500762
