"colnames.df..85..84...gene_num..","score"
"rrrD",1.720991496886e-05
"proK",0.999912245518531
"acrA",0.181359094737361
