"colnames.df..85..84...gene_num..","score"
"rrrD",0.00127153814145273
"proK",0.998226615847496
"acrA",0.0816203408459801
