"colnames.df..85..84...gene_num..","score"
"rrrD",0.00400744973312546
"proK",0.999486186849817
"acrA",0.0426430414619405
