"colnames.df..85..84...gene_num..","score"
"rrrD",1.29019445221167e-07
"proK",0.000719188949292201
"acrA",0.349900283245321
