"colnames.df..85..84...gene_num..","score"
"rrrD",2.08852261208684e-07
"proK",0.00259868264432421
"acrA",3.60582905470046e-05
