"Recall","Precision"
0.00633195085320543,0.0662026929653306
0.0266108906317123,0.0835682176420752
0.0468898304102186,0.0989528500014779
0.067168770188723,0.109309091964715
0.0874477099672312,0.118249475554616
0.107726649745739,0.125048679256716
0.128005589524242,0.130438478826415
0.148284529302749,0.135547217008981
0.168563469081256,0.140124856336908
0.18884240885976,0.143854989822852
0.209121348638272,0.14705949986392
0.229400288416776,0.149864282455612
0.249679228195279,0.152454448843145
0.269958167973784,0.154468183910343
0.290237107752291,0.156273206535897
0.310516047530796,0.157954593592452
0.330794987309306,0.159549867056239
0.351073927087811,0.160746468562478
0.371352866866315,0.161621197853197
0.391631806644835,0.162440871221455
0.411910746423338,0.163115975435236
0.432189686201841,0.163671862648157
0.452468625980347,0.164118353281083
0.47274756575885,0.164438924427053
0.493026505537352,0.1647997273514
0.513305445315853,0.164583145817176
0.53358438509436,0.163783510663212
0.553863324872866,0.162932663184114
0.574142264651375,0.16204872101874
0.59442120442988,0.160937397538217
0.614700144208386,0.159473660312235
0.634979083986901,0.157425272324118
0.655258023765405,0.155536622976645
0.67553696354391,0.153397025680241
0.695815903322416,0.150783983727586
0.716094843100919,0.148025344593619
0.736373782879423,0.144860737127287
0.756652722657963,0.140828359261177
0.776931662436465,0.13629480981425
0.797210602214968,0.131514113344124
0.817489541993472,0.125947543139126
0.837768481771975,0.11945113737221
0.858047421550476,0.112320719270846
0.878326361328986,0.10538179659182
0.898605301107489,0.0981263602955532
0.918884240885991,0.0879996994457097
0.939163180664495,0.0767317326666462
0.959442120442996,0.0622795553373519
0.979721060221497,0.0427090806011143
1,0.0220038523911039
