Attribute,#_replicates,convergence,SD
Glucose-M9,44,0.726383212,0.085475476
Glucose-MS-Minimal,11,0.604164954,0.066517722
Glucose-Davis,5,0.546087158,0.034253303
,,0,0
MG1655,51,0.608103299,0.068082881
K12,11,0.602898995,0.07096715
REL606,5,0.645349206,0.096383416
,,0,0
Antibiotic,57,0.647078151,0.063238091
No_stress,14,0.54635021,0.035933553
