"exclude_index","aucs"
0,0.653740683448179
67,0.739945155393053
52,0.737202925045704
