"exclude_index","aucs"
0,0.0340509666080843
62,0.136423550087873
6,0.157513181019332
24,0.151801405975395
