"exclude_index","aucs"
0,0.000878734622144106
10,0.00615114235500874
8,0.00439367311072053
