"exclude_index","aucs"
0,0.164619883040936
5,0.517836257309942
86,0.562280701754386
79,0.556432748538012
