"exclude_index","aucs"
0,0.006140350877193
37,0.0219298245614035
12,0.0149122807017544
