"exclude_index","aucs"
0,0.0809941520467836
13,0.303216374269006
64,0.358187134502924
82,0.396783625730994
24,0.395029239766082
