"exclude_index","aucs"
0,0.00439367311072054
75,0.0140597539543058
47,0.0342706502636204
64,0.0610720562390158
52,0.0281195079086116
