"exclude_index","aucs"
0,0.119298245614035
70,0.342105263157895
15,0.386549707602339
89,0.299415204678363
