"exclude_index","aucs"
0,0.865243988187315
61,0.874384756011812
70,0.870165940092813
