"exclude_index","aucs"
0,0.042031523642732
28,0.112084063047285
91,0.30122591943958
29,0.140105078809107
