"exclude_index","aucs"
0,0.0194003527336861
46,0.141093474426808
10,0.129335684891241
