"exclude_index","aucs"
0,0.0468028419182949
4,0.224422735346359
1,0.141474245115453
