"exclude_index","aucs"
0,0.00292397660818714
45,0.00467836257309943
47,0.0116959064327486
10,0.0169590643274854
49,0.00350877192982457
