"exclude_index","aucs"
0,0.0101410934744268
70,0.0321869488536155
78,0.0304232804232804
