"exclude_index","aucs"
0,0.677543186180421
17,0.737007234608002
55,0.741362763915547
60,0.739000442935184
