"exclude_index","aucs"
0,0.776473712161445
1,0.810515135422198
36,0.794105151354221
