"exclude_index","aucs"
0,0.163224956063269
22,0.367530755711775
62,0.297671353251318
