"exclude_index","aucs"
0,0.227072310405644
29,0.310846560846561
53,0.380805408583187
72,0.298206937095826
