"exclude_index","aucs"
0,0.0110915492957747
18,0.221302816901408
49,0.211443661971831
