"exclude_index","aucs"
0,0.0608581436077058
3,0.120402802101576
51,0.173817863397548
58,0.251751313485114
45,0.263134851138354
47,0.209719789842382
