"exclude_index","aucs"
0,0.0206502636203866
53,0.0566783831282952
63,0.203427065026362
70,0.190685413005272
