"exclude_index","aucs"
0,0.00467836257309943
1,0.00467836257309943
2,0.00467836257309943
3,0.00467836257309943
4,0.00467836257309943
5,0.00467836257309943
6,0.00467836257309943
7,0.00467836257309943
8,0.00467836257309943
60,0.00526315789473686
9,0.00467836257309943
