"exclude_index","aucs"
0,0.0354640980735552
72,0.123029772329247
2,0.112521891418564
