"exclude_index","aucs"
0,0.517140319715808
32,0.733836589698046
72,0.730461811722913
