"exclude_index","aucs"
0,0.782461639993401
19,0.901171423857449
7,0.854066985645932
