"exclude_index","aucs"
0,0.00439367311072054
69,0.0149384885764499
59,0.0430579964850615
81,0.0439367311072056
16,0.0127416520210896
