"exclude_index","aucs"
0,0.0126110124333925
76,0.044582593250444
61,0.0355239786856128
