"exclude_index","aucs"
0,0.00505272407732865
1,0.00505272407732865
2,0.00505272407732865
3,0.00505272407732865
4,0.00505272407732865
5,0.00505272407732865
6,0.00505272407732865
7,0.00505272407732865
8,0.00505272407732865
60,0.00637082601054481
9,0.00505272407732865
