"exclude_index","aucs"
0,0.0551663747810858
5,0.0858143607705779
10,0.0945709281961471
8,0.107705779334501
1,0.112084063047285
35,0.0980735551663747
