"exclude_index","aucs"
0,0.908649635036496
89,0.916532846715328
65,0.917189781021897
49,0.916313868613138
