"exclude_index","aucs"
0,0.0054920913884007
70,0.0371265377855887
50,0.0125219683655536
