"exclude_index","aucs"
0,0.103765323992995
1,0.116024518388792
51,0.123029772329247
43,0.130035026269702
6,0.302539404553415
33,0.476795096322242
54,0.36646234676007
