"exclude_index","aucs"
0,0.03777189888301
43,0.0695179306290417
51,0.0865667254556144
58,0.0806878306878307
