"exclude_index","aucs"
0,0.120173364854216
87,0.172773837667455
44,0.183412135539795
74,0.179472025216706
