"exclude_index","aucs"
0,0.0180464411913175
87,0.0198132256436143
35,0.0198132256436143
17,0.0213276123170116
22,0.0188036345280162
