"exclude_index","aucs"
0,0.333978873239437
77,0.5125
68,0.513204225352113
63,0.418133802816901
