"exclude_index","aucs"
0,0.384683098591549
77,0.608978873239437
86,0.552288732394366
