"exclude_index","aucs"
0,0.100700525394046
90,0.118213660245184
74,0.155866900175131
49,0.325744308231173
27,0.174255691768827
