"exclude_index","aucs"
0,0.00763765541740675
47,0.0392539964476021
75,0.0376554174067496
