"exclude_index","aucs"
0,0.00233918128654971
1,0.00233918128654971
2,0.00233918128654971
3,0.00233918128654971
4,0.00233918128654971
5,0.00233918128654971
21,0.00292397660818714
6,0.00233918128654971
