"exclude_index","aucs"
0,0.555650994575046
81,0.731238698010849
82,0.777079566003617
92,0.72382459312839
