"exclude_index","aucs"
0,0.116024518388792
26,0.278021015761821
15,0.293782837127846
57,0.132661996497373
