"exclude_index","aucs"
0,0.679882459312838
54,0.869755877034358
14,0.952757685352621
5,0.952757685352621
