"exclude_index","aucs"
0,0.0538528896672505
1,0.0538528896672505
2,0.0538528896672505
3,0.0538528896672505
10,0.0573555166374781
4,0.0538528896672505
