"exclude_index","aucs"
0,0.102220248667851
19,0.13809946714032
78,0.129396092362344
