"exclude_index","aucs"
0,0.121278458844133
87,0.221978984238179
16,0.22723292469352
35,0.265761821366025
58,0.278021015761821
11,0.257005253940455
