"exclude_index","aucs"
0,0.492119779353822
78,0.54688731284476
7,0.525019700551615
