"exclude_index","aucs"
0,0.0239777889954569
25,0.12241292276628
9,0.118879353861686
