"exclude_index","aucs"
0,0.00398230088495578
46,0.00862831858407082
13,0.00951327433628318
87,0.0137168141592921
35,0.0168141592920354
26,0.0117256637168142
