"exclude_index","aucs"
0,0.715140731154966
53,0.769653833710774
57,0.826916855386606
20,0.825461015852475
