"exclude_index","aucs"
0,0.0057319223985891
32,0.0698118753674309
75,0.198559670781893
91,0.0803938859494415
