"exclude_index","aucs"
0,0.135087719298246
8,0.322222222222222
52,0.328654970760234
86,0.32280701754386
