"exclude_index","aucs"
0,0.615820122937561
47,0.811387900355872
63,0.820769977353607
72,0.844063409899709
4,0.820446457457134
