"exclude_index","aucs"
0,0.2215411558669
7,0.253064798598949
19,0.260070052539405
36,0.300350262697023
79,0.250437828371278
