"exclude_index","aucs"
0,0.00569176882661998
1,0.00569176882661998
2,0.00569176882661998
36,0.00656742556917689
3,0.00569176882661998
