"exclude_index","aucs"
0,0.0540852575488455
36,0.197246891651865
12,0.194760213143872
