"exclude_index","aucs"
0,0.164437152953054
92,0.267163048965169
82,0.31663301362948
60,0.292150429076224
