"exclude_index","aucs"
0,0.0831873905429072
16,0.114711033274956
66,0.265323992994746
71,0.152364273204904
