"exclude_index","aucs"
0,0.310420315236427
57,0.381348511383538
72,0.393607705779334
28,0.56260945709282
58,0.428633975481611
