"exclude_index","aucs"
0,0.0880782918149465
60,0.153591070850857
14,0.156826269815594
69,0.148091232610806
