"exclude_index","aucs"
0,0.00549209138840068
88,0.00681019332161686
41,0.00681019332161686
62,0.00681019332161686
51,0.00637082601054481
