"exclude_index","aucs"
0,0.822513905847238
45,0.864095780762446
82,0.886073802740471
13,0.888515805182473
6,0.885191968525303
