"exclude_index","aucs"
0,0.277112676056338
46,0.523239436619718
51,0.539084507042254
92,0.580985915492958
84,0.496830985915493
