"exclude_index","aucs"
0,0.36225834797891
83,0.696177504393673
51,0.627636203866432
