"exclude_index","aucs"
0,0.0116108171663727
34,0.0251322751322752
81,0.0227807172251617
