"exclude_index","aucs"
0,0.0626114081996435
92,0.303401663695781
39,0.193775995246583
