"exclude_index","aucs"
0,0.172514619883041
51,0.567251461988304
73,0.345614035087719
