"exclude_index","aucs"
0,0.0109841827768014
1,0.0109841827768014
2,0.0109841827768014
3,0.0109841827768014
4,0.0109841827768014
5,0.0109841827768014
6,0.0109841827768014
7,0.0109841827768014
8,0.0109841827768014
9,0.0109841827768014
10,0.0109841827768014
11,0.0109841827768014
12,0.0109841827768014
13,0.0109841827768014
14,0.0109841827768014
90,0.0127416520210896
15,0.0109841827768014
