"exclude_index","aucs"
0,0.00334507042253522
45,0.0251760563380282
34,0.0286971830985916
27,0.0424295774647887
32,0.0262323943661972
