"exclude_index","aucs"
0,0.00117577895355673
10,0.00117577895355674
87,0.00117577895355674
30,0.00117577895355673
