"exclude_index","aucs"
0,0.499412110523222
21,0.596707818930041
7,0.585831863609641
