"exclude_index","aucs"
0,0.0538528896672505
1,0.0538528896672505
41,0.0547285464098074
2,0.0538528896672505
