"exclude_index","aucs"
0,0.610347016504443
51,0.659119763013119
83,0.673931443080829
67,0.708738891239949
11,0.695619974608548
