"exclude_index","aucs"
0,0.560070671378092
1,0.614083796062595
88,0.6113074204947
