"exclude_index","aucs"
0,0.484795321637427
73,0.936842105263158
59,0.959649122807018
37,0.749707602339181
