"exclude_index","aucs"
0,0.00630994447248865
30,0.00984351337708229
78,0.00984351337708226
