"exclude_index","aucs"
0,0.111971830985915
33,0.607042253521127
11,0.617605633802817
78,0.595774647887324
