"exclude_index","aucs"
0,0.0598177542621987
49,0.0592298647854204
