"exclude_index","aucs"
0,0.00730994152046784
54,0.00906432748538013
1,0.00730994152046784
