"exclude_index","aucs"
0,0.536449147560259
4,0.581716637272193
26,0.382422104644327
