"exclude_index","aucs"
0,0.00633802816901413
28,0.00704225352112681
15,0.00704225352112681
62,0.0126760563380282
83,0.0133802816901409
5,0.00633802816901413
