"exclude_index","aucs"
0,0.701311039331179
78,0.871176135284058
32,1
57,1
19,1
13,1
29,0.907657229716892
