"exclude_index","aucs"
0,0.636201876415399
78,0.813976059527661
9,0.76722743448722
