"exclude_index","aucs"
0,0.578846153846154
83,0.779807692307692
53,0.757005494505495
