"exclude_index","aucs"
0,0.768418418418418
59,0.901851851851852
55,0.964614614614615
91,0.883433433433434
