"exclude_index","aucs"
0,0.000437828371278454
54,0.00131348511383536
33,0.00131348511383536
26,0.00131348511383536
7,0.00131348511383536
4,0.00131348511383536
13,0.00131348511383536
31,0.00131348511383536
10,0.00131348511383536
38,0.00131348511383536
1,0.000437828371278454
