"exclude_index","aucs"
0,0.700399340770793
62,0.84092925963489
6,0.826096602434078
