"exclude_index","aucs"
0,0.143614336193841
1,0.143614336193841
2,0.143614336193841
3,0.143614336193841
90,0.143866733972741
4,0.143614336193841
