"exclude_index","aucs"
0,0.286838978015449
63,0.316696375519905
72,0.350713012477718
28,0.335412953060012
