"exclude_index","aucs"
0,0.712846715328466
21,0.841167883211679
86,0.819197080291971
