"exclude_index","aucs"
0,0.534181415929204
14,0.560951327433629
90,0.468030973451328
