"exclude_index","aucs"
0,0.536725663716814
23,0.675
14,0.670575221238938
