"exclude_index","aucs"
0,0.0218914185639229
24,0.309106830122592
80,0.338879159369527
10,0.351138353765324
19,0.105954465849387
