"exclude_index","aucs"
0,0.763021675833063
42,0.769977353607247
17,0.828696214817211
28,0.797961824652216
