"exclude_index","aucs"
0,0.00575221238938053
91,0.00641592920353982
71,0.0108407079646018
10,0.00575221238938053
