"exclude_index","aucs"
0,0.064913317572892
83,0.621847911741529
81,0.590524034672971
