"exclude_index","aucs"
0,0.0051991150442478
62,0.0200221238938053
30,0.0244469026548673
5,0.0248893805309735
31,0.023783185840708
