"exclude_index","aucs"
0,0.576054664289958
50,0.787730243612596
12,0.769904931669637
