"exclude_index","aucs"
0,0.301845342706503
73,0.561072056239016
54,0.48506151142355
