"exclude_index","aucs"
0,0.729706319089259
54,0.871267117637352
83,0.81211846229995
