"exclude_index","aucs"
0,0.544658493870403
35,0.666374781085814
19,0.56830122591944
