"exclude_index","aucs"
0,0.0621716287215411
4,0.102451838879159
12,0.269702276707531
40,0.262697022767075
