"exclude_index","aucs"
0,0.00630994447248865
33,0.0169106511862696
6,0.00656234225138819
