"exclude_index","aucs"
0,0.00439367311072054
35,0.0127416520210896
4,0.00615114235500878
