"exclude_index","aucs"
0,0.0421052631578948
90,0.0590643274853801
69,0.0795321637426901
20,0.0543859649122807
