"exclude_index","aucs"
0,0.767430830039526
21,0.833992094861658
90,0.825612648221343
