"exclude_index","aucs"
0,0.177320490367776
45,0.221103327495622
84,0.208844133099825
