"exclude_index","aucs"
0,0.143298059964727
51,0.252057613168724
19,0.297325102880658
24,0.20679012345679
