"exclude_index","aucs"
0,0.801581027667985
79,0.896521739130435
48,0.831146245059289
