"exclude_index","aucs"
0,0.0916080843585237
15,0.338532513181019
66,0.36006151142355
22,0.234841827768014
