"exclude_index","aucs"
0,0.18936877076412
28,0.325453616151291
15,0.316381293125479
