"exclude_index","aucs"
0,0.00440140845070425
29,0.00440140845070426
6,0.00440140845070426
61,0.00440140845070426
