"exclude_index","aucs"
0,0.427807486631016
10,0.590909090909091
34,0.635769459298871
23,0.631313131313131
