"exclude_index","aucs"
0,0.00827464788732395
75,0.0156690140845071
11,0.0163732394366197
14,0.00968309859154931
