"exclude_index","aucs"
0,0.0402802101576182
4,0.183887915936953
86,0.23292469352014
7,0.253940455341506
25,0.199649737302977
