"exclude_index","aucs"
0,0.0045774647887324
9,0.00457746478873242
22,0.00457746478873242
11,0.00457746478873242
23,0.00457746478873242
33,0.00457746478873242
39,0.00457746478873242
16,0.00457746478873242
35,0.00457746478873242
65,0.00457746478873242
8,0.00457746478873242
19,0.00457746478873242
44,0.00457746478873242
10,0.00457746478873242
21,0.00457746478873242
88,0.00457746478873241
