"exclude_index","aucs"
0,0.922501916687964
89,0.957257858420649
6,0.960835675951955
28,0.961985688729875
27,0.978085867620751
40,0.985113723485816
79,0.984091489905443
