"exclude_index","aucs"
0,0.0573555166374781
38,0.251751313485114
75,0.0993870402802102
