"exclude_index","aucs"
0,0.795758661887694
65,0.913321385902031
59,0.894922341696535
