"exclude_index","aucs"
0,0.772735346358792
12,0.870248667850799
49,0.864387211367673
