"exclude_index","aucs"
0,0.183098591549296
77,0.183098591549296
73,0.183098591549296
33,0.183098591549296
63,0.183098591549296
15,0.183802816901409
6,0.183098591549296
