"exclude_index","aucs"
0,0.0101769911504425
19,0.0278761061946903
71,0.0190265486725664
