"exclude_index","aucs"
0,0.00350877192982457
44,0.0210526315789474
91,0.0228070175438596
41,0.0210526315789474
