"exclude_index","aucs"
0,0.00932504440497337
8,0.0240674955595027
46,0.0206927175843695
