"exclude_index","aucs"
0,0.305704099821747
55,0.318478906714201
16,0.307932263814617
