"exclude_index","aucs"
0,0.218650088809947
83,0.245825932504441
2,0.312788632326821
60,0.331438721136767
39,0.309236234458259
