"exclude_index","aucs"
0,0.0709507042253521
36,0.24419014084507
13,0.213908450704225
