"exclude_index","aucs"
0,0.863905109489052
19,0.899087591240876
22,0.90412408759124
14,0.901934306569343
