"exclude_index","aucs"
0,0.597566371681416
34,0.623451327433629
46,0.60287610619469
