"exclude_index","aucs"
0,0.532937910146391
15,0.536471479050984
13,0.645507319535588
87,0.578621908127209
