"exclude_index","aucs"
0,0.00228873239436622
84,0.0213028169014084
46,0.0223591549295775
48,0.0139084507042254
