"exclude_index","aucs"
0,0.00630994447248864
48,0.00681474003028774
54,0.0065623422513882
