"exclude_index","aucs"
0,0.00700525394045531
1,0.00700525394045531
82,0.00700525394045534
2,0.00700525394045531
