"exclude_index","aucs"
0,0.000880281690140861
69,0.00862676056338032
35,0.00827464788732397
