"exclude_index","aucs"
0,0.152263374485597
35,0.152263374485597
4,0.152263374485597
47,0.152263374485597
29,0.152263374485597
48,0.152263374485597
25,0.152263374485597
