"exclude_index","aucs"
0,0.0107644991212654
18,0.0331722319859402
77,0.0599736379613357
1,0.0349297012302285
