"exclude_index","aucs"
0,0.0675438596491228
92,0.18625730994152
39,0.264619883040936
45,0.265204678362573
35,0.439473684210526
10,0.492105263157895
89,0.501461988304094
25,0.484502923976608
