"exclude_index","aucs"
0,0.182042253521127
79,0.194718309859155
33,0.189084507042254
