"exclude_index","aucs"
0,0.80110542814717
62,0.895726777759445
20,0.895891767035142
37,0.895726777759445
