"exclude_index","aucs"
0,0.00281690140845072
24,0.00281690140845073
6,0.00281690140845073
12,0.00281690140845073
10,0.00281690140845072
