"exclude_index","aucs"
0,0.0538528896672505
50,0.0573555166374781
1,0.0538528896672505
