"exclude_index","aucs"
0,0.00818713450292397
13,0.0263157894736842
66,0.0251461988304094
