"exclude_index","aucs"
0,0.717317939609237
74,0.842895204262877
35,0.858880994671403
40,0.837921847246891
