"exclude_index","aucs"
0,0.0388888888888889
1,0.0388888888888889
73,0.0412280701754386
2,0.0388888888888889
