"exclude_index","aucs"
0,0.00409292035398231
89,0.0160398230088496
21,0.014712389380531
