"exclude_index","aucs"
0,0.371637426900585
86,0.598538011695907
49,0.707309941520468
81,0.715497076023392
60,0.765204678362573
55,0.613742690058479
