"exclude_index","aucs"
0,0.292553191489362
3,0.346532702915682
12,0.505713159968479
63,0.556934594168637
57,0.467297084318361
