"exclude_index","aucs"
0,0.280530973451327
91,0.552212389380531
24,0.528539823008849
