"exclude_index","aucs"
0,0.471637426900585
3,0.641228070175439
44,0.625438596491228
