"exclude_index","aucs"
0,0.0519538188277087
67,0.150177619893428
71,0.289786856127886
27,0.165452930728242
