"exclude_index","aucs"
0,0.0133214920071048
58,0.0273534635879219
70,0.022202486678508
