"exclude_index","aucs"
0,0.703591107733231
56,1
51,0.839825194755842
