"exclude_index","aucs"
0,0.898792565459233
77,0.910595577262244
72,0.905440238773572
