"exclude_index","aucs"
0,0.00109841827768015
1,0.00109841827768015
2,0.00109841827768015
3,0.00109841827768015
4,0.00109841827768015
5,0.00109841827768015
6,0.00109841827768015
7,0.00109841827768015
8,0.00109841827768015
9,0.00109841827768015
10,0.00109841827768015
11,0.00109841827768015
12,0.00109841827768015
13,0.00109841827768015
14,0.00109841827768015
15,0.00109841827768015
72,0.00285588752196836
16,0.00109841827768015
