"exclude_index","aucs"
0,0.01603690685413
55,0.124121265377856
2,0.120606326889279
