"exclude_index","aucs"
0,0.0512259194395797
54,0.0766199649737303
80,0.160683012259194
14,0.0932574430823117
