"exclude_index","aucs"
0,0.708730939498279
20,0.744097393015248
91,0.783841613379243
30,0.897417609444172
39,0.794958189867192
