"exclude_index","aucs"
0,0.00116959064327486
30,0.0204678362573099
4,0.0169590643274854
