"exclude_index","aucs"
0,0.00553097345132742
61,0.0110619469026549
84,0.0267699115044248
88,0.018141592920354
