"exclude_index","aucs"
0,0.0632688927943761
89,0.234622144112478
70,0.258347978910369
32,0.283831282952548
24,0.12390158172232
