"exclude_index","aucs"
0,0.00571177504393675
92,0.566783831282952
65,0.562390158172232
