"exclude_index","aucs"
0,0.00661375661375665
29,0.0121987066431511
61,0.00778953556731338
