"exclude_index","aucs"
0,0.30865553602812
3,0.393453427065026
48,0.459797891036907
53,0.50329525483304
66,0.517794376098418
1,0.497583479789104
