"exclude_index","aucs"
0,0.0254262198706643
16,0.079512051734274
82,0.0662845385067607
