"exclude_index","aucs"
0,0.0348308934881373
1,0.0348308934881373
2,0.0348308934881373
52,0.0353356890459364
3,0.0348308934881373
