"exclude_index","aucs"
0,0.306584362139918
17,0.518224573780129
4,0.543797766019988
69,0.500293944738389
