"exclude_index","aucs"
0,0.0805604203152364
18,0.141856392294221
11,0.394045534150613
53,0.310858143607706
