"exclude_index","aucs"
0,0.447233606557377
74,0.460841444672131
60,0.458183913934426
