"exclude_index","aucs"
0,0.039766081871345
1,0.0432748538011696
66,0.0409356725146199
