"exclude_index","aucs"
0,0.186514886164623
26,0.391418563922942
30,0.250437828371278
