"exclude_index","aucs"
0,0.220848056537103
15,0.382887430590611
56,0.490661282180717
71,0.348561332660273
