"exclude_index","aucs"
0,0.086056838365897
5,0.204529307282416
28,0.177175843694494
