"exclude_index","aucs"
0,0.00851769911504425
51,0.00896017699115046
13,0.00896017699115045
