"exclude_index","aucs"
0,0.00545774647887327
52,0.00686619718309859
43,0.00686619718309859
62,0.00686619718309859
51,0.00686619718309859
68,0.00686619718309859
4,0.00686619718309859
59,0.00686619718309859
31,0.00686619718309859
78,0.00616197183098595
