"exclude_index","aucs"
0,0.0976608187134503
51,0.70233918128655
44,0.380701754385965
