"exclude_index","aucs"
0,0.789723320158104
3,0.907667984189724
71,0.827826086956522
