"exclude_index","aucs"
0,0.678807481366896
52,0.741035016172128
23,0.766629166080721
72,0.750386724792575
