"exclude_index","aucs"
0,0.740306880052797
13,0.871390859594125
5,0.871225870318428
