"exclude_index","aucs"
0,0.495183887915937
63,0.621278458844133
33,0.713222416812609
47,0.683450087565674
