"exclude_index","aucs"
0,0.00964912280701755
1,0.00964912280701755
66,0.010233918128655
51,0.010233918128655
44,0.010233918128655
2,0.00964912280701755
