"exclude_index","aucs"
0,0.370907079646018
34,0.585730088495575
72,0.624889380530974
53,0.582190265486726
