"exclude_index","aucs"
0,0.150499706055262
38,0.151675485008818
43,0.151381540270429
