"exclude_index","aucs"
0,0.0350877192982456
1,0.0350877192982456
2,0.0350877192982456
3,0.0350877192982456
4,0.0350877192982456
5,0.0350877192982456
6,0.0350877192982456
44,0.0374269005847953
7,0.0350877192982456
