"exclude_index","aucs"
0,0.635739436619718
89,0.805457746478873
67,0.79137323943662
