"exclude_index","aucs"
0,0.243934001941119
89,0.455516014234876
40,0.450177935943061
