"exclude_index","aucs"
0,0.528021015761821
22,0.654991243432575
77,0.634851138353765
