"exclude_index","aucs"
0,0.776115859449191
27,0.810236060236062
63,0.799654049654051
