"exclude_index","aucs"
0,0.085896309314587
72,0.397407732864675
50,0.410149384885764
73,0.524824253075571
46,0.462434094903339
