"exclude_index","aucs"
0,0.153216374269006
73,0.276608187134503
5,0.314035087719298
53,0.321052631578947
16,0.371345029239766
54,0.295321637426901
