"exclude_index","aucs"
0,0.73211522437805
76,0.760028568027615
7,0.763182954410189
27,0.763599571479587
74,0.764135221997382
85,0.764670872515178
2,0.769729794072135
41,0.774134031662897
87,0.791096298059754
23,0.773538864420903
