"exclude_index","aucs"
0,0.0307925290257446
52,0.271580010095911
18,0.171125694093892
