"exclude_index","aucs"
0,0.0728070175438597
35,0.226023391812865
20,0.220760233918129
