"exclude_index","aucs"
0,0.469070133963751
57,0.540189125295508
68,0.58628841607565
67,0.521473601260835
