"exclude_index","aucs"
0,0.126496279521191
1,0.126496279521191
2,0.126496279521191
4,0.126496279521191
13,0.126496279521191
3,0.126496279521191
19,0.126496279521191
5,0.126496279521191
9,0.126496279521191
14,0.126496279521191
6,0.126496279521191
12,0.126496279521191
8,0.126496279521191
15,0.126496279521191
10,0.126496279521191
20,0.126496279521191
11,0.126496279521191
17,0.126496279521191
21,0.126496279521191
28,0.126496279521191
42,0.126981559365901
7,0.126496279521191
