"exclude_index","aucs"
0,0.317543859649123
6,0.616959064327485
20,0.610526315789474
