"exclude_index","aucs"
0,0.908175182481752
63,0.915401459854014
40,0.916715328467152
41,0.916715328467153
57,0.913649635036496
