"exclude_index","aucs"
0,0.199647887323944
91,0.490492957746479
32,0.530633802816902
39,0.600704225352113
8,0.696478873239437
59,0.590492957746479
