"exclude_index","aucs"
0,0.115586690017513
63,0.128721541155867
6,0.129597197898424
86,0.188266199649737
59,0.19614711033275
75,0.276707530647986
78,0.335376532399299
7,0.274080560420315
