"exclude_index","aucs"
0,0.00131348511383536
43,0.00131348511383536
17,0.00131348511383536
22,0.00131348511383536
4,0.00131348511383536
32,0.00131348511383536
24,0.00131348511383536
27,0.00131348511383536
30,0.00131348511383536
54,0.00131348511383536
26,0.00131348511383536
25,0.00131348511383536
79,0.00131348511383536
29,0.00131348511383536
47,0.00131348511383536
52,0.00131348511383536
77,0.00131348511383536
73,0.00131348511383536
1,0.000437828371278454
