"exclude_index","aucs"
0,0.679012345679013
77,0.690770135214579
39,0.705467372134039
6,0.69782480893592
