"exclude_index","aucs"
0,0.0127460878344271
1,0.015017667844523
4,0.015017667844523
40,0.0190560323069157
2,0.015017667844523
