"exclude_index","aucs"
0,0.633516483516483
57,0.713049450549451
90,0.684203296703297
