"exclude_index","aucs"
0,0.145774647887324
23,0.49612676056338
15,0.428521126760563
