"exclude_index","aucs"
0,0.772774327122153
15,0.871894409937889
29,0.856538992408557
