"exclude_index","aucs"
0,0.0420340975896532
77,0.0993533215755437
42,0.102586713697825
28,0.0864197530864197
