"exclude_index","aucs"
0,0.139282899921198
83,0.161347517730496
69,0.162529550827423
33,0.162726556343578
76,0.20488573680063
54,0.139282899921198
