"exclude_index","aucs"
0,0.717693084300858
38,0.78886925795053
6,0.790383644623928
21,0.78962645128723
