"exclude_index","aucs"
0,0.00263157894736843
65,0.0114035087719299
1,0.00263157894736843
