"exclude_index","aucs"
0,0.0911228689006467
70,0.167548500881834
72,0.17607289829512
35,0.198706643151087
89,0.20870076425632
43,0.21222810111699
31,0.15843621399177
