"exclude_index","aucs"
0,0.838685160554816
22,1
14,0.858065741972259
