"exclude_index","aucs"
0,0.925059417706477
5,0.982843137254902
8,0.982100415923945
