"exclude_index","aucs"
0,0.185011883541295
40,0.375891265597147
27,0.443330362448009
55,0.414364230540701
