"exclude_index","aucs"
0,0.00321637426900586
35,0.00438596491228072
2,0.00438596491228072
1,0.00321637426900586
