"exclude_index","aucs"
0,0.701311039331179
70,0.869466083982519
45,0.83754512635379
