"exclude_index","aucs"
0,0.0257029876977153
28,0.0261423550087873
42,0.0292179261862917
34,0.0995166959578207
12,0.0292179261862918
