"exclude_index","aucs"
0,0.0271929824561404
36,0.0628654970760234
64,0.306140350877193
21,0.258187134502924
