"exclude_index","aucs"
0,0.00555555555555557
7,0.00672514619883043
75,0.00672514619883043
76,0.00672514619883043
21,0.00672514619883043
10,0.00672514619883043
46,0.00672514619883043
5,0.00672514619883043
3,0.00672514619883043
27,0.00672514619883043
15,0.00672514619883043
14,0.00672514619883043
88,0.00672514619883043
51,0.00672514619883043
13,0.00672514619883043
35,0.00672514619883043
56,0.00672514619883043
73,0.00672514619883043
1,0.00555555555555557
