"exclude_index","aucs"
0,0.0719298245614035
91,0.232163742690058
90,0.164327485380117
