"exclude_index","aucs"
0,0.00351493848857642
1,0.00351493848857642
2,0.00351493848857642
3,0.00351493848857642
4,0.00351493848857642
16,0.00702987697715289
5,0.00351493848857642
