"exclude_index","aucs"
0,0.944220363994099
82,0.964535169699951
81,0.961829808165274
