"exclude_index","aucs"
0,0.135672514619883
72,0.234502923976608
68,0.211695906432749
