"exclude_index","aucs"
0,0.159090909090909
11,0.377305079262375
65,0.408039469427369
34,0.361129084438693
