"exclude_index","aucs"
0,0.844515138218516
48,0.891465555068012
34,0.886770513383063
