"exclude_index","aucs"
0,0.171637426900585
86,0.471052631578947
48,0.365204678362573
