"exclude_index","aucs"
0,0.004093567251462
29,0.0192982456140351
48,0.00526315789473686
