"exclude_index","aucs"
0,0.212323943661972
24,0.377112676056338
33,0.380633802816901
28,0.404577464788732
14,0.579225352112676
61,0.448239436619718
