"exclude_index","aucs"
0,0.110717100078802
50,0.216903073286052
20,0.243104806934594
86,0.254728132387707
30,0.182427107959023
