"exclude_index","aucs"
0,0.556446821152703
86,0.799613784907902
46,0.756238859180036
