"exclude_index","aucs"
0,0.746625222024867
29,0.858880994671403
53,0.858170515097691
