"exclude_index","aucs"
0,0.874406232186964
12,0.953543606308189
51,0.932452973589208
