"exclude_index","aucs"
0,0.549912434325744
46,0.622591943957968
7,0.683012259194396
28,0.667250437828371
