"exclude_index","aucs"
0,0.00768321513002364
42,0.0295508274231679
54,0.10086682427108
1,0.0291568163908589
