"exclude_index","aucs"
0,0.816069732736398
21,0.861653778320444
46,0.866402116402115
51,0.941290191290192
30,0.942918192918194
80,0.940340523673858
