"exclude_index","aucs"
0,0.0345884413309982
65,0.0888791593695271
22,0.0923817863397548
31,0.105516637478109
66,0.109894921190893
35,0.244746059544658
34,0.321803852889667
2,0.00569176882662001
