"exclude_index","aucs"
0,0.0021891418563923
1,0.0021891418563923
2,0.0021891418563923
3,0.0021891418563923
4,0.0021891418563923
83,0.0030647985989492
5,0.0021891418563923
