"exclude_index","aucs"
0,0.002046783625731
1,0.002046783625731
6,0.00263157894736843
46,0.00380116959064329
2,0.002046783625731
