"exclude_index","aucs"
0,0.0116108171663727
38,0.0130805408583186
60,0.0139623750734862
57,0.0127865961199295
