"exclude_index","aucs"
0,0.0403508771929825
27,0.0426900584795322
41,0.0426900584795322
56,0.0421052631578947
