"exclude_index","aucs"
0,0.00681019332161686
26,0.00856766256590508
56,0.00856766256590508
1,0.00681019332161686
