"exclude_index","aucs"
0,0.109835004852799
17,0.269492073762536
30,0.264801035263669
