"exclude_index","aucs"
0,0.486638876700307
11,0.501206669591926
70,0.501645458534444
85,0.504936375603333
5,0.502435278630977
