"exclude_index","aucs"
0,0.715787770947913
66,0.83031381429958
35,0.806535101908767
