"exclude_index","aucs"
0,0.473730297723292
92,0.498248686514886
32,0.551663747810858
21,0.643607705779334
47,0.475481611208406
