"exclude_index","aucs"
0,0.278362573099415
9,0.595321637426901
20,0.597076023391813
70,0.602923976608187
66,0.586549707602339
