"exclude_index","aucs"
0,0.0645869947275923
48,0.24780316344464
66,0.2201230228471
