"exclude_index","aucs"
0,0.783274647887324
75,0.960739436619718
80,0.925880281690141
