"exclude_index","aucs"
0,0.0560420315236427
77,0.168126094570928
32,0.119089316987741
