"exclude_index","aucs"
0,0.0279867256637168
22,0.19391592920354
87,0.201659292035398
2,0.194358407079646
