"exclude_index","aucs"
0,0.0015377855887522
38,0.00197715289982425
91,0.00197715289982425
39,0.00197715289982425
13,0.00197715289982425
3,0.00197715289982425
81,0.00285588752196836
20,0.00197715289982425
