"exclude_index","aucs"
0,0.441798941798942
17,0.699588477366255
10,0.629923574368019
