"exclude_index","aucs"
0,0.786145617667357
91,0.910628019323674
55,0.910714285714286
18,0.910628019323674
