"exclude_index","aucs"
0,0.0350877192982456
1,0.0350877192982456
2,0.0350877192982456
3,0.0350877192982456
4,0.0350877192982456
5,0.0350877192982456
6,0.0350877192982456
7,0.0350877192982456
8,0.0350877192982456
9,0.0350877192982456
10,0.0350877192982456
11,0.0350877192982456
51,0.0362573099415205
12,0.0350877192982456
