"exclude_index","aucs"
0,0.851853526220615
39,0.861075949367088
84,0.951853526220614
25,0.951943942133815
33,0.950226039783001
