"exclude_index","aucs"
0,0.246681415929204
35,0.498893805309735
3,0.550884955752212
20,0.53141592920354
