"exclude_index","aucs"
0,0.464538112064614
16,0.600328117112569
65,0.5834174659263
