"exclude_index","aucs"
0,0.60521978021978
4,0.742582417582418
3,0.764423076923077
43,0.703983516483517
