"exclude_index","aucs"
0,0.0761821366024519
48,0.137478108581436
50,0.145359019264448
55,0.166374781085814
11,0.124343257443082
