"exclude_index","aucs"
0,0.447898423817863
44,0.589754816112084
33,0.714973730297723
23,0.735113835376532
5,0.708844133099825
