"exclude_index","aucs"
0,0.384885764499121
26,0.395430579964851
29,0.523725834797891
58,0.347100175746924
