"exclude_index","aucs"
0,0.0630281690140845
61,0.442605633802817
38,0.464788732394366
19,0.422535211267606
