"exclude_index","aucs"
0,0.567858298285344
69,0.608945325137496
48,0.605224846328049
