"exclude_index","aucs"
0,0.0300966608084359
24,0.0366871704745167
17,0.0336115992970123
