"exclude_index","aucs"
0,0.730693430656934
63,0.805218978102189
28,0.75616788321168
