"exclude_index","aucs"
0,0.00264550264550266
80,0.0185185185185186
66,0.0164609053497943
