"exclude_index","aucs"
0,0.774584980237152
18,0.816324110671938
50,0.860039525691697
25,0.8597233201581
