"exclude_index","aucs"
0,0.00321637426900586
47,0.010233918128655
50,0.014327485380117
86,0.0190058479532164
1,0.00380116959064329
