"exclude_index","aucs"
0,0.704731141934257
10,1
70,1
28,1
19,1
2,1
29,1
30,1
14,1
35,1
18,1
1,1
76,0.853505605168155
