"exclude_index","aucs"
0,0.000584795321637429
32,0.233333333333333
90,0.233918128654971
47,0.254970760233918
70,0.230409356725146
