"exclude_index","aucs"
0,0.77806324110672
63,0.867233201581027
68,0.823992094861659
