"exclude_index","aucs"
0,0.478983516483517
11,0.760439560439561
75,0.736813186813187
