"exclude_index","aucs"
0,0.00292397660818714
1,0.00292397660818714
12,0.00292397660818714
10,0.00292397660818714
75,0.00292397660818714
3,0.00292397660818714
2,0.00292397660818714
