"exclude_index","aucs"
0,0.0128521126760563
60,0.0128521126760563
36,0.0128521126760563
82,0.0128521126760563
6,0.0128521126760563
3,0.0128521126760563
