"exclude_index","aucs"
0,0.77663210878221
47,0.837202313875743
73,0.799733303282999
