"exclude_index","aucs"
0,0.10566783831283
60,0.337653778558875
52,0.537565905096661
45,0.366652021089631
