"exclude_index","aucs"
0,0.171681415929204
5,0.299557522123894
47,0.327212389380531
9,0.344026548672567
71,0.42146017699115
83,0.267256637168142
