"exclude_index","aucs"
0,0.0859649122807018
24,0.37953216374269
76,0.308187134502924
