"exclude_index","aucs"
0,0.156664509867357
16,0.293998705920414
7,0.284778388870916
