"exclude_index","aucs"
0,0.0909796893667861
42,0.190621266427718
39,0.184647550776583
