"exclude_index","aucs"
0,0.110523221634333
90,0.179306290417402
82,0.186067019400353
24,0.170487948265726
