"exclude_index","aucs"
0,0.0188266199649737
40,0.132661996497373
66,0.194833625218914
80,0.228108581436077
59,0.225481611208406
