"exclude_index","aucs"
0,0.0498485613326603
34,0.341872791519435
1,0.320418980312973
