"exclude_index","aucs"
0,0.0496485061511424
78,0.152460456942003
77,0.152460456942003
30,0.152460456942003
2,0.148945518453427
