"exclude_index","aucs"
0,0.685262206148281
40,0.806781193490053
81,0.868083182640144
21,0.952712477396021
30,0.952712477396021
