"exclude_index","aucs"
0,0.656695156695158
18,0.746642246642247
69,0.756071089404423
47,0.758852258852259
3,0.770723104056437
63,0.789445122778456
24,0.778998778998779
