"exclude_index","aucs"
0,0.202276707530648
46,0.268826619964974
84,0.259194395796848
