"exclude_index","aucs"
0,0.00219683655536028
1,0.00219683655536028
2,0.00219683655536028
3,0.00219683655536028
4,0.00219683655536028
38,0.00307557117750439
5,0.00219683655536028
