"exclude_index","aucs"
0,0.00994152046783629
41,0.27719298245614
24,0.270175438596491
