"exclude_index","aucs"
0,0.021015761821366
50,0.211033274956217
20,0.503502626970228
7,0.46584938704028
