"exclude_index","aucs"
0,0.546865715983363
89,0.742201426024956
39,0.722147950089127
