"exclude_index","aucs"
0,0.0980735551663748
81,0.144483362521891
11,0.121716287215412
