"exclude_index","aucs"
0,0.0161504424778761
54,0.0223451327433628
21,0.0247787610619469
31,0.029646017699115
39,0.0298672566371681
2,0.025
