"exclude_index","aucs"
0,0.702737226277372
24,0.794343065693432
35,0.799379562043797
91,0.807846715328468
67,0.802737226277373
