"exclude_index","aucs"
0,0.0512259194395797
1,0.0512259194395797
2,0.0512259194395797
49,0.058231173380035
3,0.0512259194395797
