"exclude_index","aucs"
0,0.998340707964602
59,0.998783185840708
10,0.998340707964602
