"exclude_index","aucs"
0,0.0063380281690141
10,0.0302816901408451
11,0.0320422535211268
54,0.0299295774647888
