"exclude_index","aucs"
0,0.0230994152046783
80,0.0266081871345029
37,0.022514619883041
