"exclude_index","aucs"
0,0.18169014084507
40,0.18169014084507
16,0.18169014084507
22,0.18169014084507
5,0.18169014084507
30,0.18169014084507
25,0.18169014084507
8,0.18169014084507
14,0.18169014084507
60,0.18169014084507
70,0.18169014084507
1,0.18169014084507
2,0.18169014084507
