"exclude_index","aucs"
0,0.00439367311072054
26,0.0114235500878735
54,0.0246045694200351
10,0.0149384885764499
