"exclude_index","aucs"
0,0.780570585341859
29,0.78666994589277
47,0.79749139203148
43,0.807476635514018
88,0.809493359567141
75,0.814313821938023
87,0.800836202656173
