"exclude_index","aucs"
0,0.154761904761905
43,0.156819517930629
59,0.155937683715462
