"exclude_index","aucs"
0,0.53053585500394
41,0.605988967691095
9,0.567572892040977
