"exclude_index","aucs"
0,0.151234567901235
89,0.16710758377425
42,0.186507936507937
70,0.186507936507937
75,0.162110523221634
