"exclude_index","aucs"
0,0.0573555166374781
37,0.23861646234676
92,0.265761821366024
63,0.108143607705779
