"exclude_index","aucs"
0,0.370958259847149
81,0.537037037037037
1,0.500587889476778
