"exclude_index","aucs"
0,0.285420340975897
85,0.538212815990594
22,0.543797766019988
11,0.519694297472075
