"exclude_index","aucs"
0,0.0841030195381883
32,0.178241563055062
16,0.281971580817052
4,0.216785079928952
