"exclude_index","aucs"
0,0.00175746924428821
81,0.0540421792618629
9,0.0325131810193321
