"exclude_index","aucs"
0,0.147577212703263
16,0.171313980137509
86,0.173824075084579
37,0.177862053912474
44,0.176825275564771
