"exclude_index","aucs"
0,0.356388621821437
15,0.36306899181116
9,0.367047375924146
50,0.365770977687895
