"exclude_index","aucs"
0,0.00265017667844522
51,0.00795053003533569
10,0.0107269056032307
25,0.0135032811711257
32,0.0107269056032307
