"exclude_index","aucs"
0,0.442206654991243
35,0.654991243432574
1,0.700525394045534
4,0.697022767075307
