"exclude_index","aucs"
0,0.00380116959064329
1,0.00380116959064329
2,0.00380116959064329
20,0.00438596491228072
3,0.00380116959064329
