"exclude_index","aucs"
0,0.0910683012259195
70,0.132224168126095
27,0.11646234676007
