"exclude_index","aucs"
0,0.000881834215167576
18,0.00852439741328631
90,0.00793650793650796
