"exclude_index","aucs"
0,0.490290806754222
51,0.516604127579738
20,0.514727954971857
