"exclude_index","aucs"
0,0.818878986866792
23,0.909075984990619
89,0.900773921200749
