"exclude_index","aucs"
0,0.0759325044404974
67,0.351420959147424
10,0.43809946714032
89,0.499555950266429
34,0.464564831261101
