"exclude_index","aucs"
0,0.0560420315236427
52,0.0840630472854641
55,0.0805604203152364
