"exclude_index","aucs"
0,0.154970760233918
58,0.32280701754386
86,0.388888888888889
79,0.343859649122807
