"exclude_index","aucs"
0,0.809665792922675
5,0.842365661861074
32,0.840399737876801
