"exclude_index","aucs"
0,0.63259325044405
70,0.856749555950266
38,0.853730017761989
