"exclude_index","aucs"
0,0.0052539404553415
34,0.00525394045534153
8,0.00525394045534153
7,0.00525394045534153
36,0.00525394045534153
20,0.00525394045534153
14,0.00525394045534153
33,0.00525394045534153
74,0.00525394045534153
6,0.00525394045534153
30,0.00525394045534153
24,0.00525394045534153
61,0.00525394045534153
15,0.00525394045534153
1,0.0052539404553415
