"exclude_index","aucs"
0,0.0216374269005848
91,0.0286549707602339
51,0.206432748538012
84,0.0181286549707603
