"exclude_index","aucs"
0,0.00263620386643233
1,0.00263620386643233
16,0.00395430579964852
2,0.00263620386643233
