"exclude_index","aucs"
0,0.00643274853801172
56,0.0116959064327485
31,0.0152046783625731
35,0.0736842105263158
16,0.0134502923976609
