"exclude_index","aucs"
0,0.777016993895397
64,0.903893746906452
45,0.835175713578617
