"exclude_index","aucs"
0,0.307328605200946
14,0.477541371158393
37,0.387706855791962
