"exclude_index","aucs"
0,0.00350877192982457
31,0.012280701754386
88,0.0140350877192983
66,0.0175438596491228
29,0.012280701754386
