"exclude_index","aucs"
0,0.67879746835443
59,0.952757685352621
18,0.876265822784809
