"exclude_index","aucs"
0,0.0362573099415205
55,0.318713450292398
47,0.0497076023391813
