"exclude_index","aucs"
0,0.0036743092298648
4,0.00367430922986483
1,0.00367430922986483
8,0.00367430922986483
11,0.00367430922986483
41,0.00396825396825401
12,0.00896531452087011
15,0.00367430922986483
