"exclude_index","aucs"
0,0.0045774647887324
37,0.00457746478873241
41,0.00457746478873242
1,0.00457746478873242
45,0.00457746478873242
14,0.00457746478873242
26,0.00457746478873242
24,0.00457746478873242
70,0.00457746478873242
9,0.00457746478873242
16,0.00457746478873241
