"exclude_index","aucs"
0,0.0729129662522203
1,0.210746003552398
5,0.147690941385435
