"exclude_index","aucs"
0,0.379240566599215
84,0.623378169265564
23,0.506963456731341
