"exclude_index","aucs"
0,0.455026455026455
12,0.595238095238096
75,0.562610229276896
