"exclude_index","aucs"
0,0.119964973730298
87,0.206654991243433
53,0.208406304728546
20,0.183012259194396
