"exclude_index","aucs"
0,0.0236427320490368
72,0.243432574430823
66,0.371278458844133
71,0.113835376532399
