"exclude_index","aucs"
0,0.665329768270945
60,0.814319667260843
34,0.769310754604872
