"exclude_index","aucs"
0,0.788404570461278
20,0.870926787981378
13,0.906686415573423
86,0.879179009733388
