"exclude_index","aucs"
0,0.0862521891418564
71,0.139667250437828
73,0.157180385288967
9,0.175569176882662
28,0.121278458844133
