"exclude_index","aucs"
0,0.000587889476778366
26,0.00117577895355674
65,0.0017636684303351
11,0.00117577895355674
