"exclude_index","aucs"
0,0.661786976274609
59,0.663553760726905
91,0.696617869762745
57,0.693336698637051
