"exclude_index","aucs"
0,0.792278501897376
3,0.858274212176207
30,0.861821481603695
27,0.856624319419237
