"exclude_index","aucs"
0,0.680379746835443
91,0.902260397830018
25,0.952712477396021
10,0.952712477396021
46,0.952712477396021
