"exclude_index","aucs"
0,0.558875219683655
41,0.725395430579965
54,0.740333919156415
16,0.60896309314587
