"exclude_index","aucs"
0,0.87453531598513
89,0.916171003717474
44,0.915002655337228
