"exclude_index","aucs"
0,0.29538188277087
19,0.545115452930728
70,0.379218472468916
