"exclude_index","aucs"
0,0.00439367311072053
8,0.0140597539543058
29,0.0175746924428822
49,0.0184534270650264
57,0.0149384885764499
