"exclude_index","aucs"
0,0.638666072489601
55,0.798351158645276
37,0.767156862745098
