"exclude_index","aucs"
0,0.00785398230088493
75,0.00896017699115045
32,0.0149336283185841
10,0.00918141592920357
