"exclude_index","aucs"
0,0.00440140845070425
54,0.00545774647887325
49,0.00545774647887325
1,0.00440140845070425
