"exclude_index","aucs"
0,0.749478143418468
29,0.815170677799607
33,0.823244106090372
61,0.802093565815325
