"exclude_index","aucs"
0,0.730334538878842
51,0.952757685352621
56,0.952757685352622
82,0.807368896925859
