"exclude_index","aucs"
0,0.556537102473498
10,0.573447753659768
36,0.610550227158001
52,0.623170116102978
63,0.609540636042403
