"exclude_index","aucs"
0,0.0388888888888889
1,0.0388888888888889
43,0.041812865497076
2,0.0388888888888889
