"exclude_index","aucs"
0,0.00395430579964849
62,0.00483304042179263
15,0.00483304042179263
90,0.00483304042179263
1,0.00395430579964849
