"exclude_index","aucs"
0,0.0973684210526315
50,0.365204678362573
76,0.289181286549708
