"exclude_index","aucs"
0,0.926322043969102
26,0.989453357100416
87,0.979946524064171
