"exclude_index","aucs"
0,0.063922942206655
5,0.350262697022767
41,0.395796847635727
9,0.168126094570928
