"exclude_index","aucs"
0,0.0753064798598949
4,0.0884413309982487
86,0.119089316987741
90,0.267950963222417
74,0.110332749562172
