"exclude_index","aucs"
0,0.00116959064327486
75,0.0210526315789474
70,0.0333333333333333
69,0.0222222222222222
