"exclude_index","aucs"
0,0.73339212228101
84,0.857436801881248
76,0.893592004703116
45,0.938271604938272
23,0.860376249265138
