"exclude_index","aucs"
0,0.0255530973451327
4,0.236615044247788
49,0.085287610619469
