"exclude_index","aucs"
0,0.157748611812216
23,0.159010600706714
55,0.159010600706714
28,0.161786976274609
29,0.159010600706714
