"exclude_index","aucs"
0,0.438204225352113
31,0.470950704225352
72,0.474471830985915
48,0.499119718309859
75,0.495246478873239
