"exclude_index","aucs"
0,0.00527240773286464
1,0.00527240773286464
3,0.00527240773286464
4,0.00527240773286464
2,0.00527240773286464
5,0.00527240773286464
6,0.00527240773286464
89,0.0123022847100176
7,0.00527240773286464
