"exclude_index","aucs"
0,0.474132863021752
62,0.571428571428572
19,0.626984126984127
57,0.578777189888301
