"exclude_index","aucs"
0,0.66317324650658
75,0.751628001628001
79,0.678910595577263
