"exclude_index","aucs"
0,0.00411522633744856
66,0.00529100529100529
71,0.00499706055261614
