"exclude_index","aucs"
0,0.0130281690140845
34,0.0161971830985915
2,0.0161971830985915
29,0.0186619718309859
21,0.0200704225352113
54,0.0176056338028169
