"exclude_index","aucs"
0,0.00724956063268889
1,0.0112038664323374
2,0.00724956063268889
