"exclude_index","aucs"
0,0.004093567251462
1,0.004093567251462
2,0.004093567251462
3,0.004093567251462
4,0.004093567251462
5,0.004093567251462
6,0.004093567251462
7,0.004093567251462
8,0.004093567251462
9,0.004093567251462
10,0.004093567251462
11,0.004093567251462
12,0.004093567251462
13,0.004093567251462
29,0.00467836257309943
14,0.004093567251462
