"exclude_index","aucs"
0,0.062610229276896
17,0.392416225749559
77,0.455320399764844
67,0.512933568489124
51,0.391534391534391
