"exclude_index","aucs"
0,0.00175438596491229
1,0.00175438596491229
2,0.00175438596491229
67,0.004093567251462
75,0.00292397660818714
