"exclude_index","aucs"
0,0.00352112676056338
20,0.00880281690140848
80,0.00563380281690141
