"exclude_index","aucs"
0,0.232804232804233
1,0.403292181069959
65,0.423574368018813
75,0.5
63,0.504703115814227
89,0.566431510875956
13,0.597589653145209
49,0.463550852439741
