"exclude_index","aucs"
0,0.719439421338155
40,0.952712477396021
83,0.952712477396021
51,0.86003616636528
