"exclude_index","aucs"
0,0.408960176991151
15,0.744800884955752
2,0.734845132743363
