"exclude_index","aucs"
0,0.313157894736842
13,0.388011695906433
4,0.326608187134503
