"exclude_index","aucs"
0,0.531452087007643
51,0.577013521457966
84,0.00587889476778369
