"exclude_index","aucs"
0,0.0598591549295775
24,0.196478873239437
74,0.196478873239437
58,0.196478873239437
62,0.203521126760563
14,0.197535211267606
