"exclude_index","aucs"
0,0.00262697022767075
1,0.00262697022767075
76,0.0113835376532399
2,0.00262697022767075
