"exclude_index","aucs"
0,0.00264084507042255
66,0.0181338028169014
1,0.0234154929577465
72,0.0181338028169014
