"exclude_index","aucs"
0,0.0779334500875657
26,0.135726795096322
7,0.123467600700525
