"exclude_index","aucs"
0,0.0152046783625731
66,0.416959064327486
57,0.411695906432749
