"exclude_index","aucs"
0,0.446198830409357
24,0.606432748538012
53,0.530409356725146
