"exclude_index","aucs"
0,0.0142794376098418
55,0.0147188049209139
22,0.0248242530755712
46,0.0147188049209139
