"exclude_index","aucs"
0,0.369638588102939
77,0.425397271832372
47,0.428350442975671
33,0.420264379130924
