"exclude_index","aucs"
0,0.70044404973357
59,0.886234458259325
21,0.870071047957371
