"exclude_index","aucs"
0,0.753025064822818
79,0.81813598386632
47,0.90888792855085
7,0.908935945452799
27,0.804403149908768
