"exclude_index","aucs"
0,0.109457092819615
33,0.393169877408056
50,0.107705779334501
