"exclude_index","aucs"
0,0.000437828371278454
1,0.00218914185639227
6,0.00218914185639227
28,0.00218914185639227
2,0.00218914185639227
5,0.00218914185639227
3,0.00218914185639227
4,0.00218914185639227
7,0.00218914185639227
8,0.00218914185639227
10,0.00218914185639227
11,0.00218914185639227
9,0.00218914185639227
57,0.00394045534150611
69,0.00394045534150611
12,0.00218914185639227
