"exclude_index","aucs"
0,0.629827688651218
19,0.79486036838978
7,0.788621509209745
