"exclude_index","aucs"
0,0.074561403508772
1,0.479824561403509
39,0.579239766081871
38,0.476900584795322
