"exclude_index","aucs"
0,0.0839788732394366
1,0.0839788732394366
2,0.0839788732394366
5,0.0839788732394366
48,0.084330985915493
3,0.0839788732394366
