"exclude_index","aucs"
0,0.163286302175191
22,0.176513815402704
40,0.172104644326867
