"exclude_index","aucs"
0,0.182042253521127
5,0.182042253521127
1,0.182042253521127
15,0.182042253521127
6,0.182042253521127
56,0.182042253521127
72,0.182042253521127
92,0.182042253521127
2,0.182042253521127
