"exclude_index","aucs"
0,0.991507602717567
65,0.992963442251698
41,0.992801682303462
