"exclude_index","aucs"
0,0.241769547325103
29,0.361111111111111
76,0.440182245737801
46,0.439006466784244
