"exclude_index","aucs"
0,0.000875656742556907
1,0.000875656742556907
2,0.000875656742556907
3,0.000875656742556907
4,0.000875656742556907
5,0.000875656742556907
6,0.000875656742556907
7,0.000875656742556907
8,0.000875656742556907
9,0.000875656742556907
10,0.000875656742556907
11,0.000875656742556907
52,0.00262697022767072
12,0.000875656742556907
