"exclude_index","aucs"
0,0.12997287522604
45,0.147603978300181
34,0.143083182640145
