"exclude_index","aucs"
0,0.000528169014084512
19,0.00158450704225354
1,0.00158450704225354
16,0.00158450704225354
10,0.00475352112676061
12,0.00158450704225354
