"exclude_index","aucs"
0,0.106866197183099
89,0.246302816901408
29,0.227992957746479
