"exclude_index","aucs"
0,0.4430823117338
34,0.661120840630473
36,0.548161120840631
