"exclude_index","aucs"
0,0.0107269056032307
1,0.0470721857647653
73,0.229808177688036
6,0.0324331145885916
