"exclude_index","aucs"
0,0.00526315789473686
5,0.00584795321637429
18,0.00584795321637429
2,0.00584795321637429
16,0.00584795321637429
44,0.00584795321637429
3,0.00584795321637429
1,0.00584795321637429
31,0.00584795321637429
89,0.00643274853801172
4,0.00584795321637429
