"exclude_index","aucs"
0,0.260544815465729
44,0.98286467486819
52,0.954305799648506
