"exclude_index","aucs"
0,0.687196417729204
34,0.771744080145719
17,0.761953551912568
