"exclude_index","aucs"
0,0.00706713780918728
4,0.00858152448258455
39,0.00933871781928319
33,0.00858152448258455
