"exclude_index","aucs"
0,0.063047285464098
38,0.141856392294221
70,0.165499124343257
44,0.133099824868651
