"exclude_index","aucs"
0,0.00380116959064329
1,0.00380116959064329
2,0.00380116959064329
3,0.00380116959064329
4,0.00380116959064329
5,0.00380116959064329
6,0.00380116959064329
7,0.00380116959064329
8,0.00380116959064329
9,0.00380116959064329
10,0.00380116959064329
11,0.00380116959064329
12,0.00380116959064329
13,0.00380116959064329
14,0.00380116959064329
15,0.00380116959064329
16,0.00380116959064329
17,0.00380116959064329
62,0.00555555555555557
18,0.00380116959064329
