"exclude_index","aucs"
0,0.0700525394045534
69,0.137478108581436
1,0.124343257443082
