"exclude_index","aucs"
0,0.169590643274854
51,0.328070175438597
60,0.355555555555556
52,0.319883040935673
