"exclude_index","aucs"
0,0.000877192982456143
3,0.00438596491228072
1,0.00438596491228072
2,0.00438596491228072
5,0.00438596491228072
7,0.00438596491228072
10,0.00438596491228072
6,0.00438596491228072
55,0.00672514619883043
8,0.00438596491228072
