"exclude_index","aucs"
0,0.701311039331178
13,1
29,1
62,1
40,1
69,1
66,1
84,1
24,0.910507315219457
