"exclude_index","aucs"
0,0.185672514619883
5,0.390350877192982
80,0.327777777777778
