"exclude_index","aucs"
0,0.00553097345132744
42,0.0196902654867257
61,0.0143805309734513
