"exclude_index","aucs"
0,0.00201918223119637
13,0.0022715800100959
52,0.00782433114588589
18,0.0179202423018678
87,0.00302877334679455
