"exclude_index","aucs"
0,0.597197898423818
58,0.722416812609457
8,0.718038528896673
