"exclude_index","aucs"
0,0.00263620386643233
1,0.00263620386643233
2,0.00263620386643233
3,0.00263620386643233
61,0.00395430579964852
4,0.00263620386643233
