"exclude_index","aucs"
0,0.00792253521126761
1,0.00792253521126761
79,0.00933098591549296
2,0.00792253521126761
