"exclude_index","aucs"
0,0.762674559805707
49,0.854052823315119
84,0.83416818457802
