"exclude_index","aucs"
0,0.0111111111111111
50,0.0157894736842105
16,0.0116959064327486
