"exclude_index","aucs"
0,0.723624432104998
15,0.814992428066633
19,0.789752650176678
