"exclude_index","aucs"
0,0.000437828371278454
6,0.00131348511383536
60,0.00131348511383536
57,0.00131348511383536
1,0.000437828371278454
