"exclude_index","aucs"
0,0.908868613138686
22,0.917627737226277
78,0.915437956204379
