"exclude_index","aucs"
0,0.0612959719789842
10,0.125218914185639
58,0.130472854640981
39,0.115586690017513
