"exclude_index","aucs"
0,0.00373462214411246
2,0.00417398945518452
9,0.00417398945518452
36,0.00417398945518452
43,0.00417398945518452
4,0.00417398945518452
75,0.00461335676625657
7,0.00417398945518452
