"exclude_index","aucs"
0,0.417477876106195
42,0.516592920353982
18,0.539380530973452
73,0.487389380530974
