"exclude_index","aucs"
0,0.705150976909414
63,0.928241563055062
12,0.940674955595027
19,0.945293072824156
71,0.948490230905861
70,0.942451154529307
