"exclude_index","aucs"
0,0.000437828371278454
2,0.00131348511383536
29,0.00131348511383536
14,0.00131348511383536
65,0.00131348511383536
35,0.00131348511383536
47,0.00131348511383536
33,0.00131348511383536
1,0.000437828371278454
