"exclude_index","aucs"
0,0.753752612578377
65,0.857495724871746
36,1
53,0.821014630438913
