"exclude_index","aucs"
0,0.015669014084507
81,0.0223591549295775
11,0.0290492957746479
56,0.0339788732394366
80,0.0195422535211268
