"exclude_index","aucs"
0,0.00672514619883043
13,0.00730994152046786
59,0.00847953216374272
6,0.00730994152046786
