"exclude_index","aucs"
0,0.0276801405975395
1,0.0276801405975395
2,0.0276801405975395
3,0.0276801405975395
44,0.0281195079086116
4,0.0276801405975395
