"exclude_index","aucs"
0,0.89240991566573
75,0.974571939688219
4,0.957449527216969
