"exclude_index","aucs"
0,0.893192190669372
45,0.893826064908722
49,0.912398580121705
31,0.916835699797161
66,0.905299188640975
