"exclude_index","aucs"
0,0.979872251931075
54,0.982843137254902
83,0.982991681521093
37,0.982397504456328
