"exclude_index","aucs"
0,0.130614657210402
50,0.292947202521671
39,0.192277383766745
