"exclude_index","aucs"
0,0.327442273534636
50,0.42797513321492
26,0.43259325044405
63,0.436323268206039
19,0.523179396092362
42,0.395470692717584
