"exclude_index","aucs"
0,0.00285588752196837
17,0.00505272407732867
36,0.00505272407732867
1,0.00285588752196837
