"exclude_index","aucs"
0,0.0021891418563923
25,0.0030647985989492
2,0.0030647985989492
38,0.0030647985989492
32,0.0030647985989492
7,0.0030647985989492
39,0.0030647985989492
74,0.0030647985989492
40,0.0030647985989492
13,0.0030647985989492
3,0.0030647985989492
1,0.0021891418563923
