"exclude_index","aucs"
0,0.606923325784536
88,0.838725331607894
33,0.839695891297315
19,0.796020705273374
