"exclude_index","aucs"
0,0.838277087033748
76,0.847158081705151
61,0.867761989342806
55,0.834724689165186
