"exclude_index","aucs"
0,0.288304093567251
47,0.683625730994152
73,0.680116959064327
