"exclude_index","aucs"
0,0.292031523642732
46,0.240367775831874
