"exclude_index","aucs"
0,0.360526315789474
14,0.398538011695907
51,0.427192982456141
4,0.465204678362573
42,0.530701754385965
12,0.490350877192982
