"exclude_index","aucs"
0,0.722784810126582
46,0.952802893309222
67,0.952802893309222
