"exclude_index","aucs"
0,0.387302284710018
84,0.683875219683655
39,0.676845342706502
