"exclude_index","aucs"
0,0.0426991150442478
91,0.0488938053097345
49,0.054646017699115
45,0.0446902654867257
