"exclude_index","aucs"
0,0.00292397660818714
1,0.0251461988304093
11,0.0116959064327486
