"exclude_index","aucs"
0,0.0532163742690058
45,0.154970760233918
56,0.255555555555556
5,0.251461988304093
