"exclude_index","aucs"
0,0.860971025123786
16,0.897969007885568
58,0.979254538785989
30,0.978933614524115
