"exclude_index","aucs"
0,0.248022847100176
20,0.487917398945518
6,0.453207381370826
