"exclude_index","aucs"
0,0.016374269005848
79,0.115204678362573
37,0.159649122807018
83,0.126900584795322
