"exclude_index","aucs"
0,0.0832149200710479
91,0.204884547069272
38,0.250355239786856
12,0.157104795737123
