"exclude_index","aucs"
0,0.87745740498034
23,0.89056356487549
39,0.886041939711663
