"exclude_index","aucs"
0,0.00829646017699115
6,0.00940265486725666
81,0.00940265486725665
