"exclude_index","aucs"
0,0.0114035087719298
31,0.0184210526315789
1,0.0114035087719298
