"exclude_index","aucs"
0,0.0030755711775044
44,0.0263620386643234
73,0.0333919156414763
61,0.0303163444639719
