"exclude_index","aucs"
0,0.805560138590991
44,0.853572017818841
85,0.93276687015344
34,0.966589671671341
2,0.926579772314799
