"exclude_index","aucs"
0,0.0105263157894737
60,0.203508771929825
74,0.203508771929825
76,0.226315789473684
36,0.205263157894737
