"exclude_index","aucs"
0,0.183098591549296
32,0.183098591549296
70,0.183098591549296
39,0.183802816901408
45,0.183802816901408
