"exclude_index","aucs"
0,0.359065934065934
2,0.517582417582418
41,0.417994505494506
