"exclude_index","aucs"
0,0.150877192982456
23,0.186549707602339
63,0.289473684210526
66,0.221052631578947
