"exclude_index","aucs"
0,0.00426219870664316
63,0.0204291593180482
71,0.0160199882422105
