"exclude_index","aucs"
0,0.00293944738389183
2,0.00823045267489717
1,0.00823045267489717
3,0.00823045267489717
4,0.00823045267489717
5,0.00823045267489717
8,0.00823045267489717
9,0.00823045267489717
6,0.00823045267489717
7,0.00823045267489717
10,0.00823045267489717
11,0.00823045267489717
13,0.00823045267489717
12,0.00823045267489717
14,0.00823045267489717
15,0.00823045267489717
17,0.00823045267489717
16,0.00823045267489717
18,0.00823045267489717
54,0.011169900058789
19,0.00823045267489717
