"exclude_index","aucs"
0,0.767676767676767
80,0.937314319667261
30,0.897207367795603
