"exclude_index","aucs"
0,0.648098633392751
54,0.773469994058229
80,0.810606060606061
55,0.811942959001783
1,0.740196078431373
