"exclude_index","aucs"
0,0.0107644991212654
8,0.0125219683655536
51,0.0129613356766257
14,0.0129613356766257
13,0.0129613356766257
83,0.0116432337434095
