"exclude_index","aucs"
0,0.445738137082601
13,0.74670474516696
10,0.621924428822495
