"exclude_index","aucs"
0,0.00467836257309943
6,0.00584795321637429
29,0.00467836257309943
