"exclude_index","aucs"
0,0.00526315789473686
77,0.0157894736842105
57,0.0210526315789474
61,0.0192982456140351
