"exclude_index","aucs"
0,0.0504307783719548
52,0.270870469399881
42,0.35479797979798
90,0.282605466428996
