"exclude_index","aucs"
0,0.80195051608986
2,0.830563145112326
49,0.822062841530055
