"exclude_index","aucs"
0,0.021015761821366
26,0.202276707530648
73,0.165499124343257
