"exclude_index","aucs"
0,0.0402802101576182
70,0.0893169877408056
16,0.126970227670753
44,0.11646234676007
