"exclude_index","aucs"
0,0.981951871657754
86,0.983585858585859
29,0.982843137254902
