"exclude_index","aucs"
0,0.490787481070167
13,0.571554770318021
44,0.525618374558304
