"exclude_index","aucs"
0,0.898724732058067
17,0.903337403337404
61,0.909578076244743
33,0.906457739791073
