"exclude_index","aucs"
0,0.414762741652021
35,0.599736379613357
84,0.603690685413005
26,0.617750439367311
89,0.615553602811951
