"exclude_index","aucs"
0,0.00263620386643233
13,0.0351493848857645
89,0.046572934973638
72,0.0386643233743409
