"exclude_index","aucs"
0,0.878490790255496
76,0.94726678550208
90,0.944890077243018
