"exclude_index","aucs"
0,0.00630994447248864
64,0.00807672892478545
66,0.0151438667339727
58,0.0118626956082787
