"exclude_index","aucs"
0,0.00796460176991152
44,0.0280973451327434
82,0.0245575221238938
