"exclude_index","aucs"
0,0.884409340659341
87,0.961607142857143
65,0.966277472527473
33,0.976167582417582
90,0.942925824175824
