"exclude_index","aucs"
0,0.00131810193321616
14,0.00219683655536027
1,0.00131810193321616
