"exclude_index","aucs"
0,0.00262697022767075
48,0.00437828371278462
1,0.00262697022767075
