"exclude_index","aucs"
0,0.0516637478108581
14,0.146234676007005
3,0.145359019264448
