"exclude_index","aucs"
0,0.480373001776199
51,0.587477797513322
53,0.0485790408525755
