"exclude_index","aucs"
0,0.0315140845070423
39,0.137852112676056
47,0.150528169014085
73,0.116725352112676
