"exclude_index","aucs"
0,0.0057117750439367
27,0.015377855887522
48,0.0109841827768014
