"exclude_index","aucs"
0,0.535176991150443
40,0.756637168141593
70,0.773893805309735
87,0.746238938053097
