"exclude_index","aucs"
0,0.370958259847149
83,0.738095238095238
54,0.741916519694298
86,0.810111699000588
66,0.846560846560847
13,0.745737801293357
