"exclude_index","aucs"
0,0.234923825645366
82,0.254602200592467
1,0.247302158273381
