"exclude_index","aucs"
0,0.140929203539823
40,0.285398230088496
22,0.323008849557522
57,0.378761061946903
77,0.31283185840708
