"exclude_index","aucs"
0,0.217836257309941
46,0.357017543859649
78,0.354093567251462
