"exclude_index","aucs"
0,0.00746924428822497
1,0.00746924428822497
2,0.00746924428822497
3,0.00746924428822497
4,0.00746924428822497
6,0.00790861159929702
37,0.00966608084358525
5,0.00746924428822497
