"exclude_index","aucs"
0,0.0442277383766745
31,0.373029944838456
77,0.381107171000788
81,0.377955082742317
