"exclude_index","aucs"
0,0.779520795660037
79,0.888833634719711
68,0.895343580470163
58,0.838291139240505
