"exclude_index","aucs"
0,0.740941385435168
77,0.871492007104796
71,0.831527531083481
