"exclude_index","aucs"
0,0.206954294720252
49,0.443557919621749
5,0.32456658786446
