"exclude_index","aucs"
0,0.00617283950617288
11,0.00646678424456207
16,0.00646678424456207
42,0.00646678424456207
55,0.00646678424456207
33,0.00646678424456207
24,0.00646678424456207
50,0.00646678424456207
18,0.00646678424456207
65,0.00646678424456207
83,0.00705467372134041
53,0.0070546737213404
