"exclude_index","aucs"
0,0.00630994447248864
50,0.00681474003028774
4,0.0116102978293791
10,0.00656234225138819
