"exclude_index","aucs"
0,0.132456140350877
1,0.132456140350877
2,0.132456140350877
3,0.132456140350877
4,0.132456140350877
5,0.132456140350877
6,0.132456140350877
46,0.134210526315789
7,0.132456140350877
