"exclude_index","aucs"
0,0.803654326865849
89,0.829127484823235
29,0.83454350672539
44,0.825854064992262
