"exclude_index","aucs"
0,0.112280701754386
27,0.401754385964912
65,0.349122807017544
