"exclude_index","aucs"
0,0.637551990493167
46,0.751485442661913
77,0.708407605466429
