"exclude_index","aucs"
0,0.487302977232925
65,0.548598949211909
10,0.590630472854641
35,0.54246935201401
