"exclude_index","aucs"
0,0.0966549295774648
63,0.530457746478873
74,0.313908450704225
