"exclude_index","aucs"
0,0.0532163742690059
66,0.290058479532163
54,0.232163742690059
