"exclude_index","aucs"
0,0.00439367311072054
26,0.0162565905096661
40,0.0109841827768014
