"exclude_index","aucs"
0,0.010435038212816
1,0.010435038212816
44,0.0113168724279835
2,0.010435038212816
