"exclude_index","aucs"
0,0.00350877192982457
1,0.00350877192982457
2,0.00350877192982457
44,0.00877192982456143
3,0.00350877192982457
