"exclude_index","aucs"
0,0.633169934640523
84,0.731654783125372
35,0.736705288175877
86,0.766117052881759
17,0.783793820558526
78,0.798054070112894
5,0.799390968508615
27,0.785873440285205
