"exclude_index","aucs"
0,0.00409292035398229
57,0.0125
33,0.0107300884955752
