"exclude_index","aucs"
0,0.779632505175984
90,0.849594547964113
21,0.916278467908904
16,0.876854727398206
