"exclude_index","aucs"
0,0.0146392753154319
58,0.07368165642187
92,0.214898091232611
40,0.0393885473956648
