"exclude_index","aucs"
0,0.0502923976608187
20,0.242105263157895
27,0.228654970760234
