"exclude_index","aucs"
0,0.840346387334842
87,0.84415545768361
18,0.848738245446971
59,0.858915605285085
80,0.848976312343769
