"exclude_index","aucs"
0,0.0232394366197183
44,0.0278169014084507
49,0.027112676056338
