"exclude_index","aucs"
0,0.101154529307282
70,0.205772646536412
32,0.16190053285968
