"exclude_index","aucs"
0,0.00285588752196837
6,0.00505272407732867
58,0.00505272407732867
56,0.00329525483304043
