"exclude_index","aucs"
0,0.766661274668392
39,0.793998705920414
68,0.834276933031381
78,0.798204464574572
