"exclude_index","aucs"
0,0.918715626011
90,0.958993853121967
49,0.966111290844387
42,0.957052733743125
