"exclude_index","aucs"
0,0.0858143607705779
64,0.119089316987741
83,0.125218914185639
78,0.136602451838879
23,0.172504378283713
52,0.157618213660245
