"exclude_index","aucs"
0,0.703591107733232
30,1
59,1
73,0.866045981379441
