"exclude_index","aucs"
0,0.447879858657244
83,0.587203432609793
72,0.581903079252902
