"exclude_index","aucs"
0,0.800568181818183
59,0.898632154882153
27,0.909196127946127
31,0.842066498316497
