"exclude_index","aucs"
0,0.267355008787346
68,0.404437609841828
88,0.391256590509666
