"exclude_index","aucs"
0,0.119194591416814
18,0.235008818342152
37,0.234714873603762
