"exclude_index","aucs"
0,0.701311039331179
87,1
31,1
18,1
40,0.828994869846095
