"exclude_index","aucs"
0,0.45321109633289
86,0.586880106403192
58,0.637801634049022
92,0.607115713471404
