"exclude_index","aucs"
0,0.00116959064327486
50,0.0210526315789474
65,0.0695906432748538
11,0.0257309941520468
