"exclude_index","aucs"
0,0.127408056042032
39,0.299912434325744
1,0.275394045534151
