"exclude_index","aucs"
0,0.727410398788491
27,0.825340737001514
53,0.864967188288742
7,0.860928823826349
