"exclude_index","aucs"
0,0.155496766607878
63,0.166372721928277
52,0.172251616696061
73,0.174015285126396
12,0.171075837742504
