"exclude_index","aucs"
0,0.0114235500878735
1,0.0114235500878735
13,0.0136203866432338
5,0.0123022847100176
