"exclude_index","aucs"
0,0.694273697832416
77,0.836137172436105
58,0.790844386929796
