"exclude_index","aucs"
0,0.00527240773286466
69,0.0166959578207381
51,0.00527240773286469
