"exclude_index","aucs"
0,0.726492408557628
52,0.827424085576261
72,0.91023982056591
68,0.823283298826779
