"exclude_index","aucs"
0,0.875796903460838
68,0.911012446873103
75,0.911088342440801
39,0.912909836065575
25,0.908887370977536
