"exclude_index","aucs"
0,0.0910683012259194
46,0.136602451838879
64,0.12784588441331
