"exclude_index","aucs"
0,0.00394045534150611
1,0.00394045534150611
2,0.00394045534150611
3,0.00394045534150611
4,0.00394045534150611
5,0.00394045534150611
6,0.00394045534150611
7,0.00394045534150611
92,0.00481611208406307
8,0.00394045534150611
