"exclude_index","aucs"
0,0.00630994447248865
34,0.00681474003028774
48,0.00681474003028774
