"exclude_index","aucs"
0,0.0696147110332749
35,0.137915936952715
38,0.169439579684764
67,0.124781085814361
