"exclude_index","aucs"
0,0.0485008818342152
3,0.0887713109935332
64,0.104056437389771
77,0.0937683715461493
