"exclude_index","aucs"
0,0.251056338028169
42,0.427816901408451
57,0.438380281690141
89,0.402464788732394
