"exclude_index","aucs"
0,0.0105263157894737
78,0.0134502923976608
18,0.0128654970760234
