"exclude_index","aucs"
0,0.039766081871345
55,0.0409356725146199
5,0.0409356725146199
10,0.0409356725146199
14,0.0409356725146199
1,0.039766081871345
