"exclude_index","aucs"
0,0.158296460176991
84,0.318473451327434
6,0.259181415929204
