"exclude_index","aucs"
0,0.00812829525483305
91,0.0151581722319859
60,0.0116432337434095
