"exclude_index","aucs"
0,0.0045774647887324
29,0.00457746478873242
55,0.00457746478873241
