"exclude_index","aucs"
0,0.00263157894736843
17,0.00438596491228072
32,0.006140350877193
65,0.00730994152046784
90,0.00497076023391814
