"exclude_index","aucs"
0,0.249115044247788
19,0.52853982300885
50,0.55353982300885
52,0.534734513274336
