"exclude_index","aucs"
0,0.00292397660818714
1,0.00292397660818714
8,0.00350877192982457
6,0.00350877192982457
13,0.00350877192982457
30,0.00350877192982457
2,0.00292397660818714
