"exclude_index","aucs"
0,0.270462633451957
29,0.414105467486251
7,0.391459074733096
