"exclude_index","aucs"
0,0.0052816901408451
39,0.0063380281690141
12,0.0063380281690141
1,0.00739436619718312
30,0.0063380281690141
