"exclude_index","aucs"
0,0.0811458859162039
5,0.256057546693589
25,0.268677435638566
77,0.269939424533064
88,0.304013124684503
65,0.27246340232206
