"exclude_index","aucs"
0,0.000587889476778375
1,0.000587889476778375
66,0.00235155790711347
46,0.00411522633744856
2,0.000587889476778375
