"exclude_index","aucs"
0,0.859236140499363
81,0.930226407109606
30,0.930543800253913
50,0.960907744392721
71,0.948423614049936
