"exclude_index","aucs"
0,0.0578947368421053
57,0.26374269005848
41,0.146198830409357
