"exclude_index","aucs"
0,0.447934973637961
12,0.509446397188049
23,0.54591388400703
11,0.56085237258348
39,0.535808435852373
