"exclude_index","aucs"
0,0.651663695781343
82,0.807932263814617
30,0.730392156862745
