"exclude_index","aucs"
0,0.0365497076023392
24,0.16812865497076
50,0.169883040935672
87,0.182163742690058
18,0.102046783625731
