"exclude_index","aucs"
0,0.082786471479051
82,0.332155477031802
76,0.498990408884402
87,0.33897021706209
