"exclude_index","aucs"
0,0.248830409356725
30,0.464035087719298
31,0.594444444444445
89,0.484502923976608
