"exclude_index","aucs"
0,0.0028169014084507
5,0.00281690140845071
1,0.00281690140845071
3,0.00281690140845071
17,0.00281690140845071
2,0.00281690140845071
16,0.00281690140845071
6,0.00281690140845071
46,0.00281690140845071
34,0.00281690140845071
21,0.00281690140845071
53,0.00281690140845071
9,0.00281690140845071
28,0.00281690140845071
12,0.00281690140845071
18,0.00281690140845071
39,0.00281690140845071
4,0.0028169014084507
