"exclude_index","aucs"
0,0.701881056431692
8,0.866045981379441
67,1
16,0.924187725631769
