"exclude_index","aucs"
0,0.00382128159905939
67,0.0073486184597296
57,0.00411522633744858
