"exclude_index","aucs"
0,0
3,0.00527240773286464
1,0.00527240773286464
4,0.00527240773286464
5,0.00527240773286464
2,0.00527240773286464
6,0.00527240773286464
8,0.00527240773286464
9,0.00527240773286464
10,0.00527240773286464
7,0.00527240773286464
11,0.00527240773286464
16,0.00527240773286464
12,0.00527240773286464
13,0.00527240773286464
36,0.00702987697715285
14,0.00527240773286464
