"exclude_index","aucs"
0,0.685397830018083
53,0.952848101265822
80,0.952848101265822
5,0.822830018083182
