"exclude_index","aucs"
0,0.80669014084507
52,0.821478873239437
78,0.81830985915493
