"exclude_index","aucs"
0,0.155847953216374
71,0.22719298245614
55,0.171637426900585
