"exclude_index","aucs"
0,0.0472854640980735
2,0.0928196147110333
78,0.0858143607705779
