"exclude_index","aucs"
0,0.0421052631578948
1,0.0421052631578948
18,0.0444444444444444
19,0.0444444444444444
52,0.0444444444444444
38,0.0444444444444444
2,0.0421052631578948
