"exclude_index","aucs"
0,0.00109841827768013
63,0.0169156414762742
59,0.0116432337434095
