"exclude_index","aucs"
0,0.00439367311072054
34,0.00615114235500878
1,0.00439367311072054
