"exclude_index","aucs"
0,0.00285588752196836
71,0.00373462214411246
3,0.00461335676625657
62,0.00988576449912125
1,0.00285588752196836
