"exclude_index","aucs"
0,0.0307557117750439
46,0.0333919156414763
83,0.031195079086116
