"exclude_index","aucs"
0,0.0154929577464789
25,0.147183098591549
20,0.286267605633803
57,0.145422535211268
