"exclude_index","aucs"
0,0.418126094570928
1,0.630035026269702
7,0.480297723292469
