"exclude_index","aucs"
0,0.0134615384615385
66,0.039010989010989
75,0.0343406593406593
