"exclude_index","aucs"
0,0.56293125479172
64,0.755877843087146
40,0.686110401226681
