"exclude_index","aucs"
0,0.70131103933118
44,0.852935588067642
3,1
26,1
34,1
43,1
37,1
64,0.853505605168155
