"exclude_index","aucs"
0,0.00631981187536743
7,0.00631981187536746
22,0.00631981187536746
20,0.00631981187536746
19,0.00631981187536746
9,0.00631981187536746
68,0.00778953556731338
8,0.00631981187536746
