"exclude_index","aucs"
0,0.901525500910747
10,0.909646326654523
43,0.916325136612022
91,0.912985731633273
