"exclude_index","aucs"
0,0.701311039331179
78,0.862625878776363
13,1
62,0.8204446133384
