"exclude_index","aucs"
0,0.268388791593695
11,0.477670753064799
46,0.314798598949212
