"exclude_index","aucs"
0,0.01440329218107
32,0.0120517342739565
