"exclude_index","aucs"
0,0.00757042253521126
1,0.010387323943662
5,0.010387323943662
14,0.010387323943662
15,0.010387323943662
17,0.010387323943662
31,0.0117957746478873
37,0.010387323943662
