"exclude_index","aucs"
0,0.00351493848857642
23,0.0193321616871704
28,0.0123022847100176
