"exclude_index","aucs"
0,0.00373462214411249
2,0.00329525483304041
