"exclude_index","aucs"
0,0.734989648033127
69,0.904761904761907
57,0.826086956521741
