"exclude_index","aucs"
0,0.155349794238683
50,0.163286302175191
1,0.167695473251029
10,0.162404467960023
