"exclude_index","aucs"
0,0.269771528998243
3,0.786906854130053
72,0.659050966608083
