"exclude_index","aucs"
0,0.035672514619883
82,0.0485380116959064
86,0.0432748538011696
