"exclude_index","aucs"
0,0.0512259194395797
1,0.0512259194395797
2,0.0512259194395797
3,0.0512259194395797
4,0.0512259194395797
5,0.0512259194395797
6,0.0512259194395797
7,0.0512259194395797
8,0.0512259194395797
9,0.0512259194395797
46,0.0547285464098073
10,0.0512259194395797
