"exclude_index","aucs"
0,0.126977152899824
81,0.276801405975395
46,0.317662565905097
3,0.272847100175747
