"exclude_index","aucs"
0,0.00702987697715289
60,0.0101054481546573
52,0.00834797891036905
