"exclude_index","aucs"
0,0.101304945054945
33,0.387568681318681
24,0.383173076923077
