"exclude_index","aucs"
0,0.120517342739565
46,0.480893592004703
47,0.490593768371546
83,0.462375073486185
