"exclude_index","aucs"
0,0.0691768826619965
69,0.126094570928196
83,0.145359019264448
4,0.145359019264448
35,0.279334500875657
79,0.286339754816112
12,0.321366024518389
18,0.162872154115587
