"exclude_index","aucs"
0,0.194024066144987
58,0.218164033663074
10,0.226653624686254
34,0.225398641665436
