"exclude_index","aucs"
0,0.513227513227513
82,0.578777189888301
86,0.599059376837155
56,0.570840681951793
