"exclude_index","aucs"
0,0.19093567251462
82,0.433625730994152
37,0.343567251461988
