"exclude_index","aucs"
0,0.107289829512052
65,0.358024691358025
28,0.407113462669018
48,0.398883009994121
