"exclude_index","aucs"
0,0.116959064327485
28,0.240350877192982
79,0.271929824561403
68,0.174853801169591
