"exclude_index","aucs"
0,0.690643274853801
48,0.754385964912281
85,0.750292397660819
