"exclude_index","aucs"
0,0.0177836566725456
66,0.0477660199882423
88,0.0527630805408583
80,0.0430629041740153
