"exclude_index","aucs"
0,0.0175131348511384
83,0.199649737302977
72,0.112084063047285
