"exclude_index","aucs"
0,0.0558510638297872
79,0.0668833727344365
39,0.0745665878644602
40,0.0664893617021277
