"exclude_index","aucs"
0,0.00396825396825399
28,0.0133744855967078
17,0.0374779541446208
25,0.0251322751322752
