"exclude_index","aucs"
0,0.317768803634528
59,0.404341241797072
47,0.430338213023725
18,0.49444724886421
3,0.491418475517416
