"exclude_index","aucs"
0,0.00935672514619886
43,0.0555555555555555
81,0.0672514619883041
20,0.0625730994152047
