"exclude_index","aucs"
0,0.530570252792475
85,0.583774250440917
78,0.577895355673133
