"exclude_index","aucs"
0,0.00630994447248862
69,0.00681474003028774
11,0.00681474003028774
63,0.00681474003028774
67,0.00681474003028774
91,0.00782433114588591
2,0.00656234225138819
