"exclude_index","aucs"
0,0.319859402460457
61,0.464411247803163
54,0.35896309314587
