"exclude_index","aucs"
0,0.15672514619883
41,0.193567251461988
48,0.193567251461988
1,0.261988304093567
13,0.2
