"exclude_index","aucs"
0,0.0564798598949212
21,0.0985113835376533
69,0.271015761821366
36,0.112521891418564
