"exclude_index","aucs"
0,0.673960216998191
76,0.952802893309222
45,0.952802893309222
51,0.880650994575045
