"exclude_index","aucs"
0,0.0538528896672505
1,0.0538528896672505
2,0.0538528896672505
3,0.0538528896672505
4,0.0538528896672505
5,0.0538528896672505
57,0.0547285464098074
6,0.0538528896672505
