"exclude_index","aucs"
0,0.0385288966725044
33,0.122591943957968
75,0.266199649737303
1,0.164623467600701
