"exclude_index","aucs"
0,0.00964912280701755
1,0.00964912280701755
23,0.0166666666666667
22,0.0184210526315789
2,0.00964912280701755
