"exclude_index","aucs"
0,0.126900584795321
41,0.266081871345029
43,0.269590643274854
92,0.270760233918129
26,0.272514619883041
78,0.284210526315789
59,0.298830409356725
24,0.275438596491228
