"exclude_index","aucs"
0,0.000176056338028174
89,0.0181338028169014
61,0.00404929577464789
