"exclude_index","aucs"
0,0.0420340975896532
9,0.294238683127572
15,0.300117577895356
75,0.292475014697237
