"exclude_index","aucs"
0,0.0976357267950963
89,0.128283712784588
81,0.141418563922942
73,0.149299474605954
3,0.285901926444834
23,0.262259194395797
