"exclude_index","aucs"
0,0.0058098591549296
75,0.0262323943661972
54,0.0248239436619718
