"exclude_index","aucs"
0,0.00485008818342152
67,0.00808348030570253
52,0.00749559082892417
