"exclude_index","aucs"
0,0.203646748681898
60,0.459358523725835
5,0.312170474516696
