"exclude_index","aucs"
0,0.000878734622144106
1,0.000878734622144106
63,0.00527240773286469
69,0.00175746924428821
