"exclude_index","aucs"
0,0.348687531549722
26,0.664689550731954
1,0.664184755174154
