"exclude_index","aucs"
0,0.17706043956044
92,0.343818681318681
56,0.350824175824176
88,0.381593406593407
47,0.338324175824176
