"exclude_index","aucs"
0,0.00672514619883043
4,0.00730994152046786
37,0.00847953216374272
63,0.00847953216374272
17,0.00730994152046786
