"exclude_index","aucs"
0,0.00702987697715289
19,0.0087873462214411
35,0.0087873462214411
62,0.0087873462214411
87,0.0087873462214411
1,0.0087873462214411
41,0.0087873462214411
2,0.00702987697715289
