"exclude_index","aucs"
0,0.461946902654867
57,0.587168141592921
66,0.455530973451328
