"exclude_index","aucs"
0,0.488898756660746
55,0.560124333925401
22,0.627619893428065
89,0.621047957371227
