"exclude_index","aucs"
0,0.188809946714032
55,0.300355239786856
57,0.359147424511545
79,0.280284191829485
