"exclude_index","aucs"
0,0.473544973544973
23,0.729864785420341
37,0.776308054085832
1,0.771604938271605
