"exclude_index","aucs"
0,0.559982486865149
66,0.699211908931699
76,0.692206654991243
