"exclude_index","aucs"
0,0.624716920090586
72,0.765933354901327
6,0.760433516661275
