"exclude_index","aucs"
0,0.00569176882661998
5,0.00656742556917689
90,0.00656742556917689
45,0.00656742556917689
1,0.00569176882661998
