"exclude_index","aucs"
0,0.0815789473684211
65,0.335964912280702
83,0.327777777777778
