"exclude_index","aucs"
0,0.0021891418563923
28,0.0109457092819615
1,0.0021891418563923
