"exclude_index","aucs"
0,0.00116959064327486
60,0.0187134502923977
61,0.0187134502923977
66,0.0187134502923977
