"exclude_index","aucs"
0,0.162126537785589
56,0.32908611599297
57,0.322495606326889
