"exclude_index","aucs"
0,0.158771929824561
86,0.355847953216374
58,0.400877192982456
69,0.511988304093567
39,0.376315789473684
