"exclude_index","aucs"
0,0.0696649029982363
59,0.3885949441505
13,0.350088183421517
