"exclude_index","aucs"
0,0.284154929577465
29,0.562323943661972
64,0.486267605633803
