"exclude_index","aucs"
0,0.0656854130052724
14,0.257688927943761
24,0.149165202108963
