"exclude_index","aucs"
0,0.0728070175438597
56,0.191520467836257
34,0.207894736842105
33,0.19093567251462
