"exclude_index","aucs"
0,0.00790861159929701
1,0.00790861159929701
55,0.0184534270650264
2,0.00790861159929701
