"exclude_index","aucs"
0,0.294542253521127
39,0.406161971830986
12,0.450880281690141
11,0.3875
