"exclude_index","aucs"
0,0.200995575221239
10,0.251880530973451
71,0.470464601769912
7,0.439491150442478
