"exclude_index","aucs"
0,0.529982363315697
42,0.625514403292181
46,0.528218694885362
