"exclude_index","aucs"
0,0.00545774647887328
89,0.00616197183098594
3,0.00580985915492961
