"exclude_index","aucs"
0,0.00219683655536027
47,0.0333919156414763
20,0.0259226713532513
