"exclude_index","aucs"
0,0.269547325102881
90,0.564961787184009
89,0.511463844797178
