"exclude_index","aucs"
0,0.107368006304176
31,0.426319936958236
7,0.35618597320725
