"exclude_index","aucs"
0,0.0888791593695271
53,0.129159369527145
28,0.134413309982487
7,0.146672504378284
81,0.151926444833625
19,0.228108581436077
59,0.26138353765324
38,0.375218914185639
13,0.303415061295972
