"exclude_index","aucs"
0,0.420018281535649
28,0.520355786809169
25,0.576325411334552
62,0.687139642806919
5,0.645865560399381
