"exclude_index","aucs"
0,0.0455341506129597
18,0.398423817863398
32,0.109457092819615
