"exclude_index","aucs"
0,0.0551663747810858
1,0.0551663747810858
77,0.0560420315236427
2,0.0551663747810858
