"exclude_index","aucs"
0,0.031414762741652
15,0.200131810193322
51,0.15927065026362
