"exclude_index","aucs"
0,0.163667582417582
6,0.990315934065934
31,0.99114010989011
34,0.658997252747253
