"exclude_index","aucs"
0,0.00587889476778366
86,0.0226337448559671
66,0.027336860670194
20,0.0282186948853616
65,0.0270429159318048
