"exclude_index","aucs"
0,0.153586125808348
52,0.153586125808348
83,0.153880070546737
58,0.154761904761905
6,0.153586125808348
