"exclude_index","aucs"
0,0.173760212806384
18,0.255652669580087
79,0.207866235987079
