"exclude_index","aucs"
0,0.225146198830409
37,0.413450292397661
73,0.449122807017544
81,0.432748538011696
