"exclude_index","aucs"
0,0.0647985989492119
46,0.12784588441331
27,0.140105078809107
38,0.137478108581436
