"exclude_index","aucs"
0,0.738038277511961
89,0.871349612275202
23,0.87143210691305
11,0.849241049331794
