"exclude_index","aucs"
0,0.0368421052631579
1,0.0368421052631579
31,0.0421052631578948
26,0.0374269005847953
