"exclude_index","aucs"
0,0.920053438334974
45,0.921951905498523
73,0.995570243285051
11,0.923639431866123
