"exclude_index","aucs"
0,0.124336283185841
46,0.371017699115044
81,0.335619469026549
