"exclude_index","aucs"
0,0.102451838879159
82,0.164623467600701
40,0.209281961471103
58,0.228546409807356
31,0.232049036777583
70,0.260945709281961
65,0.30385288966725
22,0.279334500875657
