"exclude_index","aucs"
0,0.108702685215141
63,0.289873827240375
36,0.313652539631187
52,0.300226463927532
