"exclude_index","aucs"
0,0.238242210464433
68,0.434597295708407
10,0.36169900058789
