"exclude_index","aucs"
0,0.0285588752196836
71,0.0439367311072056
16,0.226274165202109
15,0.223637961335677
