"exclude_index","aucs"
0,0.0383802816901408
55,0.30387323943662
77,0.289788732394366
