"exclude_index","aucs"
0,0.202046783625731
52,0.405555555555556
74,0.461695906432749
84,0.63187134502924
89,0.640643274853802
31,0.60672514619883
