"exclude_index","aucs"
0,0.00351493848857642
1,0.00351493848857642
2,0.00351493848857642
4,0.0105448154657293
77,0.0105448154657293
3,0.00351493848857642
