"exclude_index","aucs"
0,0.655150976909414
42,0.833126110124334
71,0.840053285968028
25,0.860657193605684
22,0.874511545293073
83,0.877353463587922
30,0.824245115452931
