"exclude_index","aucs"
0,0.362959719789842
11,0.564360770577933
79,0.487302977232925
