"exclude_index","aucs"
0,0.296678635547576
74,0.344367145421903
62,0.351885098743268
34,0.367818671454219
38,0.366359964093357
