"exclude_index","aucs"
0,0.816036957597756
31,0.862316449430786
67,0.928642138261013
5,0.853819501732387
