"exclude_index","aucs"
0,0.420760233918129
60,0.595614035087719
70,0.61374269005848
66,0.595029239766082
