"exclude_index","aucs"
0,0.0512259194395797
1,0.0512259194395797
2,0.0512259194395797
3,0.0512259194395797
4,0.0512259194395797
8,0.0556042031523643
5,0.0512259194395797
