"exclude_index","aucs"
0,0.0512259194395797
1,0.0512259194395797
2,0.0512259194395797
3,0.0512259194395797
64,0.0547285464098073
4,0.0512259194395797
