"exclude_index","aucs"
0,0.00264084507042255
86,0.014612676056338
75,0.0167253521126761
80,0.0184859154929578
67,0.0234154929577465
42,0.0234154929577465
78,0.0230633802816902
