"exclude_index","aucs"
0,0.0525394045534151
21,0.115586690017513
16,0.274080560420315
42,0.26707530647986
