"exclude_index","aucs"
0,0.541300527240773
64,0.775043936731107
66,0.661247803163444
