"exclude_index","aucs"
0,0.0621716287215412
47,0.645359019264448
44,0.597197898423818
