"exclude_index","aucs"
0,0.0718038528896672
82,0.134851138353765
61,0.144483362521891
30,0.156742556917688
20,0.15061295971979
