"exclude_index","aucs"
0,0.157976827094474
69,0.162581699346405
32,0.167335115864528
14,0.16421568627451
