"exclude_index","aucs"
0,0.282399299474606
70,0.401488616462347
34,0.522329246935201
92,0.5284588441331
33,0.512697022767075
