"exclude_index","aucs"
0,0.0817166372721929
6,0.181951793062904
27,0.200470311581422
92,0.229276895943563
59,0.157848324514991
