"exclude_index","aucs"
0,0.00973451327433628
66,0.0238938053097345
27,0.0219026548672567
