"exclude_index","aucs"
0,0.311695906432749
88,0.734502923976608
35,0.730994152046784
