"exclude_index","aucs"
0,0.0329525483304042
82,0.0395430579964851
43,0.179261862917399
83,0.179261862917399
58,0.179261862917399
17,0.0483304042179262
