"exclude_index","aucs"
0,0.48889449772842
24,0.614840989399293
82,0.604240282685512
