"exclude_index","aucs"
0,0.70131103933118
5,1
10,1
41,0.852365570967129
