"exclude_index","aucs"
0,0.512017336485422
17,0.563041765169425
37,0.56107171000788
