"exclude_index","aucs"
0,0.142857142857143
10,0.142857142857143
6,0.142857142857143
1,0.142857142857143
56,0.142857142857143
