"exclude_index","aucs"
0,0.545855379188713
23,0.583186360964139
44,0.570252792475015
