"exclude_index","aucs"
0,0.131099353321576
1,0.131099353321576
2,0.131099353321576
3,0.131099353321576
4,0.131099353321576
73,0.134038800705467
5,0.131099353321576
