"exclude_index","aucs"
0,0.576803448652188
35,0.691994979810107
51,0.664602204518171
