"exclude_index","aucs"
0,0.00527240773286464
1,0.00527240773286464
4,0.00527240773286464
2,0.00527240773286464
3,0.00527240773286464
54,0.00702987697715285
5,0.00527240773286464
