"exclude_index","aucs"
0,0.500221238938053
83,0.57146017699115
74,0.613053097345133
52,0.576548672566372
