"exclude_index","aucs"
0,0.0560420315236428
10,0.602451838879159
42,0.398423817863398
