"exclude_index","aucs"
0,0.554876373626374
49,0.713255494505495
28,0.750480769230769
81,0.724381868131868
