"exclude_index","aucs"
0,0.554379776601999
55,0.594356261022928
35,0.537037037037037
