"exclude_index","aucs"
0,0.0129335684891241
16,0.268665490887713
23,0.178718400940623
