"exclude_index","aucs"
0,0.121758436944938
7,0.169538188277087
78,0.189964476021314
48,0.143428063943161
