"exclude_index","aucs"
0,0.00380116959064329
1,0.00380116959064329
2,0.00380116959064329
35,0.00497076023391814
3,0.00380116959064329
