"exclude_index","aucs"
0,0.0285588752196836
25,0.0338312829525483
18,0.0342706502636204
56,0.0347100175746924
3,0.0347100175746924
30,0.0333919156414763
