"exclude_index","aucs"
0,0.00175746924428821
5,0.00527240773286466
65,0.00878734622144109
3,0.00527240773286466
