"exclude_index","aucs"
0,0.00700525394045537
1,0.00700525394045537
2,0.00700525394045537
3,0.00700525394045537
4,0.00700525394045537
5,0.00700525394045537
6,0.00700525394045537
7,0.00700525394045537
8,0.00700525394045537
9,0.00700525394045537
10,0.00700525394045537
11,0.00700525394045537
12,0.00700525394045537
13,0.00700525394045537
14,0.00700525394045537
15,0.00700525394045537
38,0.0175131348511384
50,0.00875656742556918
