"exclude_index","aucs"
0,0.00526315789473686
1,0.00526315789473686
2,0.00526315789473686
38,0.00584795321637429
25,0.00643274853801172
3,0.00526315789473686
