"exclude_index","aucs"
0,0.572816759212519
78,0.742175668854114
70,0.786850075719334
87,0.745456839979808
