"exclude_index","aucs"
0,0.300884955752212
51,0.738716814159293
75,0.807964601769911
58,0.797566371681416
