"exclude_index","aucs"
0,0.0604203152364274
53,0.115586690017513
51,0.145359019264448
1,0.00262697022767075
