"exclude_index","aucs"
0,0.179601648351648
78,0.251442307692308
50,0.488255494505494
2,0.237019230769231
