"exclude_index","aucs"
0,0.175044091710758
10,0.482510288065844
34,0.292034097589653
