"exclude_index","aucs"
0,0.181458699472759
46,0.319859402460457
87,0.289982425307557
