"exclude_index","aucs"
0,0.241549295774648
21,0.389788732394366
26,0.466901408450704
39,0.337323943661972
