"exclude_index","aucs"
0,0.798134991119005
84,0.871492007104796
83,0.866163410301954
