"exclude_index","aucs"
0,0.772407732864674
91,0.998681898066784
73,0.99780316344464
