"exclude_index","aucs"
0,0.80844745091569
54,0.84969476983996
3,0.889869658472199
25,0.855799373040751
