"exclude_index","aucs"
0,0.748046181172291
87,0.868650088809947
26,0.885879218472469
58,0.868472468916519
