"exclude_index","aucs"
0,0.0971978984238178
8,0.40630472854641
86,0.539404553415061
10,0.118213660245184
