"exclude_index","aucs"
0,0.00672514619883043
10,0.00847953216374272
24,0.00906432748538014
49,0.00847953216374272
