"exclude_index","aucs"
0,0.00394045534150611
1,0.00394045534150611
2,0.00394045534150611
25,0.00481611208406307
3,0.00394045534150611
