"exclude_index","aucs"
0,0.489171685504496
63,0.500969391964359
88,0.500556884745483
