"exclude_index","aucs"
0,0.88138686131387
71,0.898029197080292
10,0.896204379562044
