"exclude_index","aucs"
0,0.0045774647887324
15,0.00457746478873242
19,0.00457746478873242
32,0.00457746478873242
6,0.00457746478873242
78,0.00457746478873242
80,0.00457746478873242
3,0.00457746478873242
24,0.00457746478873242
16,0.00457746478873242
2,0.00457746478873241
