"exclude_index","aucs"
0,0.00131348511383536
1,0.000437828371278454
