"exclude_index","aucs"
0,0.00630994447248865
82,0.00984351337708228
43,0.0098435133770823
49,0.00681474003028774
