"exclude_index","aucs"
0,0.773098498597591
20,0.926703514271574
53,0.885043722158059
