"exclude_index","aucs"
0,0.00426219870664316
1,0.00426219870664316
2,0.00426219870664316
52,0.00573192239858908
3,0.00426219870664316
