"exclude_index","aucs"
0,0.0595658758202928
8,0.307168096920747
69,0.200656234225139
