"exclude_index","aucs"
0,0.596247169200906
60,0.834681332901974
46,0.831446133937237
