"exclude_index","aucs"
0,0.0137323943661972
68,0.138028169014084
15,0.0672535211267606
