"exclude_index","aucs"
0,0.00659050966608084
35,0.046572934973638
39,0.0298769771528998
