"exclude_index","aucs"
0,0.171133567662566
24,0.337653778558875
55,0.490114235500879
44,0.37719683655536
