"exclude_index","aucs"
0,0.270650263620387
77,0.402021089630931
38,0.387521968365554
