"exclude_index","aucs"
0,0.719105758125721
84,0.8276687015344
71,0.802507836990595
