"exclude_index","aucs"
0,0.15108759553204
3,0.15108759553204
52,0.15108759553204
34,0.15108759553204
54,0.151381540270429
1,0.152263374485597
6,0.15108759553204
