"exclude_index","aucs"
0,0.0452674897119342
25,0.0452674897119342
16,0.0452674897119342
38,0.0452674897119342
39,0.0458553791887125
5,0.0452674897119342
