"exclude_index","aucs"
0,0.059106830122592
17,0.258756567425569
35,0.257005253940455
