"exclude_index","aucs"
0,0.183435852372583
82,0.421572934973638
81,0.363137082601054
