"exclude_index","aucs"
0,0.00908632004038365
1,0.00908632004038365
2,0.00908632004038365
14,0.00933871781928319
3,0.00908632004038365
