"exclude_index","aucs"
0,0.862980769230769
39,0.914766483516483
40,0.915178571428572
45,0.914766483516484
