"exclude_index","aucs"
0,0.00439367311072054
2,0.015377855887522
48,0.0118629173989455
