"exclude_index","aucs"
0,0.00262697022767075
50,0.0131348511383537
1,0.00262697022767075
