"exclude_index","aucs"
0,0.00109841827768013
72,0.0120826010544816
3,0.0041739894551845
