"exclude_index","aucs"
0,0.107395254921757
21,0.438036345280161
50,0.480439172135285
32,0.489525492175669
29,0.476653205451792
