"exclude_index","aucs"
0,0.0383040935672515
72,0.0388888888888889
1,0.0383040935672515
