"exclude_index","aucs"
0,0.598964988499872
69,0.709877331970355
39,0.754216713519039
82,0.723038589317659
