"exclude_index","aucs"
0,0.125063099444725
47,0.628344270570419
6,0.504164563351843
