"exclude_index","aucs"
0,0.000292397660818714
8,0.00380116959064329
9,0.00380116959064329
4,0.00380116959064329
2,0.00380116959064329
7,0.00380116959064329
17,0.00380116959064329
10,0.00380116959064329
3,0.00380116959064329
5,0.00380116959064329
27,0.00380116959064329
11,0.00380116959064329
21,0.00555555555555557
29,0.014327485380117
52,0.00555555555555557
