"exclude_index","aucs"
0,0.002046783625731
1,0.002046783625731
2,0.002046783625731
3,0.002046783625731
4,0.002046783625731
22,0.00263157894736843
8,0.00263157894736843
5,0.002046783625731
