"exclude_index","aucs"
0,0.712113467927421
71,0.710324559161768
