"exclude_index","aucs"
0,0.724545454545453
76,0.836482213438737
42,0.836719367588934
77,0.820988142292492
