"exclude_index","aucs"
0,0.58136525396312
86,0.84196053057263
37,0.78049175024264
