"exclude_index","aucs"
0,0.13625730994152
76,0.13625730994152
62,0.140350877192982
1,0.137426900584795
