"exclude_index","aucs"
0,0.708181542197936
2,0.782635094110503
63,0.816863995142684
40,0.840998785670917
77,0.843731026108076
30,0.81511839708561
