"exclude_index","aucs"
0,0.616922773837667
3,0.983156028368794
70,0.983550039401103
8,0.983156028368794
