"exclude_index","aucs"
0,0.624656593406594
59,0.742788461538462
52,0.724107142857143
