"exclude_index","aucs"
0,0
4,0.00351493848857642
13,0.00351493848857642
20,0.0070298769771529
38,0.00527240773286466
