"exclude_index","aucs"
0,0.0731173380035026
83,0.132661996497373
51,0.150175131348511
69,0.14492119089317
