"exclude_index","aucs"
0,0.178097345132743
31,0.311504424778761
9,0.280309734513274
