"exclude_index","aucs"
0,0.00467836257309943
1,0.00467836257309943
2,0.00467836257309943
3,0.00467836257309943
4,0.00467836257309943
5,0.00467836257309943
37,0.00643274853801172
81,0.00643274853801172
6,0.00467836257309943
