"exclude_index","aucs"
0,0.470870337477798
79,0.511190053285968
55,0.55595026642984
39,0.528241563055063
