"exclude_index","aucs"
0,0.00262697022767075
1,0.00262697022767075
22,0.0183887915936953
2,0.00262697022767075
