"exclude_index","aucs"
0,0.00109841827768013
58,0.00812829525483304
13,0.00812829525483304
5,0.00988576449912125
30,0.01603690685413
33,0.00900702987697714
