"exclude_index","aucs"
0,0.124201380015334
90,0.255941732685919
85,0.207513416815742
