"exclude_index","aucs"
0,0.00700525394045531
44,0.00700525394045534
24,0.00700525394045534
83,0.00700525394045534
1,0.00700525394045531
