"exclude_index","aucs"
0,0.0021891418563923
2,0.0030647985989492
1,0.0021891418563923
