"exclude_index","aucs"
0,0.887153284671532
34,0.916058394160584
15,0.916277372262773
53,0.916496350364963
2,0.915620437956204
