"exclude_index","aucs"
0,0.0064327485380117
1,0.0064327485380117
2,0.0064327485380117
3,0.0064327485380117
4,0.0064327485380117
5,0.0064327485380117
6,0.0064327485380117
7,0.0064327485380117
8,0.0064327485380117
9,0.0064327485380117
10,0.0064327485380117
11,0.0064327485380117
12,0.0064327485380117
13,0.0064327485380117
14,0.0064327485380117
70,0.00818713450292398
15,0.0064327485380117
