"exclude_index","aucs"
0,0.154255319148936
74,0.152876280535855
