"exclude_index","aucs"
0,0.44103982300885
89,0.541703539823009
21,0.551216814159292
59,0.657411504424779
57,0.40608407079646
