"exclude_index","aucs"
0,0.0283391915641476
73,0.07798769771529
6,0.07798769771529
25,0.0788664323374341
9,0.0850175746924429
39,0.07798769771529
