"exclude_index","aucs"
0,0.000877192982456143
1,0.000877192982456143
2,0.000877192982456143
3,0.000877192982456143
4,0.000877192982456143
5,0.000877192982456143
6,0.000877192982456143
7,0.000877192982456143
8,0.000877192982456143
9,0.000877192982456143
10,0.000877192982456143
11,0.000877192982456143
12,0.000877192982456143
49,0.00146198830409357
13,0.000877192982456143
