"exclude_index","aucs"
0,0.00262697022767075
1,0.00262697022767075
2,0.00262697022767075
3,0.00262697022767075
4,0.00262697022767075
5,0.00262697022767075
88,0.00437828371278462
43,0.00437828371278462
6,0.00262697022767075
