"exclude_index","aucs"
0,0.1
72,0.671345029239766
65,0.459649122807018
