"exclude_index","aucs"
0,0.00440140845070424
44,0.0149647887323944
52,0.00440140845070426
