"exclude_index","aucs"
0,0.00525394045534155
19,0.219789842381786
76,0.12784588441331
