"exclude_index","aucs"
0,0.108783442705704
15,0.307420494699646
88,0.374053508329127
44,0.381373043917213
74,0.362443210499747
