"exclude_index","aucs"
0,0.755502428658166
70,0.832915907710989
29,0.832915907710989
