"exclude_index","aucs"
0,0.00818713450292398
17,0.0105263157894737
1,0.00818713450292398
