"exclude_index","aucs"
0,0.00457746478873241
31,0.00457746478873242
55,0.00457746478873242
4,0.00457746478873242
15,0.00457746478873242
8,0.00457746478873242
45,0.00457746478873242
21,0.00457746478873242
1,0.00457746478873242
19,0.00457746478873241
