"exclude_index","aucs"
0,0.828695652173914
81,0.864268774703557
66,0.835494071146246
