"exclude_index","aucs"
0,0.0403508771929825
38,0.140350877192982
77,0.0543859649122807
