"exclude_index","aucs"
0,0.000176056338028174
79,0.000528169014084523
52,0.000528169014084523
8,0.000528169014084523
25,0.000528169014084523
81,0.000880281690140872
9,0.000528169014084523
