"exclude_index","aucs"
0,0.0565843621399177
15,0.169753086419753
63,0.181510875955321
79,0.173280423280423
