"exclude_index","aucs"
0,0.2
16,0.368421052631579
58,0.370175438596491
11,0.383625730994152
43,0.269590643274854
