"exclude_index","aucs"
0,0.00457746478873242
1,0.00457746478873242
23,0.00457746478873242
15,0.00457746478873242
46,0.00457746478873242
3,0.00457746478873242
33,0.00457746478873242
63,0.00457746478873242
36,0.00457746478873242
75,0.00457746478873242
9,0.00457746478873242
35,0.00457746478873242
42,0.00457746478873241
