"exclude_index","aucs"
0,0.57174688057041
82,0.778520499108734
8,0.758615567439096
