"exclude_index","aucs"
0,0.199253075571177
4,0.510325131810193
64,0.476493848857645
