"exclude_index","aucs"
0,0.32310368043088
85,0.374382854578097
30,0.382686265709156
81,0.388072262118492
15,0.398956463195691
38,0.387511220825852
