"exclude_index","aucs"
0,0.0945422535211267
74,0.300880281690141
75,0.310739436619718
30,0.139612676056338
