"exclude_index","aucs"
0,0.000219683655536027
3,0.00593145869947272
11,0.00593145869947272
25,0.00593145869947272
5,0.00724956063268889
7,0.00593145869947272
