"exclude_index","aucs"
0,0.0146198830409357
80,0.121052631578947
24,0.118713450292398
