"exclude_index","aucs"
0,0.680944937474789
42,0.757084509883018
5,0.713266438079869
