"exclude_index","aucs"
0,0.00525394045534155
42,0.218038528896672
10,0.0945709281961471
