"exclude_index","aucs"
0,0.486899133175729
26,0.621059889676911
22,0.550531914893617
