"exclude_index","aucs"
0,0.539094650205761
3,0.572604350382128
8,0.624044679600235
72,0.576131687242798
