"exclude_index","aucs"
0,0.0437828371278459
6,0.120840630472855
29,0.142732049036778
83,0.195271453590193
42,0.183887915936953
