"exclude_index","aucs"
0,0.00233918128654971
28,0.00818713450292397
75,0.00701754385964914
