"exclude_index","aucs"
0,0.000292397660818714
10,0.000877192982456143
83,0.00321637426900586
14,0.000877192982456143
