"exclude_index","aucs"
0,0.774030801911845
38,0.813436006372809
26,0.817631439192779
76,0.813807753584705
