"exclude_index","aucs"
0,0.603318584070797
70,0.76858407079646
24,0.702433628318584
