"exclude_index","aucs"
0,0.816942719116632
72,0.923136645962733
74,0.879140786749482
