"exclude_index","aucs"
0,0.625816993464053
80,0.750297088532382
59,0.783273915626857
78,0.768122400475342
