"exclude_index","aucs"
0,0.768029675638371
43,0.923913043478261
64,0.920203588681848
