"exclude_index","aucs"
0,0.820821646592971
4,0.845322554033987
3,0.834515756475828
