"exclude_index","aucs"
0,0.617195082497573
30,0.646473633128436
35,0.70632481397606
21,0.755823358136525
26,0.766014234875445
62,0.708104173406665
