"exclude_index","aucs"
0,0.715475994060386
85,0.806385084969477
12,0.805642633228841
