"exclude_index","aucs"
0,0.0325704225352113
78,0.254049295774648
41,0.261091549295775
73,0.220950704225352
