"exclude_index","aucs"
0,0.701311039331179
11,1
30,1
82,1
77,1
81,0.890556716701501
