"exclude_index","aucs"
0,0.146264512872287
9,0.161408379606259
72,0.156108026249369
