"exclude_index","aucs"
0,0.75453720508167
80,0.869782214156078
51,0.868214816036956
