"exclude_index","aucs"
0,0.593582887700535
8,0.757278669043375
86,0.860071301247772
71,0.748217468805704
