"exclude_index","aucs"
0,0.227152899824253
45,0.587873462214411
18,0.592267135325132
23,0.59622144112478
64,0.585676625659051
