"exclude_index","aucs"
0,0.0199912126537786
15,0.58018453427065
36,0.530536028119508
