"exclude_index","aucs"
0,0.902284456587735
5,0.910253491196115
63,0.9112401335762
49,0.912378567091683
11,0.913061627200972
88,0.911771402550091
