"exclude_index","aucs"
0,0.820161689490183
16,0.903893746906451
65,0.857779244349116
