"exclude_index","aucs"
0,0.00616197183098594
9,0.00827464788732395
75,0.00827464788732395
1,0.00616197183098594
