"exclude_index","aucs"
0,0.877653997378767
30,0.887680209698557
13,0.890366972477064
86,0.885845347313237
