"exclude_index","aucs"
0,0.153586125808348
7,0.153586125808348
8,0.153586125808348
11,0.153586125808348
37,0.153586125808348
