"exclude_index","aucs"
0,0.351576182136602
84,0.631786339754816
91,0.661558669001751
19,0.577495621716287
