"exclude_index","aucs"
0,0.0108531044926805
6,0.0118626956082786
67,0.0118626956082787
10,0.0118626956082786
