"exclude_index","aucs"
0,0.747197106690777
65,0.858951175406871
60,0.9500904159132
84,0.9500904159132
