"exclude_index","aucs"
0,0.522927689594356
44,0.591710758377425
34,0.56114050558495
