"exclude_index","aucs"
0,0.544722719141324
83,0.755813953488372
57,0.753002811142346
