"exclude_index","aucs"
0,0.0932574430823117
79,0.206217162872154
10,0.281523642732049
9,0.216725043782837
