"exclude_index","aucs"
0,0.00228873239436622
47,0.0191901408450704
49,0.0220070422535211
63,0.0248239436619718
3,0.0170774647887324
