"exclude_index","aucs"
0,0.00158450704225352
17,0.204049295774648
2,0.0117957746478874
