"exclude_index","aucs"
0,0.0397627416520211
7,0.0437170474516696
57,0.0437170474516696
54,0.0441564147627417
27,0.0437170474516696
