"exclude_index","aucs"
0,0.0880035026269702
19,0.123905429071804
51,0.325306479859895
45,0.218476357267951
