"exclude_index","aucs"
0,0.998239436619718
38,1
4,1
82,1
9,1
18,1
60,1
5,0.888732394366197
