"exclude_index","aucs"
0,0.200877192982456
10,0.333040935672515
72,0.42953216374269
63,0.312573099415205
