"exclude_index","aucs"
0,0.766644823066842
17,0.806684141546527
52,0.757798165137614
