"exclude_index","aucs"
0,0.21575543797766
86,0.468253968253968
3,0.373309817754262
