"exclude_index","aucs"
0,0.15418956043956
55,0.157486263736264
9,0.155013736263736
