"exclude_index","aucs"
0,0.169005847953216
10,0.316959064327485
59,0.326900584795322
23,0.312865497076023
