"exclude_index","aucs"
0,0.274647887323944
1,0.404225352112676
20,0.423239436619718
4,0.456338028169014
90,0.455281690140845
