"exclude_index","aucs"
0,0.000878734622144106
88,0.00439367311072056
1,0.000878734622144106
