"exclude_index","aucs"
0,0.990715983363042
82,0.995172311348782
50,0.995320855614973
14,0.994281045751634
