"exclude_index","aucs"
0,0.00461335676625657
3,0.00505272407732865
22,0.00505272407732865
37,0.00505272407732865
6,0.00505272407732865
52,0.00549209138840068
7,0.00505272407732865
