"exclude_index","aucs"
0,0.182218309859155
1,0.182218309859155
24,0.182218309859155
92,0.182218309859155
78,0.182218309859155
2,0.182218309859155
