"exclude_index","aucs"
0,0.15377855887522
17,0.286028119507909
6,0.367311072056239
2,0.487697715289982
63,0.387961335676626
