"exclude_index","aucs"
0,0.651065719360568
59,0.870248667850799
56,0.841296625222025
