"exclude_index","aucs"
0,0.119137168141593
91,0.139491150442478
78,0.150110619469027
16,0.14037610619469
