"exclude_index","aucs"
0,0.240156486622918
83,0.434755174154468
57,0.379480060575467
