"exclude_index","aucs"
0,0.8027950310559
66,0.848257418909593
35,0.858436853002069
18,0.960403726708075
90,0.907867494824016
