"exclude_index","aucs"
0,0.32469244288225
3,0.463093145869947
67,0.479789103690685
37,0.511862917398946
57,0.485500878734622
