"exclude_index","aucs"
0,0.00545774647887325
90,0.0142605633802817
62,0.00827464788732395
