"exclude_index","aucs"
0,0.707052441229656
66,0.952802893309222
19,0.952802893309222
32,0.826943942133815
