"exclude_index","aucs"
0,0.0191901408450704
33,0.0213028169014085
37,0.0213028169014085
1,0.0191901408450704
