"exclude_index","aucs"
0,0.000437828371278454
1,0.00218914185639227
10,0.00218914185639227
14,0.0179509632224168
2,0.00218914185639227
