"exclude_index","aucs"
0,0.0871345029239766
60,0.408187134502924
89,0.47953216374269
55,0.429824561403509
