"exclude_index","aucs"
0,0.00721830985915493
88,0.0494718309859155
66,0.0142605633802817
