"exclude_index","aucs"
0,0.00241652021089631
11,0.0182337434094903
17,0.0182337434094903
42,0.0182337434094903
52,0.232644991212654
28,0.220342706502636
