"exclude_index","aucs"
0,0.0394045534150613
32,0.0831873905429072
91,0.167250437828371
69,0.147985989492119
