"exclude_index","aucs"
0,0.0322934973637961
17,0.178602811950791
47,0.178602811950791
36,0.208919156414763
19,0.197056239015817
