"exclude_index","aucs"
0,0.0845008756567426
69,0.27276707530648
3,0.232486865148862
