"exclude_index","aucs"
0,0.00439367311072054
41,0.015817223198594
53,0.0101054481546573
