"exclude_index","aucs"
0,0.838412093798358
17,0.857695512438995
21,0.850553505535056
