"exclude_index","aucs"
0,0.00292397660818714
1,0.00292397660818714
2,0.00292397660818714
3,0.00292397660818714
30,0.00292397660818714
5,0.00292397660818714
13,0.00292397660818714
8,0.00292397660818714
9,0.00292397660818714
11,0.00350877192982457
4,0.00292397660818714
