"exclude_index","aucs"
0,0.858202332657202
46,0.872844827586207
69,0.931985294117648
87,0.92742139959432
