"exclude_index","aucs"
0,0.0499124343257443
64,0.126094570928196
25,0.138353765323993
73,0.130472854640981
