"exclude_index","aucs"
0,0.765179013364131
42,0.929920805147665
19,0.865904966177199
