"exclude_index","aucs"
0,0.0556042031523643
70,0.141418563922942
90,0.137915936952715
