"exclude_index","aucs"
0,0.0910683012259194
10,0.132224168126095
22,0.143607705779335
83,0.119964973730298
