"exclude_index","aucs"
0,0.00394045534150611
1,0.00394045534150611
2,0.00394045534150611
3,0.00394045534150611
4,0.00394045534150611
5,0.00394045534150611
6,0.00394045534150611
7,0.00394045534150611
8,0.00394045534150611
9,0.00394045534150611
10,0.00394045534150611
11,0.00394045534150611
12,0.00394045534150611
13,0.00394045534150611
49,0.00481611208406307
14,0.00394045534150611
