"exclude_index","aucs"
0,0.0865896980461811
71,0.157815275310835
42,0.182504440497336
56,0.219449378330373
57,0.218738898756661
