"exclude_index","aucs"
0,0.0739786856127887
40,0.159236234458259
46,0.142007104795737
