"exclude_index","aucs"
0,0.0021891418563923
1,0.0030647985989492
8,0.0030647985989492
30,0.0030647985989492
7,0.0030647985989492
2,0.0021891418563923
