"exclude_index","aucs"
0,0.119883040935672
40,0.333333333333333
89,0.221052631578947
