"exclude_index","aucs"
0,0.00285588752196836
32,0.211994727592267
12,0.220782073813708
71,0.226054481546573
72,0.207161687170475
