"exclude_index","aucs"
0,0.000292397660818714
73,0.000877192982456143
1,0.000292397660818714
