"exclude_index","aucs"
0,0.0936952714535902
77,0.124343257443082
85,0.156742556917688
11,0.138353765323993
