"exclude_index","aucs"
0,0.990698802976383
7,0.993286962148172
58,0.993448722096409
71,0.992963442251698
