"exclude_index","aucs"
0,0.0188380281690141
64,0.143133802816901
22,0.132570422535211
