"exclude_index","aucs"
0,0.365976779404341
16,0.540636042402827
86,0.60020191822312
20,0.602221100454316
14,0.514386673397274
