"exclude_index","aucs"
0,0.829731067480613
29,0.867926084804487
49,0.844497607655502
