"exclude_index","aucs"
0,0.00439367311072054
1,0.00439367311072054
84,0.00615114235500876
71,0.00615114235500877
87,0.0131810193321617
42,0.0202108963093146
50,0.00615114235500876
