"exclude_index","aucs"
0,0.742572786690434
78,0.778074866310161
19,0.78698752228164
63,0.77688651218063
