"exclude_index","aucs"
0,0.0068661971830986
21,0.0294014084507042
17,0.0191901408450704
