"exclude_index","aucs"
0,0.0432748538011696
17,0.111695906432748
45,0.112280701754386
5,0.130994152046784
13,0.213450292397661
66,0.168421052631579
