"exclude_index","aucs"
0,0.00281690140845076
70,0.309154929577465
4,0.140845070422535
