"exclude_index","aucs"
0,0.380281690140845
57,0.586267605633803
82,0.458450704225352
