"exclude_index","aucs"
0,0.135287610619469
65,0.159845132743363
51,0.163606194690266
40,0.154535398230089
