"exclude_index","aucs"
0,0.0871278458844133
48,0.358581436077058
4,0.276269702276708
