"exclude_index","aucs"
0,0.415287628053586
15,0.470843183609141
78,0.588258471237195
19,0.525413711583924
