"exclude_index","aucs"
0,0.213752196836555
76,0.444420035149385
46,0.435193321616872
