"exclude_index","aucs"
0,0.113450292397661
7,0.587134502923977
1,0.602923976608188
43,0.484795321637427
