"exclude_index","aucs"
0,0.818647401980734
39,0.848087098087097
89,0.848358431691764
4,0.856294939628272
85,0.796194546194544
