"exclude_index","aucs"
0,0.00919439579684764
32,0.0389667250437828
41,0.0739929947460596
47,0.0424693520140105
