"exclude_index","aucs"
0,0.00527240773286465
92,0.0202108963093146
55,0.015817223198594
