"exclude_index","aucs"
0,0.153733098177543
79,0.153733098177543
3,0.153733098177543
