"exclude_index","aucs"
0,0.325146198830409
34,0.460818713450292
6,0.592397660818713
73,0.616959064327485
23,0.521637426900585
