"exclude_index","aucs"
0,0.661193788417988
23,0.776690391459075
43,0.801601423487545
3,0.813409899708832
22,0.794807505661598
