"exclude_index","aucs"
0,0.0810834813499112
4,0.163499111900533
26,0.162255772646536
