"exclude_index","aucs"
0,0.746401515151516
67,0.804903198653199
46,0.797790404040403
