"exclude_index","aucs"
0,0.0365497076023392
21,0.0470760233918129
36,0.0505847953216374
1,0.0365497076023392
