"exclude_index","aucs"
0,0.00281690140845072
34,0.00985915492957747
44,0.0116197183098592
2,0.00457746478873242
