"exclude_index","aucs"
0,0.642032967032967
90,0.738186813186813
89,0.731043956043956
