"exclude_index","aucs"
0,0.0347953216374269
8,0.0347953216374269
9,0.0347953216374269
3,0.0347953216374269
1,0.0347953216374269
14,0.0347953216374269
26,0.0353801169590643
10,0.0347953216374269
