"exclude_index","aucs"
0,0.808859924104932
68,0.861903976241544
58,0.860336578122422
