"exclude_index","aucs"
0,0.00109841827768015
1,0.00109841827768015
66,0.00637082601054483
2,0.00109841827768015
