"exclude_index","aucs"
0,0.00262697022767075
1,0.00262697022767075
2,0.00262697022767075
3,0.00262697022767075
4,0.00262697022767075
5,0.00262697022767075
6,0.00262697022767075
7,0.00262697022767075
8,0.00262697022767075
9,0.00262697022767075
10,0.00262697022767075
69,0.00963222416812609
11,0.00262697022767075
