"exclude_index","aucs"
0,0.00782433114588592
53,0.227158001009591
77,0.298334174659263
44,0.250630994447249
