"exclude_index","aucs"
0,0.431048069345942
50,0.479314420803782
56,0.684397163120568
17,0.582545311268715
