"exclude_index","aucs"
0,0.00292397660818714
48,0.00350877192982457
78,0.00350877192982457
1,0.00292397660818714
