"exclude_index","aucs"
0,0.198311679746752
61,0.208171206225681
57,0.208566906285036
52,0.21380993207149
1,0.224131108619666
89,0.209688056453208
