"exclude_index","aucs"
0,0.218577620173365
12,0.4346926713948
46,0.49182427107959
72,0.596434200157605
16,0.488672182821119
