"exclude_index","aucs"
0,0.768082788671024
36,0.806613756613757
33,0.84900404606287
53,0.851556178026767
73,0.845829442888267
