"exclude_index","aucs"
0,0.0151408450704225
82,0.0221830985915493
8,0.0169014084507043
