"exclude_index","aucs"
0,0.0275831873905429
81,0.199211908931699
28,0.242119089316988
3,0.151926444833625
