"exclude_index","aucs"
0,0.855920385395539
36,0.866506085192699
1,0.876014198782962
4,0.872401115618661
