"exclude_index","aucs"
0,0.413309982486865
45,0.58231173380035
13,0.530647985989492
