"exclude_index","aucs"
0,0.00672514619883041
1,0.00672514619883041
2,0.00672514619883041
3,0.00672514619883041
4,0.00672514619883041
5,0.00672514619883041
6,0.00672514619883041
7,0.00672514619883041
8,0.00672514619883041
9,0.00672514619883041
10,0.00672514619883041
11,0.00672514619883041
71,0.0084795321637427
12,0.00672514619883041
