"exclude_index","aucs"
0,0.529394473838918
71,0.602586713697825
6,0.549676660787772
