"exclude_index","aucs"
0,0.0753318584070796
57,0.274889380530973
67,0.0848451327433628
