"exclude_index","aucs"
0,0.150263620386643
51,0.166080843585237
1,0.150263620386643
