"exclude_index","aucs"
0,0.61779560308972
43,0.797682709447415
84,0.804812834224599
72,0.763071895424837
