"exclude_index","aucs"
0,0.00329525483304041
1,0.00329525483304041
24,0.0046133567662566
2,0.00329525483304041
