"exclude_index","aucs"
0,0.00870772337203429
53,0.0147652700656234
81,0.0177940434124179
24,0.0137556789500252
