"exclude_index","aucs"
0,0.259070796460177
46,0.255088495575222
