"exclude_index","aucs"
0,0.0131578947368421
60,0.0698830409356725
16,0.260526315789474
57,0.32719298245614
33,0.336549707602339
92,0.340058479532163
22,0.337719298245614
