"exclude_index","aucs"
0,0.00199115044247788
11,0.00553097345132746
1,0.00376106194690263
