"exclude_index","aucs"
0,0.140643274853801
62,0.474561403508772
1,0.443567251461988
