"exclude_index","aucs"
0,0.0262493690055528
11,0.147147905098435
68,0.0815244825845532
