"exclude_index","aucs"
0,0.00263157894736843
37,0.0166666666666667
8,0.00964912280701757
