"exclude_index","aucs"
0,0.0064327485380117
21,0.00760233918128655
29,0.00760233918128655
1,0.0064327485380117
