"exclude_index","aucs"
0,0.825460053859964
42,0.896039048473967
30,0.905015709156194
71,0.921510323159785
26,0.877749102333931
