"exclude_index","aucs"
0,0.00263620386643233
29,0.00307557117750439
12,0.00307557117750439
77,0.00615114235500876
10,0.00307557117750439
