"exclude_index","aucs"
0,0.0125219683655536
82,0.0142794376098418
47,0.023066783831283
44,0.0195518453427065
