"exclude_index","aucs"
0,0.00351493848857642
1,0.00351493848857642
2,0.00351493848857642
3,0.00351493848857642
81,0.0175746924428822
4,0.00351493848857642
