"exclude_index","aucs"
0,0.00439367311072054
29,0.015817223198594
10,0.0123022847100176
