"exclude_index","aucs"
0,0.0178362573099416
54,0.0178362573099416
84,0.0178362573099416
66,0.0166666666666667
