"exclude_index","aucs"
0,0.479618246522162
43,0.602394047233905
64,0.587673891944355
