"exclude_index","aucs"
0,0.139520426287744
89,0.190852575488455
90,0.20133214920071
68,0.186767317939609
