"exclude_index","aucs"
0,0.00220458553791889
3,0.136537330981775
67,0.0145502645502646
