"exclude_index","aucs"
0,0.0884413309982487
48,0.136602451838879
76,0.141856392294221
87,0.156742556917688
73,0.12784588441331
