"exclude_index","aucs"
0,0.00651408450704228
29,0.0262323943661972
75,0.0318661971830986
78,0.0255281690140845
