"exclude_index","aucs"
0,0.00241652021089632
28,0.0112038664323374
13,0.0129613356766256
26,0.0134007029876977
59,0.0213093145869947
50,0.00856766256590509
