"exclude_index","aucs"
0,0.120840630472855
8,0.129597197898424
84,0.123467600700525
