"exclude_index","aucs"
0,0.0753064798598949
79,0.136602451838879
36,0.138353765323993
80,0.135726795096322
