"exclude_index","aucs"
0,0
72,0.00878734622144112
27,0.0166959578207381
73,0.0101054481546573
