"exclude_index","aucs"
0,0.00197715289982424
15,0.00900702987697713
5,0.0177943760984183
65,0.00373462214411245
