"exclude_index","aucs"
0,0.0345070422535212
14,0.154929577464789
72,0.119366197183099
