"exclude_index","aucs"
0,0.006140350877193
1,0.006140350877193
2,0.006140350877193
3,0.006140350877193
4,0.006140350877193
5,0.006140350877193
6,0.006140350877193
7,0.006140350877193
8,0.006140350877193
9,0.006140350877193
21,0.00964912280701757
10,0.006140350877193
