"exclude_index","aucs"
0,0.0030647985989492
23,0.0188266199649738
55,0.0188266199649738
1,0.0188266199649738
5,0.0188266199649738
39,0.0188266199649738
7,0.0188266199649738
60,0.0188266199649738
32,0.0188266199649738
30,0.0118213660245184
