"exclude_index","aucs"
0,0.776032179720704
11,0.832953855494838
51,0.786353976927747
