"exclude_index","aucs"
0,0.0028169014084507
36,0.0524647887323944
29,0.0172535211267606
