"exclude_index","aucs"
0,0.00214538112064615
66,0.00845532559313478
68,0.00845532559313476
