"exclude_index","aucs"
0,0.00457746478873241
10,0.00457746478873242
68,0.00457746478873242
81,0.00457746478873242
12,0.00457746478873242
13,0.00457746478873242
51,0.00457746478873242
6,0.00457746478873242
20,0.00457746478873242
9,0.00457746478873242
2,0.00457746478873241
