"exclude_index","aucs"
0,0.310449268046441
78,0.463907117617365
88,0.59994952044422
67,0.491923271075215
