"exclude_index","aucs"
0,0.00350877192982457
65,0.0105263157894737
72,0.0105263157894737
64,0.00526315789473686
