"exclude_index","aucs"
0,0.466021126760563
13,0.867781690140845
52,0.868133802816901
8,0.829049295774648
