"exclude_index","aucs"
0,0.123976608187135
78,0.4
9,0.273684210526316
