"exclude_index","aucs"
0,0.184502923976608
63,0.385087719298246
47,0.438888888888889
36,0.43187134502924
