"exclude_index","aucs"
0,0.00292397660818714
67,0.00292397660818714
1,0.00292397660818714
4,0.00350877192982457
11,0.00292397660818714
