"exclude_index","aucs"
0,0.0564798598949212
1,0.0564798598949212
2,0.0564798598949212
3,0.0564798598949212
34,0.0608581436077058
4,0.0564798598949212
