"exclude_index","aucs"
0,0.0448265726043504
59,0.16005291005291
61,0.19973544973545
92,0.223251028806584
39,0.216784244562022
