"exclude_index","aucs"
0,0.805725127866688
87,0.85249958752681
18,0.87229830061046
41,0.860584062035967
