"exclude_index","aucs"
0,0.219912649627952
12,0.292381106438046
57,0.43699450016176
42,0.243206082174054
