"exclude_index","aucs"
0,0.0770577933450088
8,0.141856392294221
44,0.126970227670753
