"exclude_index","aucs"
0,0.0851687388987567
7,0.240408525754885
69,0.226731793960924
