"exclude_index","aucs"
0,0.150499706055262
1,0.150499706055262
2,0.150499706055262
3,0.150499706055262
4,0.150499706055262
85,0.151969429747208
5,0.150499706055262
