"exclude_index","aucs"
0,0.0919439579684764
79,0.137478108581436
33,0.135726795096322
