"exclude_index","aucs"
0,0.002046783625731
86,0.00380116959064329
1,0.002046783625731
