"exclude_index","aucs"
0,0.18476357267951
39,0.265323992994746
11,0.239054290718039
