"exclude_index","aucs"
0,0.00146198830409357
5,0.002046783625731
7,0.002046783625731
3,0.002046783625731
6,0.002046783625731
31,0.00321637426900586
1,0.002046783625731
