"exclude_index","aucs"
0,0.503159340659341
59,0.743131868131868
5,0.755494505494505
14,0.668131868131868
