"exclude_index","aucs"
0,0.0542628774422735
78,0.156749555950266
74,0.151420959147425
