"exclude_index","aucs"
0,0.00637082601054481
56,0.0107644991212654
42,0.015597539543058
70,0.0107644991212654
