"exclude_index","aucs"
0,0.507570422535211
87,0.558274647887324
13,0.563908450704225
16,0.596302816901409
69,0.532218309859155
