"exclude_index","aucs"
0,0.84495534866046
20,0.908797263917917
49,0.85635569067072
