"exclude_index","aucs"
0,0.701311039331178
25,0.807904237127114
53,1
48,0.851795553866616
