"exclude_index","aucs"
0,0.0516637478108581
28,0.0665499124343257
61,0.0612959719789842
