"exclude_index","aucs"
0,0.0374269005847953
1,0.0374269005847953
2,0.0374269005847953
3,0.0374269005847953
4,0.0374269005847953
43,0.0380116959064328
5,0.0374269005847953
