"exclude_index","aucs"
0,0.620692216280451
64,0.735516934046346
22,0.757055852644088
53,0.755570409982175
