"exclude_index","aucs"
0,0.00829646017699114
66,0.103650442477876
51,0.139048672566372
78,0.158075221238938
90,0.156747787610619
