"exclude_index","aucs"
0,0.17719298245614
51,0.213450292397661
1,0.207602339181287
