"exclude_index","aucs"
0,0.0538528896672505
1,0.0538528896672505
2,0.0538528896672505
3,0.0538528896672505
4,0.0538528896672505
5,0.0538528896672505
6,0.0538528896672505
7,0.0538528896672505
8,0.0538528896672505
9,0.0538528896672505
10,0.0538528896672505
11,0.0538528896672505
12,0.0538528896672505
13,0.0538528896672505
14,0.0538528896672505
15,0.0538528896672505
90,0.0564798598949212
16,0.0538528896672505
