"exclude_index","aucs"
0,0.00701754385964914
1,0.00701754385964914
2,0.00701754385964914
3,0.00701754385964914
4,0.00701754385964914
57,0.00935672514619886
10,0.012280701754386
24,0.012280701754386
38,0.00877192982456143
