"exclude_index","aucs"
0,0.106432748538012
63,0.127485380116959
90,0.146198830409357
62,0.180116959064327
52,0.17719298245614
