"exclude_index","aucs"
0,0.0945825932504441
65,0.243960923623446
60,0.1601243339254
