"exclude_index","aucs"
0,0.682504440497336
31,0.874689165186501
3,0.845737122557727
