"exclude_index","aucs"
0,0.724321880650994
81,0.952712477396021
8,0.802441229656419
