"exclude_index","aucs"
0,0.46353238265003
56,0.599450386215092
55,0.511066547831254
