"exclude_index","aucs"
0,0.114674868189807
36,0.210456942003515
22,0.226713532513181
34,0.236818980667838
15,0.14323374340949
