"exclude_index","aucs"
0,0.195709281961471
14,0.311295971978984
91,0.337565674255692
58,0.32092819614711
