"exclude_index","aucs"
0,0.613393723714009
53,0.793917825946296
17,0.814946619217082
87,0.814623099320608
