"exclude_index","aucs"
0,0.896689730023065
68,0.900895400895402
86,0.904219237552571
41,0.902726902726903
