"exclude_index","aucs"
0,0.142668218366483
47,0.228046974185357
70,0.193662716885315
