"exclude_index","aucs"
0,0.681446821152703
85,0.79092394533571
11,0.840389185977421
65,0.739527629233511
