"exclude_index","aucs"
0,0.000292397660818714
11,0.000877192982456143
1,0.000877192982456143
26,0.000877192982456143
74,0.00555555555555557
34,0.000877192982456143
