"exclude_index","aucs"
0,0.910802919708029
43,0.917810218978102
72,0.916934306569343
