"exclude_index","aucs"
0,0.0871212121212122
44,0.0991532976827094
68,0.144013666072489
11,0.139260249554367
