"exclude_index","aucs"
0,0.709810126582279
16,0.877350813743218
28,0.952757685352621
39,0.952757685352621
82,0.952667269439421
