"exclude_index","aucs"
0,0.000877192982456143
1,0.000877192982456143
2,0.000877192982456143
43,0.00263157894736843
27,0.00438596491228072
35,0.00263157894736843
