"exclude_index","aucs"
0,0.442453306410904
38,0.630994447248864
60,0.422513881877839
