"exclude_index","aucs"
0,0.227175843694494
27,0.392007104795737
23,0.428596802841918
73,0.454884547069272
44,0.540497335701599
49,0.419538188277087
