"exclude_index","aucs"
0,0.0321902654867257
11,0.0321902654867257
13,0.0321902654867257
3,0.0321902654867257
1,0.0321902654867257
15,0.0321902654867257
71,0.0335176991150442
2,0.0321902654867257
