"exclude_index","aucs"
0,0.112584923972824
10,0.179230022646393
90,0.165480427046263
