"exclude_index","aucs"
0,0.401675485008818
47,0.496325690770135
50,0.49074074074074
