"exclude_index","aucs"
0,0.337708228167592
83,0.507319535588086
50,0.545431600201918
25,0.396769308430086
