"exclude_index","aucs"
0,0.0045353982300885
91,0.0235619469026549
31,0.0169247787610619
