"exclude_index","aucs"
0,0.00439367311072054
51,0.0140597539543058
34,0.0228471001757469
87,0.00615114235500878
