"exclude_index","aucs"
0,0.115148861646235
31,0.313047285464098
74,0.334063047285464
54,0.345446584938704
80,0.442644483362522
34,0.420753064798599
