"exclude_index","aucs"
0,0.628437398900033
6,0.800711743772241
59,0.823843416370107
18,0.789388547395665
