"exclude_index","aucs"
0,0.00395430579964851
6,0.0259226713532513
47,0.0210896309314587
