"exclude_index","aucs"
0,0.006140350877193
36,0.0230994152046784
1,0.0751461988304093
32,0.0219298245614035
