"exclude_index","aucs"
0,0.0302816901408451
22,0.165845070422535
62,0.148943661971831
