"exclude_index","aucs"
0,0.725672877846792
33,0.90993788819876
18,0.788647342995169
