"exclude_index","aucs"
0,0.225442477876106
26,0.440486725663717
12,0.298008849557522
