"exclude_index","aucs"
0,0.339491150442478
20,0.544358407079646
74,0.57533185840708
22,0.559845132743363
