"exclude_index","aucs"
0,0.035672514619883
60,0.0514619883040936
55,0.0385964912280702
