"exclude_index","aucs"
0,0.00587889476778368
5,0.0058788947677837
1,0.0058788947677837
4,0.0058788947677837
28,0.0070546737213404
3,0.0058788947677837
