"exclude_index","aucs"
0,0.113785442234448
77,0.119181125687685
82,0.119181125687685
2,0.119181125687685
16,0.119181125687685
43,0.119286923402455
13,0.118863732543377
