"exclude_index","aucs"
0,0.41374269005848
60,0.586842105263158
77,0.573976608187134
