"exclude_index","aucs"
0,0.0661120840630473
5,0.151050788091068
53,0.126532399299475
