"exclude_index","aucs"
0,0.00569176882661998
35,0.00656742556917689
25,0.00656742556917689
1,0.00569176882661998
