"exclude_index","aucs"
0,0.000352112676056338
76,0.00105633802816901
1,0.000352112676056338
