"exclude_index","aucs"
0,0.528512639623751
92,0.578483245149912
62,0.617283950617284
57,0.568783068783069
