"exclude_index","aucs"
0,0.133333333333333
92,0.292397660818714
10,0.481286549707602
13,0.267836257309942
