"exclude_index","aucs"
0,0.00350262697022763
69,0.197022767075306
12,0.39492119089317
26,0.457968476357268
32,0.37215411558669
