"exclude_index","aucs"
0,0.0881610219845514
70,0.0945484254307784
15,0.0929144385026738
