"exclude_index","aucs"
0,0.103987884906613
25,0.322564361433619
41,0.294800605754669
