"exclude_index","aucs"
0,0.23441093789931
39,0.480641451571684
21,0.749488883209814
30,0.684577050856121
