"exclude_index","aucs"
0,0.276501766784452
75,0.545053003533569
90,0.365850580514891
