"exclude_index","aucs"
0,0.00569176882661995
3,0.0214535901926445
85,0.0284588441330998
8,0.0249562171628721
