"exclude_index","aucs"
0,0.0176056338028169
88,0.0288732394366197
81,0.0327464788732394
18,0.0257042253521127
