"exclude_index","aucs"
0,0.282675509543837
13,0.341879650598511
88,0.388628275638951
35,0.513992235522486
67,0.453170494985441
