"exclude_index","aucs"
0,0.00369718309859158
86,0.035387323943662
76,0.0477112676056338
9,0.0438380281690141
