"exclude_index","aucs"
0,0.199038461538462
81,0.339285714285714
66,0.395054945054945
79,0.478983516483517
13,0.455631868131868
