"exclude_index","aucs"
0,0.00382128159905939
8,0.0038212815990594
52,0.0126396237507349
3,0.0038212815990594
