"exclude_index","aucs"
0,0.810846560846562
48,0.838477366255146
14,0.77557319223986
