"exclude_index","aucs"
0,0.00724956063268892
50,0.0085676625659051
2,0.00768892794376097
