"exclude_index","aucs"
0,0
91,0.0088183421516755
12,0.0676072898295121
19,0.0088183421516755
