"exclude_index","aucs"
0,0.0910683012259194
27,0.126970227670753
47,0.126970227670753
77,0.2215411558669
80,0.257443082311734
31,0.28984238178634
19,0.259194395796848
