"exclude_index","aucs"
0,0.0882770870337478
73,0.227708703374778
55,0.298223801065719
66,0.503019538188277
56,0.442806394316163
