"exclude_index","aucs"
0,0.00146198830409357
34,0.0195906432748538
8,0.0172514619883041
