"exclude_index","aucs"
0,0.00820292781423524
1,0.00820292781423524
2,0.00820292781423524
3,0.00820292781423524
4,0.00820292781423524
5,0.00820292781423524
6,0.00820292781423524
7,0.00820292781423524
8,0.00820292781423524
9,0.00820292781423524
10,0.00820292781423524
11,0.00820292781423524
12,0.00820292781423524
13,0.00820292781423524
14,0.00820292781423524
15,0.00820292781423524
16,0.00820292781423524
17,0.00820292781423524
18,0.015017667844523
19,0.00820292781423524
