"exclude_index","aucs"
0,0.0030647985989492
11,0.0030647985989492
6,0.0030647985989492
3,0.0030647985989492
24,0.0030647985989492
32,0.0030647985989492
57,0.0030647985989492
28,0.0030647985989492
17,0.0030647985989492
58,0.0030647985989492
8,0.0030647985989492
34,0.0030647985989492
15,0.0030647985989492
41,0.0030647985989492
1,0.0021891418563923
