"exclude_index","aucs"
0,0.50103980986334
79,0.733957219251337
69,0.774806892453952
31,0.831550802139038
18,0.774064171122995
