"exclude_index","aucs"
0,0.766048824593129
88,0.91622965641953
69,0.85501808318264
