"exclude_index","aucs"
0,0.152631578947368
31,0.290058479532164
53,0.198245614035088
