"exclude_index","aucs"
0,0.448245614035088
53,0.501461988304093
28,0.537719298245614
85,0.578070175438596
41,0.533625730994152
