"exclude_index","aucs"
0,0.612596553773025
92,0.789809863339275
57,0.809566250742721
39,0.77465834818776
