"exclude_index","aucs"
0,0.874734365513055
7,0.910784760170007
5,0.912833940497875
43,0.912985731633273
79,0.91055707346691
