"exclude_index","aucs"
0,0.00584795321637429
13,0.0233918128654971
31,0.0292397660818713
8,0.0286549707602339
