"exclude_index","aucs"
0,0.00630994447248864
75,0.00984351337708228
11,0.0133770822816759
86,0.00681474003028774
