"exclude_index","aucs"
0,0.0464098073555166
11,0.131348511383538
42,0.136602451838879
30,0.126094570928196
