"exclude_index","aucs"
0,0.141812865497076
62,0.203216374269006
34,0.211988304093567
41,0.376900584795322
79,0.369298245614035
