"exclude_index","aucs"
0,0.0439159292035398
82,0.229535398230089
21,0.126438053097345
