"exclude_index","aucs"
0,0.0718038528896673
55,0.120840630472855
30,0.16199649737303
90,0.169001751313485
83,0.146234676007005
