"exclude_index","aucs"
0,0.000878734622144106
20,0.00263620386643232
7,0.00175746924428821
