"exclude_index","aucs"
0,0.0214788732394366
66,0.19330985915493
27,0.187676056338028
