"exclude_index","aucs"
0,0.0851687388987566
64,0.21785079928952
29,0.174511545293073
