"exclude_index","aucs"
0,0.0041739894551845
82,0.0142794376098418
45,0.00988576449912125
