"exclude_index","aucs"
0,0.201010544815466
25,0.424648506151142
37,0.474297012302285
59,0.447495606326889
