"exclude_index","aucs"
0,0.402112676056338
31,0.544718309859155
82,0.578521126760563
80,0.565492957746479
