"exclude_index","aucs"
0,0.0388888888888889
1,0.0388888888888889
2,0.0388888888888889
3,0.0388888888888889
4,0.0388888888888889
5,0.0388888888888889
6,0.0388888888888889
7,0.0388888888888889
8,0.0388888888888889
9,0.0388888888888889
10,0.0388888888888889
11,0.0388888888888889
12,0.0388888888888889
13,0.0388888888888889
14,0.0388888888888889
15,0.0388888888888889
16,0.0388888888888889
17,0.0388888888888889
18,0.0388888888888889
19,0.0388888888888889
89,0.0394736842105263
20,0.0388888888888889
