"exclude_index","aucs"
0,0.312463256907701
6,0.569958847736626
78,0.564373897707231
