"exclude_index","aucs"
0,0.00527240773286464
1,0.00527240773286464
2,0.00527240773286464
5,0.00527240773286464
6,0.00527240773286464
3,0.00527240773286464
7,0.00527240773286464
65,0.00702987697715285
4,0.00527240773286464
