"exclude_index","aucs"
0,0.54765873015873
1,0.612261904761905
60,0.589246031746032
