"exclude_index","aucs"
0,0.431387362637363
73,0.528090659340659
46,0.523282967032967
