"exclude_index","aucs"
0,0.00293944738389185
70,0.00411522633744857
10,0.00293944738389186
