"exclude_index","aucs"
0,0.085896309314587
73,0.472100175746924
82,0.390817223198594
