"exclude_index","aucs"
0,0.70131103933118
51,0.872886186585597
11,1
47,1
7,1
50,1
32,1
36,0.854645639369181
