"exclude_index","aucs"
0,0.188268892794376
16,0.45408611599297
31,0.374121265377856
