"exclude_index","aucs"
0,0.31284475965327
10,0.416272655634358
89,0.43715524034673
5,0.400315208825847
