"exclude_index","aucs"
0,0.30540131246845
8,0.560827864714791
81,0.550479555779909
