"exclude_index","aucs"
0,0.00109841827768013
1,0.00109841827768013
2,0.00109841827768013
3,0.00109841827768013
4,0.00109841827768013
50,0.00241652021089629
5,0.00109841827768013
