"exclude_index","aucs"
0,0.00630994447248866
48,0.0133770822816759
3,0.0065623422513882
