"exclude_index","aucs"
0,0.0126396237507349
6,0.0379188712522046
74,0.0243974132863022
