"exclude_index","aucs"
0,0.224077328646749
11,0.454305799648506
53,0.460456942003515
89,0.444200351493849
