"exclude_index","aucs"
0,0.797968545216251
71,0.820969855832241
77,0.839449541284404
37,0.824049803407602
