"exclude_index","aucs"
0,0.176584507042254
9,0.205105633802817
23,0.183978873239437
