"exclude_index","aucs"
0,0.254378283712785
35,0.281523642732049
58,0.266637478108581
