"exclude_index","aucs"
0,0.696917314894842
76,0.752712954960146
55,0.72515125324114
