"exclude_index","aucs"
0,0.254970760233918
77,0.44093567251462
64,0.466666666666667
76,0.512865497076023
38,0.369590643274854
