"exclude_index","aucs"
0,0.0606194690265487
46,0.28141592920354
73,0.15929203539823
