"exclude_index","aucs"
0,0.27751135790005
14,0.529909136799596
35,0.514260474507824
