"exclude_index","aucs"
0,0.592105263157895
41,0.680994152046784
34,0.696198830409357
10,0.706140350877193
55,0.704970760233918
