"exclude_index","aucs"
0,0.00394045534150611
1,0.00394045534150611
2,0.00394045534150611
3,0.00394045534150611
4,0.00394045534150611
5,0.00394045534150611
38,0.00481611208406307
53,0.00481611208406307
6,0.00394045534150611
