"exclude_index","aucs"
0,0.825688830226035
44,0.851757135786173
22,0.948770829896057
72,0.936809107408019
