"exclude_index","aucs"
0,0.880216758330637
25,0.952685215140731
43,0.961582012293756
68,0.957052733743125
