"exclude_index","aucs"
0,0.00527240773286465
68,0.00571177504393673
16,0.0250439367311072
48,0.0426186291739895
72,0.0127416520210896
