"exclude_index","aucs"
0,0.617944147355912
43,0.864081996434938
79,0.806298276886512
