"exclude_index","aucs"
0,0.114823008849558
78,0.121681415929204
62,0.120796460176991
