"exclude_index","aucs"
0,0.701311039331179
4,1
26,1
23,1
51,1
1,0.797073912217367
