"exclude_index","aucs"
0,0.0359649122807018
1,0.0359649122807018
11,0.037719298245614
2,0.0359649122807018
