"exclude_index","aucs"
0,0.000877192982456143
8,0.00438596491228072
3,0.00438596491228072
5,0.00438596491228072
1,0.00438596491228072
15,0.00438596491228072
10,0.00614035087719298
59,0.00614035087719298
86,0.006140350877193
7,0.00438596491228072
