"exclude_index","aucs"
0,0.0987676056338028
56,0.32306338028169
10,0.317077464788732
