"exclude_index","aucs"
0,0.378070175438597
7,0.484502923976608
38,0.513157894736842
60,0.368713450292398
