"exclude_index","aucs"
0,0.504288099574985
44,0.679075591985428
61,0.711103521554343
25,0.695165452337583
