"exclude_index","aucs"
0,0.582304526748971
25,0.87477954144621
67,0.773074661963552
