"exclude_index","aucs"
0,0.221605249873801
46,0.351085310449268
4,0.403584048460374
44,0.428319030792529
15,0.373296314992428
