"exclude_index","aucs"
0,0.776627486437613
82,0.908363471971067
43,0.875994575045209
