"exclude_index","aucs"
0,0.0051056338028169
60,0.00510563380281692
61,0.00510563380281692
39,0.00651408450704227
12,0.00510563380281692
