"exclude_index","aucs"
0,0.0120517342739565
73,0.01440329218107
14,0.0149911816578483
48,0.0155790711346267
39,0.0146972369194592
