"exclude_index","aucs"
0,0.00439367311072054
27,0.0193321616871705
22,0.0289982425307557
8,0.0149384885764499
