"exclude_index","aucs"
0,0.250437828371278
88,0.403677758318739
34,0.44045534150613
71,0.325744308231173
