"exclude_index","aucs"
0,0.0556042031523643
84,0.0871278458844133
72,0.155429071803853
17,0.262259194395797
33,0.0950087565674256
