"exclude_index","aucs"
0,0.924093879976233
20,0.988859180035651
84,0.98544266191325
