"exclude_index","aucs"
0,0.0105263157894737
11,0.0128654970760234
1,0.0105263157894737
