"exclude_index","aucs"
0,0.0888791593695271
25,0.123029772329247
10,0.125656742556918
1,0.130910683012259
58,0.127408056042032
