"exclude_index","aucs"
0,0.801408450704226
1,1
28,1
88,1
29,0.999295774647887
