"exclude_index","aucs"
0,0.00350262697022766
36,0.0192644483362522
18,0.0175131348511384
