"exclude_index","aucs"
0,0.397778899545684
11,0.827107521453811
48,0.856638061585058
34,0.858152448258455
55,0.858909641595154
18,0.854114083796062
