"exclude_index","aucs"
0,0.00249853027630809
3,0.00249853027630809
1,0.00249853027630809
4,0.00249853027630809
72,0.00837742504409172
49,0.00338036449147563
