"exclude_index","aucs"
0,0.659426987060999
31,0.737580868761552
69,0.729262939001848
