"exclude_index","aucs"
0,0.179929577464789
3,0.179929577464789
2,0.179929577464789
1,0.179929577464789
4,0.179929577464789
5,0.179929577464789
6,0.179929577464789
7,0.179929577464789
8,0.179929577464789
91,0.182746478873239
10,0.179929577464789
