"exclude_index","aucs"
0,0.108785906642729
39,0.108898114901257
25,0.108898114901257
43,0.108898114901257
18,0.108898114901257
45,0.108898114901257
55,0.108898114901257
78,0.108898114901257
14,0.108898114901257
61,0.108898114901257
20,0.108898114901257
1,0.108785906642729
