"exclude_index","aucs"
0,0.0055849500293945
13,0.00617283950617287
16,0.00617283950617287
1,0.00676072898295121
50,0.00676072898295121
28,0.0102880658436214
69,0.00617283950617287
