"exclude_index","aucs"
0,0.0287744227353463
84,0.213676731793961
19,0.243694493783304
66,0.231083481349912
