"exclude_index","aucs"
0,0.123179396092362
82,0.198490230905862
13,0.232948490230906
85,0.207371225577265
