"exclude_index","aucs"
0,0.00569176882661998
1,0.00569176882661998
3,0.00656742556917689
2,0.00569176882661998
