"exclude_index","aucs"
0,0.00528169014084512
1,0.00528169014084512
2,0.00528169014084512
3,0.00528169014084512
4,0.00528169014084512
5,0.00528169014084512
10,0.00528169014084512
7,0.00528169014084512
8,0.00528169014084512
6,0.00528169014084512
9,0.00528169014084512
11,0.00528169014084512
45,0.0123239436619719
12,0.00528169014084512
