"exclude_index","aucs"
0,0.000437828371278454
85,0.0144483362521891
5,0.00218914185639227
