"exclude_index","aucs"
0,0.179947460595447
58,0.214098073555166
86,0.211471103327496
