"exclude_index","aucs"
0,0.475222024866785
90,0.637033747779751
1,0.543428063943162
