"exclude_index","aucs"
0,0.0809982486865149
69,0.134413309982487
80,0.141418563922942
16,0.186952714535902
87,0.132661996497373
