"exclude_index","aucs"
0,0.0363397548161121
10,0.168563922942207
14,0.153677758318739
