"exclude_index","aucs"
0,0.819336743111697
52,0.869575977561458
91,0.900428972116812
34,0.850602210856294
