"exclude_index","aucs"
0,0.00790861159929701
78,0.0219683655536028
72,0.0101054481546573
