"exclude_index","aucs"
0,0.868323608617595
70,0.987264362657092
23,0.991752692998205
89,0.982327199281867
