"exclude_index","aucs"
0,0.265808170515097
92,0.486767317939609
39,0.492628774422736
28,0.539520426287745
51,0.545204262877442
71,0.581616341030195
55,0.506305506216697
