"exclude_index","aucs"
0,0.00580985915492959
51,0.0142605633802817
60,0.0213028169014085
90,0.0195422535211268
