"exclude_index","aucs"
0,0.00656234225138819
46,0.00681474003028774
24,0.00984351337708226
31,0.0204442200908632
88,0.0151438667339727
