"exclude_index","aucs"
0,0.00571177504393673
30,0.0144991212653779
9,0.00659050966608084
