"exclude_index","aucs"
0,0.00823045267489715
33,0.0135214579659024
68,0.0152851263962375
37,0.0173427395649618
40,0.0229276895943563
44,0.0188124632569077
