"exclude_index","aucs"
0,0.00549209138840068
29,0.00593145869947276
4,0.00593145869947276
13,0.00593145869947276
1,0.00593145869947276
18,0.00593145869947276
17,0.00593145869947276
86,0.00900702987697714
5,0.00593145869947276
