"exclude_index","aucs"
0,0.159465020576132
56,0.159465020576132
23,0.159465020576132
7,0.159465020576132
