"exclude_index","aucs"
0,0.00527240773286464
75,0.00966608084358522
9,0.0105448154657293
1,0.00527240773286464
