"exclude_index","aucs"
0,0.070079086115993
20,0.22122144112478
89,0.222978910369069
90,0.219903339191564
