"exclude_index","aucs"
0,0.00788091068301228
1,0.00788091068301228
2,0.00788091068301228
3,0.00788091068301228
85,0.00963222416812609
4,0.00788091068301228
