"exclude_index","aucs"
0,0.00681019332161685
79,0.0208699472759227
39,0.0296572934973638
7,0.0402021089630931
29,0.054701230228471
45,0.0582161687170474
17,0.161467486818981
4,0.0753514938488577
