"exclude_index","aucs"
0,0.00188053097345132
1,0.00298672566371681
5,0.00188053097345133
