"exclude_index","aucs"
0,0.0022887323943662
1,0.00228873239436621
12,0.00228873239436621
13,0.00404929577464793
7,0.00228873239436621
