"exclude_index","aucs"
0,0.427485380116959
32,0.513450292397661
88,0.480116959064327
