"exclude_index","aucs"
0,0.828188721698777
50,0.864470538602165
10,0.867001828153564
19,0.887322458163409
44,0.874947264801012
