"exclude_index","aucs"
0,0.0365497076023392
63,0.420760233918129
59,0.592105263157895
58,0.460526315789474
