"exclude_index","aucs"
0,0.703021090632719
27,1
35,0.898536956108683
