"exclude_index","aucs"
0,0.390333165068147
10,0.470343260979303
66,0.466304896516911
