"exclude_index","aucs"
0,0.00422535211267605
16,0.0369718309859155
13,0.0566901408450704
4,0.0316901408450704
