"exclude_index","aucs"
0,0.000584795321637429
53,0.00760233918128657
1,0.000584795321637429
