"exclude_index","aucs"
0,0.797888137271077
11,0.849612275202111
82,0.856871803332782
8,0.847137436066654
