"exclude_index","aucs"
0,0.00457746478873239
75,0.00457746478873242
16,0.00457746478873242
46,0.00457746478873242
27,0.00457746478873241
