"exclude_index","aucs"
0,0.565508021390375
10,0.813725490196079
64,0.855763517528223
53,0.764705882352941
