"exclude_index","aucs"
0,0.431260945709282
18,0.503940455341506
86,0.623029772329247
63,0.53984238178634
