"exclude_index","aucs"
0,0.660640799529689
39,0.720605526161082
54,0.653586125808348
