"exclude_index","aucs"
0,0.0799648506151142
67,0.330404217926186
90,0.415641476274165
86,0.291739894551845
