"exclude_index","aucs"
0,0.212865497076023
67,0.361988304093567
60,0.352631578947368
