"exclude_index","aucs"
0,0.481187536743092
52,0.664021164021164
83,0.673721340388007
64,0.601998824221047
