"exclude_index","aucs"
0,0.559203296703297
53,0.724038461538462
75,0.742582417582418
23,0.682554945054945
