"exclude_index","aucs"
0,0.360779074673042
23,0.513992406131345
75,0.550344536633385
1,0.498242160033751
