"exclude_index","aucs"
0,0.704731141934257
18,1
72,1
40,1
48,1
62,1
42,0.893976819304579
