"exclude_index","aucs"
0,0.00352112676056338
39,0.0056338028169014
12,0.0045774647887324
