"exclude_index","aucs"
0,0.00292397660818714
46,0.00467836257309943
77,0.0187134502923976
34,0.00350877192982457
