"exclude_index","aucs"
0,0.00116959064327486
5,0.00233918128654971
7,0.00233918128654971
4,0.00233918128654971
53,0.0116959064327486
8,0.00233918128654971
