"exclude_index","aucs"
0,0.0311711256940939
1,0.0311711256940939
2,0.0311711256940939
9,0.031675921251893
3,0.0311711256940939
