"exclude_index","aucs"
0,0.118141592920354
27,0.118141592920354
14,0.118141592920354
80,0.118362831858407
60,0.122566371681416
35,0.118362831858407
