"exclude_index","aucs"
0,0.183098591549296
34,0.183098591549296
44,0.183802816901408
8,0.183098591549296
