"exclude_index","aucs"
0,0.0709281961471104
25,0.140980735551664
16,0.152364273204904
62,0.142732049036778
