"exclude_index","aucs"
0,0.000437828371278454
25,0.00131348511383536
9,0.00131348511383536
31,0.00131348511383536
5,0.00131348511383536
54,0.00131348511383536
20,0.00131348511383536
18,0.00131348511383536
11,0.00131348511383536
36,0.00131348511383536
41,0.00131348511383536
34,0.00131348511383536
1,0.000437828371278454
