"exclude_index","aucs"
0,0.0402021089630932
90,0.0428383128295255
1,0.0402021089630932
