"exclude_index","aucs"
0,0
10,0.00175131348511381
31,0.00525394045534155
4,0.00175131348511381
