"exclude_index","aucs"
0,0.0410808435852373
27,0.224297012302285
52,0.224297012302285
11,0.21902460456942
