"exclude_index","aucs"
0,0.00292397660818714
62,0.00292397660818714
1,0.00292397660818714
