"exclude_index","aucs"
0,0.282480893592005
44,0.452087007642563
56,0.378894767783656
