"exclude_index","aucs"
0,0.15672514619883
60,0.313450292397661
34,0.329824561403509
17,0.332748538011696
32,0.347368421052632
7,0.450877192982456
50,0.373684210526316
