"exclude_index","aucs"
0,0.750659050966606
1,0.987917398945518
47,0.993629173989455
16,0.757249560632687
