"exclude_index","aucs"
0,0.710431312939388
36,0.853505605168155
23,1
4,1
6,1
70,1
68,0.788523655709672
