"exclude_index","aucs"
0,0.095012995451592
18,0.107586094866797
91,0.103654970760234
