"exclude_index","aucs"
0,0.24806338028169
44,0.306161971830986
50,0.257922535211268
