"exclude_index","aucs"
0,0.399798081776881
2,0.622917718324078
60,0.493185259969712
