"exclude_index","aucs"
0,0.343141592920354
40,0.482079646017699
39,0.402212389380531
