"exclude_index","aucs"
0,0.00241652021089631
1,0.00241652021089631
2,0.00241652021089631
3,0.00241652021089631
85,0.00329525483304041
4,0.00241652021089631
