"exclude_index","aucs"
0,0.00616197183098594
19,0.00616197183098595
33,0.00616197183098595
31,0.00616197183098595
9,0.00616197183098594
