"exclude_index","aucs"
0,0.00964912280701757
18,0.0166666666666666
20,0.0149122807017544
