"exclude_index","aucs"
0,0.00380116959064329
53,0.00438596491228072
31,0.00438596491228072
6,0.00438596491228072
1,0.00380116959064329
