"exclude_index","aucs"
0,0.146836007130125
42,0.204174093879976
46,0.208927510398099
71,0.181298276886512
