"exclude_index","aucs"
0,0.165204678362573
33,0.383333333333334
16,0.423684210526316
34,0.36578947368421
