"exclude_index","aucs"
0,0.420268164671149
14,0.436874692471707
3,0.922195341971461
73,0.909381663113006
