"exclude_index","aucs"
0,0.527924750146972
41,0.701646090534979
82,0.702527924750146
54,0.760435038212816
44,0.684891240446796
