"exclude_index","aucs"
0,0.275146198830409
13,0.542982456140351
80,0.597368421052632
59,0.582163742690059
