"exclude_index","aucs"
0,0.440893169877408
92,0.531961471103327
83,0.570490367775832
2,0.671190893169877
47,0.661558669001751
