"exclude_index","aucs"
0,0.004093567251462
38,0.0128654970760234
81,0.0146198830409357
55,0.00584795321637429
