"exclude_index","aucs"
0,0.0127886323268206
31,0.0349911190053286
46,0.0364120781527531
18,0.030373001776199
