"exclude_index","aucs"
0,0.259513274336283
7,0.260840707964602
16,0.24712389380531
