"exclude_index","aucs"
0,0.0084070796460177
15,0.0382743362831859
31,0.0393805309734513
16,0.0420353982300885
57,0.0329646017699115
