"exclude_index","aucs"
0,0.00510563380281693
63,0.0241197183098592
25,0.0272887323943662
60,0.0174295774647887
