"exclude_index","aucs"
0,0.743029197080293
42,0.780693430656935
39,0.80565693430657
63,0.80558394160584
