"exclude_index","aucs"
0,0.00812829525483305
1,0.00812829525483305
2,0.00812829525483305
3,0.00812829525483305
4,0.00812829525483305
5,0.00812829525483305
6,0.00812829525483305
7,0.00812829525483305
8,0.00812829525483305
9,0.00812829525483305
48,0.0103251318101933
10,0.00812829525483305
