"exclude_index","aucs"
0,0.00630994447248864
45,0.0116102978293791
91,0.0116102978293791
78,0.02221100454316
1,0.00681474003028774
