"exclude_index","aucs"
0,0
56,0.00526315789473686
1,0.00526315789473686
7,0.00526315789473686
25,0.00526315789473686
20,0.00526315789473686
35,0.00526315789473686
10,0.00526315789473686
28,0.00526315789473686
68,0.00526315789473686
66,0.00526315789473686
52,0.00526315789473686
87,0.004093567251462
