"exclude_index","aucs"
0,0.181578947368421
74,0.289181286549708
69,0.323099415204678
43,0.320175438596491
