"exclude_index","aucs"
0,0.186619718309859
36,0.187323943661972
47,0.18943661971831
20,0.187323943661972
