"exclude_index","aucs"
0,0.652701391135555
52,0.82012293756066
31,0.840666450986736
34,0.78453574894856
