"exclude_index","aucs"
0,0.802112676056338
21,0.934154929577465
45,0.884154929577465
