"exclude_index","aucs"
0,0.0985380116959064
63,0.314327485380117
81,0.297368421052632
