"exclude_index","aucs"
0,0.707371225577264
47,0.845559502664298
90,0.817317939609236
