"exclude_index","aucs"
0,0.133744855967078
11,0.228982951205173
80,0.266607877718989
10,0.236919459141681
