"exclude_index","aucs"
0,0.035672514619883
25,0.0444444444444445
49,0.043859649122807
