"exclude_index","aucs"
0,0.236283185840708
92,0.538053097345133
38,0.46858407079646
