"exclude_index","aucs"
0,0.104349736379613
45,0.292398945518453
4,0.527021089630932
33,0.42420913884007
