"exclude_index","aucs"
0,0.00457746478873239
6,0.00457746478873242
24,0.00457746478873242
13,0.00457746478873242
38,0.00457746478873242
33,0.00457746478873242
71,0.00457746478873242
16,0.00457746478873242
62,0.00457746478873241
