"exclude_index","aucs"
0,0.149323927101705
63,0.158730158730159
79,0.155202821869489
