"exclude_index","aucs"
0,0.0322934973637961
26,0.219463971880492
90,0.229130052724077
34,0.228690685413005
