"exclude_index","aucs"
0,0.727435855127464
54,0.799748370596484
20,0.765716525039187
