"exclude_index","aucs"
0,0.0380116959064328
5,0.0415204678362573
61,0.0415204678362573
70,0.0415204678362573
77,0.0403508771929825
