"exclude_index","aucs"
0,0.0823117338003503
2,0.363397548161121
35,0.293345008756567
