"exclude_index","aucs"
0,0.00193661971830987
58,0.0276408450704225
33,0.0367957746478873
23,0.0311619718309859
