"exclude_index","aucs"
0,0.00481611208406305
1,0.00481611208406305
2,0.00481611208406305
3,0.00481611208406305
73,0.0083187390542907
4,0.00481611208406305
