"exclude_index","aucs"
0,0.637981235846005
88,0.814137819475898
87,0.787123908120349
