"exclude_index","aucs"
0,0.00417398945518453
17,0.0204305799648506
14,0.0261423550087873
64,0.0257029876977153
