"exclude_index","aucs"
0,0.519005847953216
1,0.825438596491228
76,0.750584795321637
