"exclude_index","aucs"
0,0.9125678119349
49,0.952712477396021
35,0.884358047016274
