"exclude_index","aucs"
0,0.0431338028169014
28,0.0540492957746479
60,0.163204225352113
10,0.0515845070422535
