"exclude_index","aucs"
0,0.00834797891036905
44,0.015817223198594
67,0.0140597539543058
