"exclude_index","aucs"
0,0.00281690140845071
34,0.00281690140845073
46,0.00281690140845073
20,0.00281690140845073
5,0.00281690140845073
21,0.00281690140845073
32,0.00281690140845073
68,0.00281690140845073
12,0.00281690140845073
9,0.00281690140845073
8,0.00281690140845072
