"exclude_index","aucs"
0,0.00321637426900586
1,0.00321637426900586
2,0.00321637426900586
3,0.00321637426900586
4,0.00321637426900586
5,0.00321637426900586
6,0.00321637426900586
7,0.00321637426900586
8,0.00321637426900586
9,0.00321637426900586
10,0.00321637426900586
11,0.00321637426900586
12,0.00321637426900586
13,0.00321637426900586
14,0.00321637426900586
15,0.00321637426900586
16,0.00321637426900586
17,0.00321637426900586
18,0.00321637426900586
59,0.00438596491228072
19,0.00321637426900586
