"exclude_index","aucs"
0,0.0981985940246046
61,0.377636203866432
42,0.469903339191564
30,0.323154657293497
