"exclude_index","aucs"
0,0.157702915681639
37,0.159475965327029
52,0.161643026004728
55,0.158687943262411
