"exclude_index","aucs"
0,0.126465364120782
2,0.267140319715808
23,0.197868561278863
