"exclude_index","aucs"
0,0.106973995271868
92,0.179472025216706
26,0.305358550039401
44,0.254531126871553
