"exclude_index","aucs"
0,0.0105475763016158
1,0.0105475763016158
2,0.0105475763016158
3,0.0105475763016158
4,0.0105475763016158
69,0.0118940754039497
5,0.0105475763016158
