"exclude_index","aucs"
0,0.0120517342739565
71,0.0194003527336861
28,0.0161669606114051
