"exclude_index","aucs"
0,0.0021891418563923
25,0.0030647985989492
2,0.0030647985989492
6,0.0030647985989492
12,0.0030647985989492
15,0.0030647985989492
29,0.0030647985989492
4,0.0030647985989492
20,0.0030647985989492
37,0.0030647985989492
5,0.0030647985989492
3,0.0030647985989492
1,0.0021891418563923
