"exclude_index","aucs"
0,0.0123674911660777
71,0.0126198889449773
22,0.0126198889449773
29,0.0126198889449773
46,0.0126198889449773
20,0.0126198889449773
91,0.0126198889449773
24,0.0126198889449773
2,0.0126198889449773
59,0.0126198889449773
55,0.0126198889449773
56,0.0126198889449773
8,0.0126198889449773
3,0.0126198889449773
12,0.0126198889449773
16,0.0126198889449773
33,0.0126198889449773
36,0.0126198889449773
73,0.0126198889449773
42,0.0126198889449773
1,0.0123674911660777
