"exclude_index","aucs"
0,0.168713450292398
41,0.451754385964912
54,0.455263157894737
28,0.500292397660819
26,0.523684210526316
36,0.527777777777778
76,0.538304093567251
49,0.730116959064327
24,0.744736842105263
47,0.752923976608187
52,0.752923976608187
77,0.762865497076023
63,0.761695906432749
