"exclude_index","aucs"
0,0.00351493848857642
58,0.0105448154657293
1,0.00351493848857642
