"exclude_index","aucs"
0,0.00630994447248864
22,0.00681474003028774
24,0.00984351337708229
73,0.00984351337708226
