"exclude_index","aucs"
0,0.00233918128654971
76,0.016374269005848
26,0.00292397660818714
