"exclude_index","aucs"
0,0
7,0.00175131348511381
71,0.0157618213660246
4,0.00175131348511381
