"exclude_index","aucs"
0,0.0928865373309818
8,0.444444444444444
50,0.444444444444444
10,0.52880658436214
39,0.533803644914756
67,0.435920047031158
