"exclude_index","aucs"
0,0.440329218106996
26,0.659611992945326
32,0.490593768371546
