"exclude_index","aucs"
0,0.681614487415592
22,0.751780233271946
46,0.734898710865562
