"exclude_index","aucs"
0,0.00457746478873239
10,0.00528169014084507
71,0.00528169014084509
91,0.00528169014084507
