"exclude_index","aucs"
0,0.163232682060391
40,0.464120781527531
5,0.440674955595026
