"exclude_index","aucs"
0,0.491681260945709
51,0.672942206654991
20,0.535464098073555
