"exclude_index","aucs"
0,0.831083481349911
45,0.898401420959148
84,0.89911190053286
91,0.919893428063943
13,0.924511545293073
22,0.91101243339254
