"exclude_index","aucs"
0,0.0670774647887324
63,0.139964788732394
16,0.243485915492958
27,0.298767605633803
46,0.267781690140845
