"exclude_index","aucs"
0,0.0188036345280162
59,0.0246087834427057
17,0.0223372034326098
