"exclude_index","aucs"
0,0.0374269005847953
36,0.0584795321637427
92,0.0637426900584795
88,0.17953216374269
29,0.185380116959064
16,0.0549707602339182
