"exclude_index","aucs"
0,0.260526315789474
12,0.313157894736842
6,0.308479532163743
