"exclude_index","aucs"
0,0.296478873239437
20,0.477112676056338
91,0.666197183098592
2,0.655985915492958
