"exclude_index","aucs"
0,0.701311039331179
11,1
35,1
17,1
92,0.788523655709672
