"exclude_index","aucs"
0,0.364674868189807
6,0.431019332161687
91,0.440685413005272
39,0.415202108963093
