"exclude_index","aucs"
0,0.610482044645746
75,0.771433193141378
42,0.793917825946295
89,0.818343578130055
14,0.811226140407635
