"exclude_index","aucs"
0,0.105481727574751
1,0.105481727574751
2,0.105481727574751
3,0.105481727574751
4,0.105481727574751
5,0.105481727574751
6,0.105481727574751
18,0.105737285969844
37,0.105737285969844
20,0.106503961155124
10,0.10778175313059
43,0.106503961155124
