"exclude_index","aucs"
0,0.247144112478032
14,0.542838312829525
28,0.532293497363796
