"exclude_index","aucs"
0,0.904257741347906
68,0.911619611414694
44,0.912909836065574
48,0.991613539769277
35,0.913972374013358
