"exclude_index","aucs"
0,0.00197715289982425
23,0.00241652021089631
48,0.00241652021089631
42,0.00988576449912126
1,0.00197715289982425
