"exclude_index","aucs"
0,0.0788091068301225
81,0.117338003502627
75,0.140980735551664
24,0.154115586690018
9,0.145359019264448
