"exclude_index","aucs"
0,0.0808435852372583
22,0.219244288224956
30,0.233304042179262
60,0.228910369068541
