"exclude_index","aucs"
0,0.867613636363637
36,0.918118686868687
11,0.949431818181818
32,0.938531144781145
