"exclude_index","aucs"
0,0.139618406285073
21,0.20016835016835
52,0.189057239057239
