"exclude_index","aucs"
0,0.62448009506833
66,0.802881758764112
45,0.736036838978015
