"exclude_index","aucs"
0,0.348538011695906
18,0.693567251461988
83,0.795321637426901
59,0.607602339181286
