"exclude_index","aucs"
0,0.0445957820738137
85,0.219463971880492
75,0.219463971880492
72,0.198813708260105
