"exclude_index","aucs"
0,0.601010101010101
91,0.83407605466429
65,0.792632204396911
