"exclude_index","aucs"
0,0.793507132316773
89,0.842006886374816
31,0.909345794392524
65,0.844515494343335
