"exclude_index","aucs"
0,0.70131103933118
67,1
61,0.916207486224587
