"exclude_index","aucs"
0,0.624780316344464
74,0.749121265377856
24,0.709578207381371
