"exclude_index","aucs"
0,0.0907370015143867
33,0.213654719838465
74,0.290636042402827
26,0.265648662291772
