"exclude_index","aucs"
0,0.0866900175131349
32,0.124343257443082
68,0.177758318739054
18,0.348511383537653
27,0.212784588441331
