"exclude_index","aucs"
0,0.100700525394046
5,0.120840630472855
60,0.126970227670753
52,0.149737302977233
71,0.161120840630473
35,0.18739054290718
18,0.189141856392294
25,0.309982486865149
90,0.295096322241681
