"exclude_index","aucs"
0,0.153733098177543
24,0.153733098177543
36,0.153733098177543
