"exclude_index","aucs"
0,0.0542907180385289
19,0.174255691768827
18,0.21015761821366
71,0.120840630472855
