"exclude_index","aucs"
0,0.00630994447248865
10,0.00656234225138819
23,0.00807672892478546
64,0.00984351337708227
4,0.0065623422513882
