"exclude_index","aucs"
0,0.539354395604396
33,0.772870879120879
67,0.778365384615385
50,0.847596153846154
75,0.731662087912088
