"exclude_index","aucs"
0,0.274625689519306
9,0.639479905437352
24,0.608747044917258
