"exclude_index","aucs"
0,0.166812609457093
52,0.484676007005254
44,0.489054290718039
23,0.499562171628722
6,0.475919439579685
