"exclude_index","aucs"
0,0.537426900584795
23,0.784210526315789
4,0.784210526315789
80,0.634502923976607
