"exclude_index","aucs"
0,0.640377855887522
83,0.692223198594025
13,0.665861159929701
