"exclude_index","aucs"
0,0.579239766081871
14,0.863450292397661
21,0.871052631578947
63,0.871052631578947
31,0.871052631578947
16,0.871052631578947
4,0.866374269005848
