"exclude_index","aucs"
0,0.711988304093567
27,0.819590643274854
51,0.720175438596491
