"exclude_index","aucs"
0,0.81260945709282
31,0.905429071803853
89,0.847635726795096
