"exclude_index","aucs"
0,0.862423164024589
75,0.938935619540602
18,0.938773859592365
