"exclude_index","aucs"
0,0.541887125220459
13,0.64564961787184
36,0.583627278071723
