"exclude_index","aucs"
0,0.647985989492119
53,0.754816112084063
24,0.868651488616462
36,0.868651488616462
31,0.868651488616462
46,0.868651488616462
32,0.770577933450088
