"exclude_index","aucs"
0,0.600877192982456
31,0.730116959064327
65,0.730116959064327
50,0.730116959064327
7,0.662280701754386
