"exclude_index","aucs"
0,0.594062316284538
18,0.791005291005291
81,0.791005291005291
67,0.806584362139918
14,0.806584362139918
33,0.713991769547325
