"exclude_index","aucs"
0,0.707968476357268
64,0.867338003502627
50,0.731611208406305
