"exclude_index","aucs"
0,0.521528998242531
28,0.775483304042179
59,0.766695957820738
