"exclude_index","aucs"
0,0.577057793345009
5,0.741681260945709
88,0.741681260945709
61,0.741681260945709
18,0.741681260945709
13,0.603327495621716
