"exclude_index","aucs"
0,0.590140845070423
28,0.766901408450704
54,0.766901408450704
33,0.646478873239437
