"exclude_index","aucs"
0,0.543859649122807
86,0.663157894736842
28,0.687134502923977
74,0.663157894736842
