"exclude_index","aucs"
0,0.581716637272193
63,0.667548500881835
24,0.667548500881835
87,0.634920634920636
