"exclude_index","aucs"
0,0.67753108348135
49,0.696536412078153
61,0.696536412078153
45,0.692095914742452
