"exclude_index","aucs"
0,0.81260945709282
19,0.847635726795096
70,0.905429071803853
6,0.847635726795096
