"exclude_index","aucs"
0,0.860398230088496
23,0.861946902654868
37,0.867699115044248
1,0.867699115044248
14,0.86570796460177
