"exclude_index","aucs"
0,0.907411504424779
1,0.907853982300885
6,0.907853982300885
30,0.907853982300885
20,0.907853982300885
