"exclude_index","aucs"
0,0.590509666080844
22,0.698594024604569
31,0.739015817223199
9,0.739015817223199
53,0.739015817223199
32,0.739015817223199
90,0.739015817223199
6,0.739015817223199
33,0.698594024604569
