"exclude_index","aucs"
0,0.797329650092081
68,0.807274401473297
60,0.811141804788214
66,0.811203192142419
28,0.811141804788214
