"exclude_index","aucs"
0,0.741228070175439
91,0.983918128654971
15,0.748830409356725
