"exclude_index","aucs"
0,0.776801405975395
20,0.838312829525483
8,0.785588752196837
