"exclude_index","aucs"
0,0.88922942206655
47,0.998686514886165
40,0.88922942206655
