"exclude_index","aucs"
0,0.944439861409008
39,0.952029368091074
43,0.953761755485893
30,0.953761755485893
12,0.953761755485893
53,0.952029368091074
