"exclude_index","aucs"
0,0.687828371278459
66,0.735989492119089
24,0.6930823117338
