"exclude_index","aucs"
0,0.776801405975395
64,0.788224956063269
48,0.788224956063269
69,0.788224956063269
21,0.996485061511424
16,0.78207381370826
