"exclude_index","aucs"
0,0.629662522202487
59,0.764476021314387
37,0.653818827708703
