"exclude_index","aucs"
0,0.650352733686067
5,0.859053497942387
49,0.859053497942387
32,0.859053497942387
90,0.859053497942387
