"exclude_index","aucs"
0,0.550966608084358
4,0.733743409490334
74,0.739894551845343
53,0.739894551845343
33,0.739894551845343
91,0.594903339191564
