"exclude_index","aucs"
0,0.504613356766257
74,0.623242530755712
60,0.623242530755712
53,0.623242530755712
3,0.623242530755712
67,0.599956063268893
