"exclude_index","aucs"
0,0.901933158584536
68,0.91438401048493
78,0.91438401048493
14,0.906258191349936
