"exclude_index","aucs"
0,0.647985989492119
36,0.868651488616462
16,0.868651488616462
23,0.770577933450088
