"exclude_index","aucs"
0,0.564586994727592
29,0.610281195079086
17,0.605448154657293
