"exclude_index","aucs"
0,0.842397660818713
12,0.905555555555556
7,0.850584795321637
