"exclude_index","aucs"
0,0.51707530647986
23,0.678196147110333
51,0.678196147110333
43,0.664185639229422
