"exclude_index","aucs"
0,0.805166374781086
89,0.849824868651489
10,0.849824868651489
78,0.837565674255692
