"exclude_index","aucs"
0,0.765789473684211
5,0.920760233918129
21,0.920760233918129
63,0.920760233918129
19,0.920760233918129
83,0.768713450292398
