"exclude_index","aucs"
0,0.760544815465729
8,0.792618629173989
16,0.770650263620387
