"exclude_index","aucs"
0,0.552539404553415
58,0.725043782837128
68,0.7215411558669
