"exclude_index","aucs"
0,0.984655997360172
4,0.984820986635869
2,0.984820986635869
6,0.983171093878898
