"exclude_index","aucs"
0,0.540005047955578
72,0.726779404341242
17,0.553129732458354
