"exclude_index","aucs"
0,0.528896672504378
86,0.662872154115587
1,0.662872154115587
61,0.733800350262697
9,0.733800350262697
83,0.637478108581436
