"exclude_index","aucs"
0,0.56304920913884
12,0.649604569420035
4,0.649604569420035
38,0.611818980667838
