"exclude_index","aucs"
0,0.603508771929825
65,0.691812865497076
14,0.691812865497076
17,0.691812865497076
64,0.691812865497076
