"exclude_index","aucs"
0,0.635380116959064
88,0.755847953216374
50,0.755847953216374
38,0.693859649122807
