"exclude_index","aucs"
0,0.899617871840094
21,0.907260435038213
15,0.902851263962375
