"exclude_index","aucs"
0,0.511111111111111
45,0.710526315789474
41,0.580701754385965
