"exclude_index","aucs"
0,0.847787610619469
15,0.906194690265487
8,0.906194690265487
24,0.883628318584071
