"exclude_index","aucs"
0,0.794220665499124
72,0.873029772329247
18,0.873029772329247
21,0.873029772329247
45,0.873029772329247
47,0.873905429071804
40,0.787215411558669
