"exclude_index","aucs"
0,0.954049295774648
49,0.959330985915493
40,0.959330985915493
52,0.95862676056338
