"exclude_index","aucs"
0,0.588888888888889
46,0.858479532163743
12,0.796491228070175
