"exclude_index","aucs"
0,0.835672514619883
41,0.852046783625731
55,0.85906432748538
28,0.750877192982456
