"exclude_index","aucs"
0,0.881375227686703
57,0.881982392228294
68,0.886232544019429
73,0.885625379477838
