"exclude_index","aucs"
0,0.704964850615114
14,0.817442882249561
21,0.774384885764499
