"exclude_index","aucs"
0,0.647985989492119
1,0.746059544658494
53,0.82661996497373
30,0.82661996497373
58,0.82661996497373
62,0.901926444833625
39,0.901926444833625
59,0.901926444833625
4,0.82661996497373
