"exclude_index","aucs"
0,0.657218309859155
30,0.899119718309859
45,0.776584507042253
