"exclude_index","aucs"
0,0.510233918128655
61,0.806140350877193
70,0.646491228070175
