"exclude_index","aucs"
0,0.560211267605634
21,0.604929577464789
72,0.703169014084507
81,0.642957746478873
