"exclude_index","aucs"
0,0.771453590192644
68,0.86077057793345
5,0.78984238178634
