"exclude_index","aucs"
0,0.970750452079566
70,0.971745027124773
36,0.970750452079566
