"exclude_index","aucs"
0,0.647985989492119
64,0.868651488616462
63,0.754816112084063
