"exclude_index","aucs"
0,0.82786471479051
35,0.829126703685008
3,0.863200403836446
49,0.863452801615345
53,0.860171630489652
