"exclude_index","aucs"
0,0.65989010989011
31,0.660164835164835
19,0.687087912087912
61,0.684065934065934
