"exclude_index","aucs"
0,0.708844133099825
4,0.845446584938704
68,0.726357267950963
