"exclude_index","aucs"
0,0.98774463233897
3,0.988504655139654
12,0.988504655139654
1,0.988504655139654
46,0.988504655139654
9,0.988314649439483
