"exclude_index","aucs"
0,0.771751910640799
24,0.780276308054086
18,0.774103468547913
