"exclude_index","aucs"
0,0.964059330628804
25,0.965770791075051
7,0.964439655172414
