"exclude_index","aucs"
0,0.983176965383371
1,0.983662245228082
2,0.983662245228082
5,0.983015205435134
