"exclude_index","aucs"
0,0.910968660968663
5,0.920058336725005
52,0.915174331840999
