"exclude_index","aucs"
0,0.550966608084358
9,0.59402460456942
10,0.840949033391916
8,0.840949033391916
76,0.840949033391916
12,0.733743409490334
