"exclude_index","aucs"
0,0.70446584938704
18,0.79553415061296
65,0.720227670753065
