"exclude_index","aucs"
0,0.94612676056338
59,0.981338028169014
4,0.968661971830986
