"exclude_index","aucs"
0,0.606392294220665
11,0.650175131348511
56,0.751751313485114
60,0.650175131348511
