"exclude_index","aucs"
0,0.92825311942959
71,0.933600713012478
45,0.933600713012478
8,0.883689839572193
