"exclude_index","aucs"
0,0.941191317516406
55,0.95557799091368
21,0.948763250883392
