"exclude_index","aucs"
0,0.68853121967001
62,0.735765124555161
55,0.735765124555161
