"exclude_index","aucs"
0,0.647985989492119
65,0.869527145359019
8,0.770577933450088
