"exclude_index","aucs"
0,0.68528761061947
52,0.702765486725664
28,0.717809734513275
59,0.75320796460177
22,0.754092920353982
66,0.75320796460177
