"exclude_index","aucs"
0,0.804092920353983
2,0.845243362831859
91,0.799446902654868
