"exclude_index","aucs"
0,0.512775358606557
10,0.512967469262295
88,0.51290343237705
