"exclude_index","aucs"
0,0.597736625514403
9,0.630070546737213
88,0.651528512639624
56,0.651822457378013
28,0.651822457378013
64,0.600382128159906
