"exclude_index","aucs"
0,0.661669606114051
22,0.679012345679012
83,0.694885361552029
36,0.695473251028807
77,0.695473251028807
24,0.695473251028807
44,0.695473251028807
54,0.680776014109347
