"exclude_index","aucs"
0,0.548561946902655
24,0.641482300884956
44,0.589933628318584
