"exclude_index","aucs"
0,0.670254833040422
81,0.766476274165202
13,0.734841827768014
