"exclude_index","aucs"
0,0.983357664233577
1,0.983357664233577
86,0.983357664233577
2,0.983357664233577
