"exclude_index","aucs"
0,0.722516166960611
8,0.736625514403292
58,0.974426807760141
10,0.736919459141681
