"exclude_index","aucs"
0,0.750437828371278
64,0.989492119089317
41,0.989492119089317
60,0.971978984238179
