"exclude_index","aucs"
0,0.82761231701161
80,0.862948006057546
74,0.863705199394245
20,0.863200403836446
