"exclude_index","aucs"
0,0.693957968476357
13,0.720227670753065
50,0.847197898423818
21,0.717600700525394
