"exclude_index","aucs"
0,0.94612676056338
62,0.974295774647887
80,0.974295774647887
1,0.94612676056338
