"exclude_index","aucs"
0,0.780701754385965
56,0.833333333333333
15,0.830994152046784
