"exclude_index","aucs"
0,0.748686514886165
3,0.779334500875657
52,0.758318739054291
