"exclude_index","aucs"
0,0.966414835164835
30,0.968887362637363
73,0.968887362637363
55,0.968887362637363
37,0.968887362637363
62,0.968887362637363
61,0.968887362637363
1,0.966414835164835
