"exclude_index","aucs"
0,0.665552584670232
54,0.729426619132501
27,0.729426619132501
13,0.690805109922757
