"exclude_index","aucs"
0,0.700089126559715
1,0.708556149732621
51,0.860219845513963
16,0.860219845513963
82,0.655228758169935
