"exclude_index","aucs"
0,0.504393673110721
17,0.707381370826011
63,0.695957820738137
