"exclude_index","aucs"
0,0.784588441330998
20,0.785464098073555
5,0.785464098073555
7,0.785464098073555
27,0.785464098073555
64,0.785464098073555
1,0.780210157618214
