"exclude_index","aucs"
0,0.56305114638448
58,0.600382128159905
17,0.60214579659024
11,0.600088183421516
