"exclude_index","aucs"
0,0.832964601769912
46,0.858407079646018
2,0.858849557522124
1,0.833407079646018
