"exclude_index","aucs"
0,0.773642732049037
28,0.781523642732049
79,0.78415061295972
33,0.790280210157618
31,0.790280210157618
34,0.78415061295972
