"exclude_index","aucs"
0,0.657952548330404
60,0.803822495606327
91,0.803822495606327
42,0.803822495606327
4,0.887302284710018
89,0.813488576449912
