"exclude_index","aucs"
0,0.786777583187391
51,0.879597197898424
22,0.879597197898424
20,0.879597197898424
30,0.792031523642732
