"exclude_index","aucs"
0,0.871546149323927
85,0.893885949441505
19,0.900940623162846
4,0.900940623162846
7,0.900940623162846
13,0.900940623162846
8,0.893885949441505
