"exclude_index","aucs"
0,0.825146198830409
84,0.854970760233918
29,0.850877192982456
