"exclude_index","aucs"
0,0.717543859649123
32,0.742105263157895
18,0.831578947368421
5,0.74093567251462
