"exclude_index","aucs"
0,0.728546409807356
72,0.831873905429072
12,0.831873905429072
6,0.831873905429072
37,0.831873905429072
9,0.831873905429072
13,0.831873905429072
52,0.746059544658494
