"exclude_index","aucs"
0,0.542105263157895
66,0.766666666666667
68,0.766666666666667
25,0.766666666666667
10,0.766666666666667
27,0.766666666666667
36,0.755555555555556
