"exclude_index","aucs"
0,0.503502626970228
2,0.543782837127846
44,0.714535901926445
8,0.952714535901926
61,0.952714535901926
15,0.794220665499124
