"exclude_index","aucs"
0,0.508517699115044
56,0.594579646017699
89,0.595243362831858
37,0.552765486725664
