"exclude_index","aucs"
0,0.835087719298246
1,0.835087719298246
61,0.749122807017544
