"exclude_index","aucs"
0,0.694395796847636
9,0.843257443082312
27,0.718038528896672
