"exclude_index","aucs"
0,0.757880910683012
36,0.781523642732049
75,0.781523642732049
74,0.988178633975482
20,0.787653239929948
