"exclude_index","aucs"
0,0.983581365253963
5,0.983581365253963
2,0.983581365253963
1,0.982934325461016
