"exclude_index","aucs"
0,0.699415204678363
52,0.809356725146199
39,0.813450292397661
2,0.813450292397661
40,0.8
