"exclude_index","aucs"
0,0.562280701754386
1,0.575146198830409
84,0.699122807017544
27,0.699122807017544
64,0.675730994152047
