"exclude_index","aucs"
0,0.830107771706133
40,0.839974195506983
70,0.839974195506983
