"exclude_index","aucs"
0,0.732860770207363
64,0.74174777824799
55,0.742065171392297
69,0.745768091409225
83,0.741959373677528
