"exclude_index","aucs"
0,0.842591240875913
64,0.843175182481753
33,0.843175182481753
78,0.843102189781023
