"exclude_index","aucs"
0,0.701401050788091
10,0.715411558669002
38,0.856392294220666
40,0.715411558669002
