"exclude_index","aucs"
0,0.687828371278459
71,0.72723292469352
83,0.735989492119089
79,0.728984238178634
