"exclude_index","aucs"
0,0.646672504378284
34,0.869964973730298
24,0.762259194395797
