"exclude_index","aucs"
0,0.649299474605954
56,0.868213660245184
24,0.748248686514886
