"exclude_index","aucs"
0,0.871546149323927
8,0.871546149323927
61,0.893885949441505
13,0.900940623162846
12,0.900940623162846
21,0.900940623162846
37,0.900940623162846
92,0.900940623162846
4,0.871546149323927
