"exclude_index","aucs"
0,0.688266199649737
82,0.69614711033275
22,0.725043782837128
53,0.725043782837128
1,0.730297723292469
37,0.845884413309983
70,0.845884413309983
45,0.845884413309983
64,0.62784588441331
