"exclude_index","aucs"
0,0.542397660818714
76,0.766959064327485
31,0.755263157894737
