"exclude_index","aucs"
0,0.835380116959064
1,0.867543859649123
2,0.861111111111111
