"exclude_index","aucs"
0,0.911111111111111
1,0.911111111111111
2,0.911111111111111
30,0.904093567251462
