"exclude_index","aucs"
0,0.73118597320725
47,0.755023640661939
17,0.752462568951931
