"exclude_index","aucs"
0,0.717543859649123
39,0.739181286549708
23,0.739181286549708
68,0.721637426900585
