"exclude_index","aucs"
0,0.51707530647986
24,0.678196147110333
64,0.678196147110333
61,0.664185639229422
