"exclude_index","aucs"
0,0.808231173380035
43,0.84938704028021
19,0.84938704028021
31,0.84938704028021
28,0.83800350262697
