"exclude_index","aucs"
0,0.883274647887324
44,0.903697183098592
54,0.926232394366197
88,0.926232394366197
28,0.926232394366197
12,0.926232394366197
53,0.926232394366197
20,0.926232394366197
68,0.72693661971831
