"exclude_index","aucs"
0,0.692327107521454
26,0.75037859666835
50,0.762493690055528
36,0.762493690055528
21,0.762493690055528
79,0.762493690055528
29,0.734729934376577
