"exclude_index","aucs"
0,0.827464788732394
4,0.838380281690141
19,0.830633802816901
