"exclude_index","aucs"
0,0.970705244122965
24,0.971699819168173
5,0.971699819168173
25,0.971699819168173
74,0.971699819168173
35,0.971699819168173
53,0.971699819168173
9,0.971699819168173
