"exclude_index","aucs"
0,0.789473684210526
72,0.791228070175439
25,0.792982456140351
22,0.792982456140351
67,0.791228070175439
