"exclude_index","aucs"
0,0.542105263157895
45,0.756140350877193
5,0.766666666666667
11,0.771345029239766
22,0.771345029239766
41,0.771345029239766
25,0.700584795321637
