"exclude_index","aucs"
0,0.855448154657294
50,0.862038664323375
42,0.922231985940246
20,0.698594024604569
