"exclude_index","aucs"
0,0.881370826010545
9,0.941124780316344
7,0.941124780316344
1,0.941124780316344
2,0.742530755711775
