"exclude_index","aucs"
0,0.755052724077329
30,0.820518453427065
70,0.820518453427065
7,0.820518453427065
50,0.805140597539543
