"exclude_index","aucs"
0,0.67254556143445
21,0.702527924750148
10,0.702527924750148
67,0.679894179894181
