"exclude_index","aucs"
0,0.910968660968663
4,0.920058336725005
55,0.920058336725005
