"exclude_index","aucs"
0,0.697898230088496
52,0.718694690265487
30,0.701659292035398
