"exclude_index","aucs"
0,0.728654970760234
19,0.74093567251462
8,0.908771929824561
54,0.736842105263158
