"exclude_index","aucs"
0,0.709701178451178
69,0.722622053872054
59,0.722495791245792
