"exclude_index","aucs"
0,0.788011695906433
48,0.792690058479532
28,0.792690058479532
68,0.90906432748538
65,0.794444444444445
