"exclude_index","aucs"
0,0.966341030195382
40,0.980550621669627
37,0.980550621669627
62,0.980550621669627
