"exclude_index","aucs"
0,0.805973451327434
11,0.818805309734514
75,0.811725663716815
