"exclude_index","aucs"
0,0.610817166372722
63,0.696649029982364
26,0.696649029982364
41,0.681951793062904
