"exclude_index","aucs"
0,0.529541446208113
50,0.664168136390359
14,0.664168136390359
26,0.662992357436802
