"exclude_index","aucs"
0,0.660346854791299
66,0.832304526748971
2,0.666225749559083
