"exclude_index","aucs"
0,0.602889667250438
55,0.631786339754816
29,0.757005253940455
17,0.646672504378284
