"exclude_index","aucs"
0,0.578070175438596
41,0.757017543859649
75,0.598538011695906
