"exclude_index","aucs"
0,0.781085814360771
10,0.784588441330998
23,0.786339754816112
30,0.786339754816112
57,0.786339754816112
1,0.784588441330998
