"exclude_index","aucs"
0,0.835380116959064
1,0.835380116959064
37,0.841812865497076
45,0.861111111111111
24,0.861111111111111
64,0.841812865497076
