"exclude_index","aucs"
0,0.584063047285464
63,0.751313485113835
41,0.751313485113835
69,0.995621716287215
21,0.995621716287215
14,0.995621716287215
1,0.751313485113835
