"exclude_index","aucs"
0,0.70446584938704
3,0.720227670753065
39,0.807793345008757
8,0.807793345008757
5,0.800788091068301
