"exclude_index","aucs"
0,0.551930671347084
8,0.567551557700748
53,0.567463799912244
