"exclude_index","aucs"
0,0.94612676056338
39,0.971478873239437
2,0.981338028169014
70,0.974295774647887
