"exclude_index","aucs"
0,0.610211267605634
34,0.705633802816901
43,0.725704225352113
23,0.725704225352113
1,0.610211267605634
