"exclude_index","aucs"
0,0.691119378841799
26,0.739162083468133
62,0.717648010352637
