"exclude_index","aucs"
0,0.81260945709282
91,0.905429071803853
41,0.905429071803853
80,0.942206654991243
10,0.933450087565674
