"exclude_index","aucs"
0,0.891418563922942
4,0.891418563922942
1,0.891418563922942
36,0.670753064798599
