"exclude_index","aucs"
0,0.707968476357268
31,0.869089316987741
22,0.730735551663748
