"exclude_index","aucs"
0,0.647985989492119
82,0.869527145359019
44,0.869527145359019
27,0.869527145359019
12,0.743432574430823
