"exclude_index","aucs"
0,0.53625730994152
61,0.67719298245614
80,0.685380116959064
34,0.632163742690059
