"exclude_index","aucs"
0,0.748248686514886
10,0.752626970227671
76,0.881348511383538
40,0.881348511383538
12,0.881348511383538
75,0.881348511383538
6,0.757880910683012
