"exclude_index","aucs"
0,0.691330998248687
16,0.696584938704028
5,0.744746059544658
59,0.744746059544658
4,0.693957968476357
