"exclude_index","aucs"
0,0.678947368421053
11,0.812280701754386
58,0.812280701754386
37,0.812280701754386
30,0.812280701754386
9,0.684795321637427
