"exclude_index","aucs"
0,0.5
87,0.793345008756567
46,0.793345008756567
42,0.760070052539405
