"exclude_index","aucs"
0,0.758359163753875
58,0.791597968739696
68,0.779298291894744
