"exclude_index","aucs"
0,0.891418563922942
41,0.891418563922942
58,0.765323992994746
