"exclude_index","aucs"
0,0.770598591549296
38,0.83080985915493
28,0.83080985915493
29,0.83080985915493
49,0.83080985915493
20,0.83080985915493
34,0.83080985915493
19,0.782570422535211
