"exclude_index","aucs"
0,0.646672504378284
11,0.743870402802102
53,0.743870402802102
4,0.743870402802102
29,0.869964973730298
37,0.869964973730298
32,0.798161120840631
