"exclude_index","aucs"
0,0.693957968476357
59,0.842819614711033
26,0.842819614711033
31,0.842819614711033
51,0.717600700525394
