"exclude_index","aucs"
0,0.691330998248687
71,0.735113835376532
81,0.735113835376532
1,0.943520140105079
36,0.874343257443082
