"exclude_index","aucs"
0,0.981684981684982
85,0.983041649708316
1,0.981684981684982
