"exclude_index","aucs"
0,0.910790513833993
15,0.914584980237155
85,0.914584980237155
