"exclude_index","aucs"
0,0.734238178633976
85,0.880472854640981
27,0.753502626970228
