"exclude_index","aucs"
0,0.928063943161634
39,0.938721136767318
36,0.938721136767318
18,0.938721136767318
13,0.938721136767318
15,0.938721136767318
4,0.938721136767318
57,0.938721136767318
44,0.93854351687389
