"exclude_index","aucs"
0,0.661111111111111
85,0.680994152046784
17,0.721345029239766
20,0.680994152046784
