"exclude_index","aucs"
0,0.832554945054945
92,0.852747252747253
45,0.852747252747253
29,0.796016483516484
