"exclude_index","aucs"
0,0.664563351842504
21,0.751892983341747
62,0.751892983341747
90,0.751892983341747
82,0.751892983341747
68,0.671378091872791
