"exclude_index","aucs"
0,0.742982456140351
37,0.758187134502924
48,0.985087719298246
63,0.985087719298246
4,0.758187134502924
