"exclude_index","aucs"
0,0.744068541300527
8,0.763400702987698
7,0.81304920913884
51,0.81304920913884
4,0.744947275922671
