"exclude_index","aucs"
0,0.669524425752183
83,0.745713361371724
28,0.692332578453574
