"exclude_index","aucs"
0,0.552539404553415
4,0.7215411558669
17,0.7215411558669
10,0.655866900175131
