"exclude_index","aucs"
0,0.689141856392294
32,0.735551663747811
1,0.735551663747811
13,0.866024518388792
18,0.866024518388792
57,0.725043782837128
