"exclude_index","aucs"
0,0.533712784588441
91,0.698336252189142
22,0.730735551663748
48,0.730735551663748
6,0.730735551663748
63,0.730735551663748
17,0.730735551663748
53,0.597635726795096
