"exclude_index","aucs"
0,0.643892794376098
19,0.735720562390158
81,0.735720562390158
8,0.622363796133568
