"exclude_index","aucs"
0,0.978832442067736
92,0.979426619132502
14,0.979426619132502
71,0.979426619132502
87,0.979426619132502
24,0.979426619132502
28,0.979426619132502
61,0.979426619132502
26,0.979426619132502
85,0.979426619132502
54,0.979426619132502
72,0.979426619132502
27,0.97927807486631
