"exclude_index","aucs"
0,0.647985989492119
1,0.868651488616462
60,0.82661996497373
