"exclude_index","aucs"
0,0.680799648506151
8,0.68914762741652
21,0.762521968365553
1,0.762521968365553
28,0.769991212653778
35,0.776581722319859
5,0.778339191564148
17,0.782293497363796
25,0.784050966608084
59,0.784050966608084
