"exclude_index","aucs"
0,0.885764499121265
33,0.904217926186292
87,0.930579964850615
27,0.904217926186292
