"exclude_index","aucs"
0,0.787346221441125
87,0.790861159929701
12,0.843585237258348
39,0.790861159929701
