"exclude_index","aucs"
0,0.646672504378284
20,0.869964973730298
28,0.869964973730298
6,0.757880910683012
