"exclude_index","aucs"
0,0.517345928553751
21,0.529968649451366
51,0.529968649451366
37,0.529968649451366
9,0.529968649451366
68,0.529968649451366
53,0.529968649451366
67,0.529968649451366
83,0.529968649451366
41,0.517345928553751
