"exclude_index","aucs"
0,0.761821366024518
21,0.992119089316988
79,0.992119089316988
19,0.992119089316988
78,0.992119089316988
54,0.992119089316988
74,0.788966725043783
