"exclude_index","aucs"
0,0.690017513134851
46,0.695271453590193
34,0.834500875656743
11,0.708406304728546
