"exclude_index","aucs"
0,0.744444444444444
12,0.986549707602339
27,0.75906432748538
