"exclude_index","aucs"
0,0.756370826010545
87,0.878075571177504
64,0.828866432337434
