"exclude_index","aucs"
0,0.716503267973857
30,0.729575163398693
69,0.729426619132502
