"exclude_index","aucs"
0,0.744444444444444
46,0.794736842105263
16,0.940350877192982
27,0.878362573099415
