"exclude_index","aucs"
0,0.572310405643739
74,0.729570840681952
43,0.623456790123457
