"exclude_index","aucs"
0,0.513429897342146
92,0.524891013922093
58,0.525031641119392
48,0.524891013922093
