"exclude_index","aucs"
0,0.684534270650264
80,0.755711775043937
49,0.755711775043937
10,0.695518453427065
