"exclude_index","aucs"
0,0.910149384885764
3,0.910149384885765
54,0.913664323374341
1,0.910149384885764
