"exclude_index","aucs"
0,0.881370826010545
2,0.895430579964851
90,0.958699472759227
13,0.958699472759227
12,0.902460456942003
