"exclude_index","aucs"
0,0.788011695906433
29,0.792690058479532
50,0.789766081871345
