"exclude_index","aucs"
0,0.638011695906433
82,0.692982456140351
34,0.726900584795322
64,0.726900584795322
2,0.726900584795322
39,0.764912280701754
31,0.764912280701754
24,0.764912280701754
62,0.764912280701754
89,0.680701754385965
