"exclude_index","aucs"
0,0.792397660818714
14,0.828654970760234
70,0.847368421052632
19,0.847368421052632
59,0.847368421052632
51,0.846198830409357
