"exclude_index","aucs"
0,0.833625218914186
29,0.865148861646235
55,0.978984238178634
46,0.978984238178634
65,0.978984238178634
47,0.978984238178634
1,0.833625218914186
