"exclude_index","aucs"
0,0.54327485380117
41,0.686549707602339
82,0.725730994152047
49,0.740350877192983
24,0.729239766081871
