"exclude_index","aucs"
0,0.970750452079566
18,0.971745027124774
70,0.971745027124774
9,0.971745027124774
81,0.971745027124774
12,0.950045207956602
