"exclude_index","aucs"
0,0.508771929824561
16,0.684795321637427
86,0.597076023391813
