"exclude_index","aucs"
0,0.866981855353948
27,0.877076411960133
47,0.877076411960133
41,0.878609762330692
23,0.891004344492716
28,0.890748786097623
