"exclude_index","aucs"
0,0.603801169590643
79,0.783333333333333
46,0.783918128654971
69,0.783918128654971
62,0.783918128654971
25,0.783918128654971
14,0.783918128654971
82,0.778654970760234
