"exclude_index","aucs"
0,0.632456140350877
52,0.747076023391813
32,0.859941520467836
1,0.595614035087719
