"exclude_index","aucs"
0,0.586971830985915
58,0.732746478873239
46,0.651760563380282
