"exclude_index","aucs"
0,0.914689550731954
5,0.91670873296315
48,0.91670873296315
2,0.914689550731954
