"exclude_index","aucs"
0,0.781085814360771
26,0.786339754816112
90,0.786339754816112
57,0.784588441330998
