"exclude_index","aucs"
0,0.671190893169877
61,0.891856392294221
22,0.778021015761821
