"exclude_index","aucs"
0,0.647985989492119
75,0.868651488616462
79,0.868651488616462
17,0.868651488616462
29,0.754816112084063
