"exclude_index","aucs"
0,0.980730223123732
86,0.981871196754564
31,0.981871196754564
1,0.980730223123732
