"exclude_index","aucs"
0,0.59938704028021
69,0.645796847635727
18,0.609894921190893
