"exclude_index","aucs"
0,0.512166962699822
76,0.747868561278863
78,0.747868561278863
44,0.730461811722913
