"exclude_index","aucs"
0,0.789473684210526
12,0.792982456140351
30,0.792982456140351
1,0.792982456140351
15,0.794736842105263
6,0.794736842105263
84,0.871929824561404
19,0.871929824561404
25,0.871929824561404
11,0.871929824561404
45,0.784795321637427
