"exclude_index","aucs"
0,0.550584795321638
38,0.706140350877193
56,0.706140350877193
6,0.706140350877193
40,0.706140350877193
57,0.706140350877193
7,0.706140350877193
39,0.797368421052632
4,0.750584795321637
