"exclude_index","aucs"
0,0.699649737302977
36,0.857267950963222
18,0.857267950963222
34,0.857267950963222
43,0.857267950963222
78,0.868651488616462
40,0.720665499124343
