"exclude_index","aucs"
0,0.545096322241681
18,0.718476357267951
87,0.718476357267951
79,0.603765323992995
