"exclude_index","aucs"
0,0.69045534150613
90,0.73861646234676
53,0.718476357267951
