"exclude_index","aucs"
0,0.566549295774648
35,0.671478873239437
46,0.782746478873239
22,0.782746478873239
4,0.782746478873239
91,0.782746478873239
69,0.671478873239437
