"exclude_index","aucs"
0,0.526880363452802
32,0.751009591115598
10,0.539752650176678
