"exclude_index","aucs"
0,0.774956217162872
83,0.825744308231173
76,0.82399299474606
