"exclude_index","aucs"
0,0.689141856392294
92,0.731173380035026
67,0.731173380035026
20,0.697898423817863
