"exclude_index","aucs"
0,0.842397660818713
92,0.907309941520468
6,0.907309941520468
86,0.904385964912281
