"exclude_index","aucs"
0,0.808669001751314
16,0.848949211908932
1,0.848949211908932
29,0.848949211908932
62,0.848949211908932
2,0.839316987740806
