"exclude_index","aucs"
0,0.786842105263158
56,0.792690058479532
32,0.792690058479532
29,0.792690058479532
28,0.792690058479532
39,0.795029239766082
92,0.796783625730994
1,0.913157894736842
6,0.911988304093567
