"exclude_index","aucs"
0,0.76493848857645
16,0.865553602811951
42,0.781195079086116
