"exclude_index","aucs"
0,0.841898563734291
29,0.843581687612209
1,0.843581687612209
50,0.818559245960503
