"exclude_index","aucs"
0,0.774956217162872
7,0.825744308231173
39,0.825744308231173
18,0.82399299474606
