"exclude_index","aucs"
0,0.584502923976608
13,0.733625730994152
14,0.730701754385965
