"exclude_index","aucs"
0,0.529334500875657
75,0.699211908931699
31,0.705341506129597
72,0.699211908931699
