"exclude_index","aucs"
0,0.690017513134851
14,0.695271453590193
18,0.690893169877408
