"exclude_index","aucs"
0,0.768959435626102
8,0.870076425631981
24,0.780129335684891
