"exclude_index","aucs"
0,0.5
31,0.793345008756567
13,0.760070052539405
