"exclude_index","aucs"
0,0.71015761821366
32,0.727670753064799
60,0.846760070052539
41,0.846760070052539
44,0.66199649737303
