"exclude_index","aucs"
0,0.884734513274336
29,0.913716814159292
13,0.889823008849558
