"exclude_index","aucs"
0,0.55672514619883
28,0.639181286549708
53,0.785380116959064
61,0.610526315789474
