"exclude_index","aucs"
0,0.916549295774648
1,0.916549295774648
90,0.916549295774648
11,0.919014084507042
18,0.919014084507042
87,0.919014084507042
28,0.916549295774648
