"exclude_index","aucs"
0,0.646672504378284
68,0.869964973730298
71,0.869964973730298
8,0.869964973730298
18,0.869964973730298
11,0.757880910683012
