"exclude_index","aucs"
0,0.648736037624926
3,0.725161669606114
41,0.725161669606114
38,0.678130511463845
