"exclude_index","aucs"
0,0.574868651488616
18,0.584500875656743
58,0.743870402802102
13,0.743870402802102
19,0.613397548161121
