"exclude_index","aucs"
0,0.639059753954306
34,0.640817223198594
1,0.639059753954306
