"exclude_index","aucs"
0,0.507309941520468
47,0.68625730994152
39,0.580994152046784
