"exclude_index","aucs"
0,0.761821366024518
80,0.992119089316988
55,0.992119089316988
14,0.762697022767075
