"exclude_index","aucs"
0,0.646672504378284
18,0.869964973730298
39,0.753502626970228
