"exclude_index","aucs"
0,0.800352112676056
43,0.804225352112676
51,0.804225352112676
55,0.838028169014085
86,0.838028169014085
88,0.838028169014085
3,0.838028169014085
72,0.838028169014085
34,0.80387323943662
