"exclude_index","aucs"
0,0.574253075571177
25,0.81634446397188
16,0.81634446397188
12,0.756151142355009
