"exclude_index","aucs"
0,0.620606326889279
91,0.832820738137083
85,0.832820738137083
15,0.677724077328647
