"exclude_index","aucs"
0,0.906634446397188
5,0.913224956063269
37,0.913224956063269
1,0.914982425307557
19,0.914982425307557
14,0.914982425307557
11,0.914982425307557
2,0.913224956063269
