"exclude_index","aucs"
0,0.991992882562278
1,0.992316402458751
4,0.992316402458751
23,0.992316402458751
7,0.992316402458751
