"exclude_index","aucs"
0,0.979129530600119
82,0.979426619132502
11,0.979426619132502
68,0.97927807486631
