"exclude_index","aucs"
0,0.528896672504378
16,0.677758318739054
90,0.656742556917688
