"exclude_index","aucs"
0,0.598538011695906
32,0.702631578947368
71,0.733625730994152
34,0.702631578947368
