"exclude_index","aucs"
0,0.615597345132744
45,0.673340707964602
36,0.696128318584071
90,0.683738938053097
