"exclude_index","aucs"
0,0.576608187134503
50,0.757894736842105
10,0.757894736842105
7,0.816374269005848
14,0.757894736842105
