"exclude_index","aucs"
0,0.660245183887916
24,0.674255691768827
67,0.691768826619965
61,0.793345008756567
31,0.688266199649737
