"exclude_index","aucs"
0,0.704189803129733
64,0.704189803129733
54,0.714790509843514
81,0.729429581019687
85,0.73346794548208
3,0.778394750126199
78,0.780413932357395
26,0.717819283190308
