"exclude_index","aucs"
0,0.709719789842382
30,0.757005253940455
73,0.757005253940455
80,0.757005253940455
39,0.730735551663748
