"exclude_index","aucs"
0,0.835380116959064
3,0.835380116959064
8,0.867543859649123
21,0.867543859649123
64,0.867543859649123
15,0.867543859649123
42,0.851754385964912
