"exclude_index","aucs"
0,0.625656742556918
12,0.792031523642732
37,0.792031523642732
51,0.651050788091068
