"exclude_index","aucs"
0,0.647985989492119
78,0.868651488616462
21,0.868651488616462
28,0.868651488616462
10,0.739054290718039
