"exclude_index","aucs"
0,0.787653239929948
68,0.861208406304729
1,0.787653239929948
