"exclude_index","aucs"
0,0.647985989492119
14,0.868651488616462
88,0.868651488616462
19,0.770577933450088
