"exclude_index","aucs"
0,0.733658969804618
55,0.764031971580816
7,0.736678507992894
