"exclude_index","aucs"
0,0.739964788732394
26,0.790316901408451
51,0.790316901408451
7,0.790316901408451
32,0.750176056338028
