"exclude_index","aucs"
0,0.587719298245614
50,0.688888888888889
13,0.739181286549708
38,0.738011695906433
