"exclude_index","aucs"
0,0.708771929824561
39,0.813450292397661
8,0.864327485380117
85,0.864327485380117
2,0.813450292397661
