"exclude_index","aucs"
0,0.542690058479532
63,0.753216374269006
26,0.767251461988304
15,0.767251461988304
16,0.767251461988304
33,0.918713450292398
9,0.918713450292398
80,0.918713450292398
92,0.918713450292398
1,0.767251461988304
