"exclude_index","aucs"
0,0.617836257309942
5,0.66578947368421
85,0.648245614035088
