"exclude_index","aucs"
0,0.807602339181287
20,0.830994152046784
52,0.830994152046784
56,0.827485380116959
