"exclude_index","aucs"
0,0.956996047430831
71,0.976758893280632
5,0.976758893280632
10,0.976126482213439
