"exclude_index","aucs"
0,0.615814226925338
47,0.734861845972957
34,0.678718400940623
