"exclude_index","aucs"
0,0.848538011695906
63,0.892397660818714
20,0.892397660818714
82,0.903508771929825
79,0.892397660818714
