"exclude_index","aucs"
0,0.965985790408526
55,0.980550621669627
23,0.980550621669627
37,0.980017761989343
