"exclude_index","aucs"
0,0.644483362521891
35,0.740805604203152
67,0.870402802101576
39,0.870402802101576
52,0.870402802101576
80,0.870402802101576
10,0.870402802101576
88,0.740805604203152
