"exclude_index","aucs"
0,0.546847635726795
27,0.737740805604203
47,0.592381786339755
