"exclude_index","aucs"
0,0.808669001751314
26,0.848949211908932
77,0.837565674255692
