"exclude_index","aucs"
0,0.574868651488616
8,0.731611208406305
2,0.730735551663748
