"exclude_index","aucs"
0,0.680701754385965
24,0.725146198830409
22,0.795906432748538
92,0.795906432748538
45,0.719298245614035
