"exclude_index","aucs"
0,0.691330998248687
51,0.714973730297723
3,0.696584938704028
