"exclude_index","aucs"
0,0.831866197183099
24,0.895246478873239
19,0.886795774647887
