"exclude_index","aucs"
0,0.833651642475172
7,0.867756193386445
24,0.851822547200698
