"exclude_index","aucs"
0,0.979055258467023
1,0.979203802733215
3,0.979203802733215
8,0.979203802733215
2,0.979203802733215
6,0.978015448603684
