"exclude_index","aucs"
0,0.896505647438483
10,0.912540338846309
45,0.927667406212182
65,0.901346308995563
