"exclude_index","aucs"
0,0.744444444444444
20,0.986549707602339
41,0.986549707602339
35,0.849707602339181
