"exclude_index","aucs"
0,0.61374269005848
88,0.791520467836257
53,0.627777777777778
