"exclude_index","aucs"
0,0.98416102953308
1,0.984820986635869
39,0.984820986635869
66,0.984820986635869
28,0.984820986635869
60,0.984820986635869
16,0.984820986635869
