"exclude_index","aucs"
0,0.79246935201401
27,0.794220665499124
16,0.877408056042032
13,0.813485113835376
