"exclude_index","aucs"
0,0.647985989492119
22,0.754816112084063
12,0.868651488616462
69,0.770577933450088
