"exclude_index","aucs"
0,0.560413005272407
21,0.632469244288225
8,0.632469244288225
19,0.62719683655536
