"exclude_index","aucs"
0,0.529782937910146
43,0.663301362948006
29,0.6113074204947
