"exclude_index","aucs"
0,0.808669001751314
6,0.848949211908932
1,0.848949211908932
39,0.839316987740806
