"exclude_index","aucs"
0,0.547007042253521
69,0.636795774647887
66,0.636795774647887
72,0.636795774647887
2,0.636795774647887
10,0.58362676056338
