"exclude_index","aucs"
0,0.575146198830409
45,0.714912280701754
60,0.714912280701754
39,0.714912280701754
64,0.714912280701754
8,0.714912280701754
58,0.690350877192982
