"exclude_index","aucs"
0,0.81260945709282
67,0.905429071803853
57,0.847635726795096
