"exclude_index","aucs"
0,0.940623162845385
41,0.97119341563786
27,0.970017636684303
