"exclude_index","aucs"
0,0.747373029772329
14,0.778021015761821
61,0.757880910683012
