"exclude_index","aucs"
0,0.597368421052632
7,0.661695906432749
19,0.719590643274854
75,0.661695906432749
