"exclude_index","aucs"
0,0.755457746478873
43,0.782570422535211
82,0.782570422535211
7,0.770246478873239
