"exclude_index","aucs"
0,0.841228070175439
35,0.894444444444444
92,0.905555555555556
45,0.894444444444444
