"exclude_index","aucs"
0,0.764619883040936
24,0.848830409356725
39,0.848830409356725
63,0.809649122807018
