"exclude_index","aucs"
0,0.51707530647986
32,0.664185639229422
68,0.78415061295972
5,0.78415061295972
38,0.78415061295972
18,0.716725043782837
