"exclude_index","aucs"
0,0.888791593695271
1,0.888791593695271
2,0.884413309982487
