"exclude_index","aucs"
0,0.805166374781086
34,0.849824868651489
55,0.849824868651489
25,0.808669001751314
