"exclude_index","aucs"
0,0.922113676731794
12,0.931172291296625
78,0.924067495559503
