"exclude_index","aucs"
0,0.610526315789474
60,0.814619883040936
40,0.814619883040936
36,0.814619883040936
67,0.745029239766082
