"exclude_index","aucs"
0,0.985613326602726
1,0.990661282180717
11,0.990661282180717
9,0.990661282180717
2,0.990661282180717
