"exclude_index","aucs"
0,0.754703115814228
85,0.760288065843622
8,0.7608759553204
55,0.7608759553204
61,0.757936507936509
