"exclude_index","aucs"
0,0.793497363796134
20,0.817662565905097
38,0.817662565905097
23,0.817662565905097
84,0.817662565905097
52,0.817662565905097
45,0.817662565905097
89,0.817662565905097
66,0.817662565905097
1,0.794376098418278
