"exclude_index","aucs"
0,0.765316901408451
19,0.849471830985915
13,0.849471830985915
80,0.849471830985915
10,0.849471830985915
12,0.769894366197183
