"exclude_index","aucs"
0,0.834683098591549
20,0.861091549295775
22,0.861091549295775
2,0.834683098591549
