"exclude_index","aucs"
0,0.550966608084358
24,0.622583479789104
74,0.630931458699473
73,0.630931458699473
8,0.630931458699473
3,0.55140597539543
