"exclude_index","aucs"
0,0.682748538011696
15,0.690350877192982
67,0.690350877192982
33,0.913157894736842
17,0.913157894736842
45,0.68859649122807
