"exclude_index","aucs"
0,0.590643274853801
29,0.781286549707602
43,0.781286549707602
40,0.784210526315789
21,0.781286549707602
