"exclude_index","aucs"
0,0.895906432748538
2,0.895906432748538
1,0.895906432748538
3,0.674853801169591
