"exclude_index","aucs"
0,0.94612676056338
33,0.981338028169014
25,0.967253521126761
