"exclude_index","aucs"
0,0.734238178633976
37,0.871716287215412
2,0.750875656742557
