"exclude_index","aucs"
0,0.556432748538012
74,0.684502923976608
62,0.684502923976608
14,0.665789473684211
