"exclude_index","aucs"
0,0.871546149323927
3,0.900940623162846
59,0.900940623162846
42,0.871546149323927
