"exclude_index","aucs"
0,0.500437828371278
33,0.700087565674256
90,0.792907180385289
44,0.792907180385289
76,0.760507880910683
