"exclude_index","aucs"
0,0.901023391812865
75,0.921491228070175
25,0.902420402858999
