"exclude_index","aucs"
0,0.70446584938704
1,0.79553415061296
5,0.834063047285464
53,0.834063047285464
3,0.800788091068301
