"exclude_index","aucs"
0,0.747373029772329
17,0.778021015761821
24,0.757880910683012
