"exclude_index","aucs"
0,0.706217162872154
86,0.734238178633975
59,0.760507880910683
39,0.760507880910683
37,0.734238178633975
