"exclude_index","aucs"
0,0.813708260105448
39,0.836115992970123
30,0.836115992970123
47,0.834358523725835
