"exclude_index","aucs"
0,0.626970227670753
32,0.640980735551664
62,0.677758318739054
14,0.770577933450088
36,0.677758318739054
