"exclude_index","aucs"
0,0.783625730994152
62,0.798830409356725
19,0.785380116959064
