"exclude_index","aucs"
0,0.697460595446585
38,0.712346760070053
72,0.712346760070053
63,0.840192644483363
7,0.840192644483363
77,0.712346760070053
