"exclude_index","aucs"
0,0.670254833040422
19,0.696177504393673
3,0.766476274165202
25,0.728251318101933
