"exclude_index","aucs"
0,0.602292768959436
1,0.80570252792475
79,0.797472075249853
