"exclude_index","aucs"
0,0.587873462214411
73,0.828646748681898
69,0.667838312829525
