"exclude_index","aucs"
0,0.602309058614565
91,0.647424511545293
26,0.647424511545293
45,0.647602131438721
1,0.630728241563055
