"exclude_index","aucs"
0,0.966341030195382
30,0.980550621669627
48,0.980550621669627
