"exclude_index","aucs"
0,0.647985989492119
39,0.868651488616462
24,0.868651488616462
53,0.770577933450088
