"exclude_index","aucs"
0,0.648295120517343
86,0.732363315696649
28,0.731481481481481
