"exclude_index","aucs"
0,0.508960121150934
22,0.741923271075215
27,0.740408884401817
