"exclude_index","aucs"
0,0.785087719298246
10,0.80672514619883
32,0.787426900584795
