"exclude_index","aucs"
0,0.842105263157895
34,0.895906432748538
13,0.895906432748538
8,0.907017543859649
18,0.895906432748538
