"exclude_index","aucs"
0,0.667957746478873
21,0.674295774647887
4,0.700352112676056
8,0.700352112676056
2,0.700352112676056
24,0.709507042253521
63,0.708802816901408
