"exclude_index","aucs"
0,0.927377946127945
40,0.945054713804713
15,0.945054713804713
12,0.93604797979798
