"exclude_index","aucs"
0,0.788664323374341
17,0.839630931458699
52,0.851054481546573
1,0.851054481546573
43,0.851054481546573
8,0.851054481546573
6,0.851054481546573
19,0.851054481546573
2,0.839630931458699
