"exclude_index","aucs"
0,0.982853445486897
1,0.983662245228082
3,0.983662245228082
4,0.983662245228081
