"exclude_index","aucs"
0,0.647985989492119
4,0.754816112084063
22,0.761821366024518
65,0.868651488616462
7,0.868651488616462
10,0.868651488616462
32,0.796847635726795
