"exclude_index","aucs"
0,0.5
53,0.793345008756567
66,0.793345008756567
72,0.793345008756567
27,0.793345008756567
6,0.760070052539405
