"exclude_index","aucs"
0,0.748686514886165
62,0.779334500875657
84,0.779334500875657
41,0.758318739054291
