"exclude_index","aucs"
0,0.647985989492119
4,0.868651488616462
26,0.868651488616462
61,0.868651488616462
57,0.868651488616462
79,0.761821366024518
