"exclude_index","aucs"
0,0.729423868312758
9,0.757348618459731
53,0.774691358024692
80,0.774691358024692
23,0.757348618459731
