"exclude_index","aucs"
0,0.984820986635869
9,0.984820986635869
7,0.984820986635869
1,0.984820986635869
2,0.984820986635869
10,0.983171093878898
