"exclude_index","aucs"
0,0.705341506129597
12,0.838441330998249
72,0.838441330998249
22,0.718476357267951
