"exclude_index","aucs"
0,0.758479532163743
44,0.788304093567252
21,0.788304093567252
1,0.774853801169591
