"exclude_index","aucs"
0,0.981684981684982
24,0.983041649708316
19,0.983041649708316
42,0.983041649708316
14,0.98338081671415
35,0.98338081671415
39,0.98338081671415
1,0.983041649708316
