"exclude_index","aucs"
0,0.893138686131387
6,0.903722627737226
41,0.897664233576642
