"exclude_index","aucs"
0,0.654049295774648
48,0.737147887323944
85,0.872711267605634
19,0.87693661971831
6,0.872711267605634
