"exclude_index","aucs"
0,0.704903677758319
3,0.740805604203152
47,0.754816112084063
91,0.726795096322242
