"exclude_index","aucs"
0,0.970750452079566
82,0.971745027124774
4,0.971745027124774
72,0.972106690777577
69,0.971745027124774
