"exclude_index","aucs"
0,0.689141856392294
1,0.711033274956217
41,0.720665499124343
25,0.923817863397548
40,0.923817863397548
89,0.923817863397548
49,0.923817863397548
11,0.923817863397548
27,0.923817863397548
42,0.923817863397548
45,0.759194395796848
