"exclude_index","aucs"
0,0.91140350877193
1,0.91140350877193
2,0.91140350877193
18,0.904385964912281
