"exclude_index","aucs"
0,0.81260945709282
4,0.905429071803853
44,0.905429071803853
1,0.847635726795096
