"exclude_index","aucs"
0,0.656742556917688
25,0.785464098073555
92,0.785464098073555
16,0.663747810858144
