"exclude_index","aucs"
0,0.835672514619883
13,0.867836257309942
40,0.867836257309942
52,0.852046783625731
