"exclude_index","aucs"
0,0.774604569420035
49,0.822934973637961
8,0.822934973637961
75,0.822934973637961
11,0.822934973637961
36,0.822934973637961
62,0.822934973637961
12,0.782952548330404
