"exclude_index","aucs"
0,0.715097690941386
27,0.721492007104796
47,0.717051509769094
