"exclude_index","aucs"
0,0.696783625730994
35,0.787426900584795
32,0.787426900584795
18,0.701461988304094
