"exclude_index","aucs"
0,0.689181286549708
1,0.814327485380117
39,0.879239766081871
85,0.671052631578947
