"exclude_index","aucs"
0,0.623415492957746
30,0.645950704225352
64,0.645950704225352
81,0.672359154929578
4,0.685739436619718
62,0.658978873239437
