"exclude_index","aucs"
0,0.511111111111111
26,0.704093567251462
7,0.704093567251462
8,0.704093567251462
10,0.616959064327485
