"exclude_index","aucs"
0,0.691330998248687
70,0.735113835376532
72,0.735113835376532
19,0.735113835376532
48,0.735113835376532
51,0.729859894921191
