"exclude_index","aucs"
0,0.93887403446227
3,0.93887403446227
1,0.93887403446227
39,0.93887403446227
25,0.93887403446227
22,0.93887403446227
7,0.93887403446227
16,0.93887403446227
