"exclude_index","aucs"
0,0.979995781184081
5,0.979995781184081
1,0.979995781184081
2,0.979995781184081
3,0.977464491632682
