"exclude_index","aucs"
0,0.859666834931853
7,0.992932862190813
56,0.992932862190813
42,0.992932862190813
87,0.990408884401817
