"exclude_index","aucs"
0,0.691414835164835
2,0.733173076923077
61,0.707623626373626
