"exclude_index","aucs"
0,0.761821366024518
4,0.992119089316988
1,0.761821366024518
