"exclude_index","aucs"
0,0.805604203152364
86,0.850262697022767
2,0.83800350262697
