"exclude_index","aucs"
0,0.734402460456942
38,0.943541300527241
43,0.943541300527241
60,0.943541300527241
33,0.943541300527241
11,0.749340949033392
