"exclude_index","aucs"
0,0.614619883040936
34,0.641520467836257
11,0.621637426900585
