"exclude_index","aucs"
0,0.629239766081871
1,0.629239766081871
53,0.695906432748538
70,0.695906432748538
40,0.654970760233918
