"exclude_index","aucs"
0,0.871546149323927
47,0.900940623162846
46,0.900940623162846
72,0.893885949441505
