"exclude_index","aucs"
0,0.76116143642834
58,0.769087673891944
13,0.83637981235846
29,0.770705273374312
