"exclude_index","aucs"
0,0.647985989492119
38,0.746059544658494
13,0.869527145359019
52,0.869527145359019
59,0.771453590192644
