"exclude_index","aucs"
0,0.839966249472648
15,0.874208972015188
2,0.851497679651244
