"exclude_index","aucs"
0,0.81260945709282
8,0.847635726795096
44,0.905429071803853
68,0.905429071803853
11,0.847635726795096
