"exclude_index","aucs"
0,0.907853982300885
1,0.907853982300885
67,0.907853982300885
20,0.907853982300885
5,0.907853982300885
3,0.907853982300885
6,0.907853982300885
9,0.907853982300885
18,0.907853982300885
27,0.907853982300885
4,0.907853982300885
