"exclude_index","aucs"
0,0.981127129750983
10,0.982372214941022
4,0.981454783748362
