"exclude_index","aucs"
0,0.701401050788091
33,0.856392294220666
49,0.715411558669002
