"exclude_index","aucs"
0,0.677698975571316
34,0.74468085106383
2,0.74468085106383
47,0.746256895193065
26,0.744286840031521
