"exclude_index","aucs"
0,0.747373029772329
39,0.757880910683012
62,0.778021015761821
13,0.778021015761821
20,0.778021015761821
45,0.748248686514886
