"exclude_index","aucs"
0,0.647985989492119
1,0.868651488616462
24,0.901926444833625
87,0.901926444833625
18,0.901926444833625
33,0.901926444833625
9,0.901926444833625
61,0.901926444833625
7,0.901926444833625
2,0.901926444833625
86,0.868651488616462
