"exclude_index","aucs"
0,0.819298245614035
34,0.964327485380117
90,0.832163742690059
