"exclude_index","aucs"
0,0.780701754385965
38,0.833333333333333
25,0.833333333333333
33,0.833333333333333
70,0.833333333333333
19,0.833333333333333
10,0.833333333333333
21,0.830994152046784
