"exclude_index","aucs"
0,0.805604203152364
4,0.850262697022767
20,0.850262697022767
13,0.82661996497373
