"exclude_index","aucs"
0,0.606830122591944
64,0.818739054290718
27,0.728546409807356
