"exclude_index","aucs"
0,0.868312757201647
21,0.900058788947678
50,0.900058788947678
42,0.900058788947678
85,0.907407407407408
46,0.907407407407408
3,0.907407407407408
8,0.905643738977073
