"exclude_index","aucs"
0,0.632748538011696
81,0.797076023391813
86,0.986549707602339
2,0.808187134502924
