"exclude_index","aucs"
0,0.959236493044322
1,0.959236493044322
5,0.97153024911032
85,0.972015528955031
3,0.959236493044322
