"exclude_index","aucs"
0,0.753734622144112
9,0.780096660808436
51,0.765597539543058
