"exclude_index","aucs"
0,0.577485380116959
50,0.646491228070176
49,0.647076023391813
36,0.661111111111111
17,0.661111111111111
46,0.661111111111111
18,0.65233918128655
