"exclude_index","aucs"
0,0.946126639061422
9,0.947765700483092
36,0.947075569358178
