"exclude_index","aucs"
0,0.610387323943662
37,0.736091549295775
10,0.732218309859155
