"exclude_index","aucs"
0,0.53356890459364
29,0.547703180212014
63,0.576981322564362
86,0.672892478546189
33,0.558051489146896
