"exclude_index","aucs"
0,0.719005847953216
65,0.740058479532164
38,0.733040935672515
