"exclude_index","aucs"
0,0.786842105263158
20,0.792690058479532
67,0.792690058479532
36,0.792690058479532
76,0.792690058479532
3,0.792690058479532
25,0.792690058479532
68,0.792690058479532
57,0.789181286549708
