"exclude_index","aucs"
0,0.81260945709282
5,0.905429071803853
10,0.847635726795096
