"exclude_index","aucs"
0,0.979203802733215
2,0.979203802733215
5,0.978015448603684
