"exclude_index","aucs"
0,0.788011695906433
30,0.789766081871345
57,0.789766081871345
79,0.792690058479532
20,0.789766081871345
