"exclude_index","aucs"
0,0.552539404553415
36,0.7215411558669
19,0.725043782837128
59,0.725043782837128
38,0.7215411558669
