"exclude_index","aucs"
0,0.689141856392294
25,0.731173380035026
80,0.697898423817863
