"exclude_index","aucs"
0,0.690017513134851
14,0.829246935201401
51,0.82399299474606
