"exclude_index","aucs"
0,0.552539404553415
51,0.739929947460595
18,0.739929947460595
25,0.59369527145359
