"exclude_index","aucs"
0,0.832829670329671
26,0.852747252747253
89,0.852747252747253
22,0.833379120879121
