"exclude_index","aucs"
0,0.701838879159369
28,0.714973730297723
63,0.706217162872154
