"exclude_index","aucs"
0,0.884734513274336
22,0.913716814159292
83,0.913716814159292
45,0.885619469026549
