"exclude_index","aucs"
0,0.966341030195382
7,0.980550621669627
31,0.980550621669627
