"exclude_index","aucs"
0,0.583186360964139
65,0.73750734861846
6,0.740446796002352
75,0.740446796002352
36,0.743386243386243
58,0.739858906525573
