"exclude_index","aucs"
0,0.857448107448107
7,0.877187627187628
64,0.876916293582961
