"exclude_index","aucs"
0,0.647985989492119
23,0.770577933450088
6,0.868651488616462
50,0.868651488616462
29,0.868651488616462
52,0.868651488616462
25,0.868651488616462
43,0.868651488616462
41,0.868651488616462
31,0.901926444833625
86,0.908931698774081
1,0.868651488616462
