"exclude_index","aucs"
0,0.853615520282187
65,0.857142857142857
22,0.868900646678424
73,0.862433862433862
