"exclude_index","aucs"
0,0.971790235081374
4,0.971790235081374
2,0.971790235081374
36,0.971790235081374
