"exclude_index","aucs"
0,0.701838879159369
5,0.847197898423818
58,0.714973730297723
