"exclude_index","aucs"
0,0.701230228471001
25,0.742530755711774
19,0.723198594024604
