"exclude_index","aucs"
0,0.614327485380117
72,0.786842105263158
25,0.626608187134503
