"exclude_index","aucs"
0,0.744727592267135
58,0.788664323374341
1,0.788664323374341
29,0.800966608084358
30,0.778998242530756
