"exclude_index","aucs"
0,0.693883277216611
57,0.700056116722784
86,0.766498316498316
15,0.700224466891134
