"exclude_index","aucs"
0,0.841812865497076
34,0.905555555555556
85,0.894444444444444
