"exclude_index","aucs"
0,0.815663113415922
85,0.912849322961683
27,0.912849322961682
