"exclude_index","aucs"
0,0.984655997360172
7,0.984820986635869
15,0.984820986635869
3,0.984820986635869
2,0.984820986635869
12,0.983171093878898
