"exclude_index","aucs"
0,0.610818713450292
9,0.63187134502924
29,0.789181286549708
65,0.63187134502924
