"exclude_index","aucs"
0,0.88169014084507
1,0.88169014084507
8,0.689084507042254
