"exclude_index","aucs"
0,0.770422535211268
1,0.770422535211268
23,0.864084507042254
79,0.864084507042254
40,0.864084507042254
36,0.797887323943662
