"exclude_index","aucs"
0,0.765432098765433
39,0.783362727807173
34,0.783362727807173
3,0.765432098765433
