"exclude_index","aucs"
0,0.538888888888889
10,0.778654970760234
30,0.634210526315789
