"exclude_index","aucs"
0,0.532163742690059
34,0.589473684210526
21,0.589473684210526
67,0.630409356725146
40,0.589473684210526
