"exclude_index","aucs"
0,0.712784588441331
55,0.856392294220665
9,0.856392294220665
29,0.856392294220665
52,0.856392294220665
57,0.730297723292469
