"exclude_index","aucs"
0,0.528362573099415
22,0.686257309941521
17,0.686257309941521
16,0.619005847953216
