"exclude_index","aucs"
0,0.704903677758319
2,0.740805604203152
74,0.851138353765324
47,0.851138353765324
29,0.831873905429072
