"exclude_index","aucs"
0,0.542781423523473
30,0.627587077233721
34,0.627587077233721
78,0.627587077233721
15,0.571302372539122
