"exclude_index","aucs"
0,0.81260945709282
31,0.847635726795096
38,0.847635726795096
18,0.847635726795096
44,0.905429071803853
34,0.905429071803853
23,0.905429071803853
41,0.905429071803853
42,0.94045534150613
19,0.847635726795096
