"exclude_index","aucs"
0,0.985086520947177
4,0.985997267759563
22,0.985997267759563
1,0.985086520947177
