"exclude_index","aucs"
0,0.635087719298246
18,0.722222222222222
43,0.722222222222222
1,0.722222222222222
22,0.726315789473684
79,0.728070175438597
57,0.726900584795322
