"exclude_index","aucs"
0,0.881796690307329
1,0.881796690307329
46,0.894602048857368
68,0.894602048857368
38,0.894208037825059
