"exclude_index","aucs"
0,0.914762741652021
1,0.914762741652021
2,0.914762741652021
83,0.881370826010545
