"exclude_index","aucs"
0,0.804753521126761
54,0.808274647887324
16,0.825880281690141
81,0.650528169014085
