"exclude_index","aucs"
0,0.756161971830986
1,0.756161971830986
18,0.657922535211268
