"exclude_index","aucs"
0,0.833627278071724
54,0.865373309817755
65,0.859494415049971
