"exclude_index","aucs"
0,0.715411558669002
12,0.718914185639229
34,0.859019264448336
86,0.859019264448336
16,0.859019264448336
9,0.750437828371278
