"exclude_index","aucs"
0,0.505047955577991
75,0.693841494194851
39,0.731196365471984
59,0.693841494194851
