"exclude_index","aucs"
0,0.793833727344366
35,0.831264775413712
18,0.840130023640663
88,0.840130023640663
76,0.831264775413712
