"exclude_index","aucs"
0,0.661669606114051
33,0.799235743680188
47,0.665784832451499
