"exclude_index","aucs"
0,0.691330998248687
21,0.696584938704028
1,0.739492119089317
13,0.864711033274956
44,0.864711033274956
68,0.864711033274956
39,0.864711033274956
54,0.864711033274956
6,0.728984238178634
