"exclude_index","aucs"
0,0.759683098591549
68,0.836091549295775
86,0.836091549295775
38,0.833978873239437
