"exclude_index","aucs"
0,0.71358842010772
72,0.72548249551167
35,0.767672800718133
52,0.767897217235189
81,0.767672800718133
