"exclude_index","aucs"
0,0.542397660818714
8,0.59327485380117
36,0.766959064327485
33,0.766959064327485
72,0.766959064327485
74,0.671052631578947
