"exclude_index","aucs"
0,0.725517415446744
3,0.810070671378091
50,0.810070671378091
13,0.810070671378091
14,0.753281171125694
