"exclude_index","aucs"
0,0.689141856392294
55,0.731173380035026
19,0.731173380035026
57,0.731173380035026
39,0.725919439579685
