"exclude_index","aucs"
0,0.719244288224956
3,0.742530755711775
19,0.742091388400703
