"exclude_index","aucs"
0,0.94612676056338
17,0.981338028169014
24,0.971478873239437
