"exclude_index","aucs"
0,0.792982456140351
18,0.815789473684211
77,0.808771929824561
