"exclude_index","aucs"
0,0.572604350382128
5,0.846266901822457
23,0.634038800705467
