"exclude_index","aucs"
0,0.620175438596491
26,0.62953216374269
16,0.643567251461988
13,0.633040935672514
