"exclude_index","aucs"
0,0.698594024604569
64,0.704305799648506
47,0.79261862917399
8,0.781195079086116
