"exclude_index","aucs"
0,0.631524725274725
32,0.638118131868132
59,0.661195054945055
76,0.62603021978022
