"exclude_index","aucs"
0,0.805166374781086
79,0.837565674255692
36,0.837565674255692
47,0.849824868651489
53,0.849824868651489
13,0.849824868651489
73,0.849824868651489
1,0.799912434325744
