"exclude_index","aucs"
0,0.771453590192644
34,0.86077057793345
28,0.78984238178634
