"exclude_index","aucs"
0,0.617577895355673
22,0.6222810111699
70,0.770429159318048
28,0.658730158730159
