"exclude_index","aucs"
0,0.693473451327434
55,0.7195796460177
15,0.708517699115044
