"exclude_index","aucs"
0,0.647985989492119
57,0.868651488616462
38,0.770577933450088
