"exclude_index","aucs"
0,0.528896672504378
51,0.634851138353765
14,0.677758318739054
15,0.677758318739054
22,0.677758318739054
6,0.677758318739054
8,0.606830122591944
