"exclude_index","aucs"
0,0.855105633802817
26,0.898767605633803
21,0.873415492957746
