"exclude_index","aucs"
0,0.649299474605954
65,0.868213660245184
39,0.868213660245184
8,0.783274956217163
