"exclude_index","aucs"
0,0.753216374269006
12,0.762573099415205
63,0.990058479532164
8,0.990058479532164
65,0.990058479532164
14,0.990058479532164
20,0.976023391812866
