"exclude_index","aucs"
0,0.734238178633976
4,0.753502626970228
65,0.753502626970228
22,0.746497373029772
