"exclude_index","aucs"
0,0.959845132743363
29,0.9625
92,0.965154867256637
1,0.959845132743363
