"exclude_index","aucs"
0,0.658450704225352
36,0.790140845070423
6,0.790140845070423
89,0.664084507042254
