"exclude_index","aucs"
0,0.839316987740806
10,0.88922942206655
41,0.88922942206655
51,0.77276707530648
