"exclude_index","aucs"
0,0.647985989492119
13,0.770577933450088
49,0.868651488616462
5,0.868651488616462
52,0.868651488616462
45,0.868651488616462
32,0.777583187390543
