"exclude_index","aucs"
0,0.773976608187135
25,0.785087719298246
61,0.790350877192982
4,0.790350877192982
56,0.785087719298246
