"exclude_index","aucs"
0,0.613168724279835
70,0.668430335097001
31,0.671369782480893
47,0.656084656084656
