"exclude_index","aucs"
0,0.690017513134851
76,0.708406304728546
2,0.708406304728546
4,0.830122591943958
24,0.830122591943958
23,0.830122591943958
64,0.830122591943958
20,0.830122591943958
70,0.830122591943958
30,0.731173380035026
