"exclude_index","aucs"
0,0.748686514886165
17,0.779334500875657
4,0.758318739054291
