"exclude_index","aucs"
0,0.848073555166375
63,0.968038528896673
45,0.968038528896673
11,0.968038528896673
47,0.883975481611208
