"exclude_index","aucs"
0,0.847197898423818
3,0.848949211908932
1,0.847197898423818
