"exclude_index","aucs"
0,0.604385964912281
21,0.755263157894737
7,0.652923976608187
