"exclude_index","aucs"
0,0.529334500875657
54,0.705341506129597
14,0.699211908931699
