"exclude_index","aucs"
0,0.689823008849558
33,0.702212389380532
90,0.70132743362832
