"exclude_index","aucs"
0,0.649165202108963
17,0.735720562390158
82,0.662346221441125
