"exclude_index","aucs"
0,0.691330998248687
1,0.691330998248687
77,0.864711033274956
14,0.864711033274956
50,0.710595446584939
