"exclude_index","aucs"
0,0.971934648980912
54,0.979860886444516
6,0.979860886444516
39,0.979860886444516
51,0.979860886444516
1,0.972096408929149
