"exclude_index","aucs"
0,0.808669001751314
32,0.830560420315236
12,0.830560420315236
5,0.813047285464098
