"exclude_index","aucs"
0,0.586994727592267
50,0.772407732864675
9,0.621265377855887
