"exclude_index","aucs"
0,0.602046783625731
81,0.721929824561404
78,0.730701754385965
54,0.760526315789474
15,0.760526315789474
39,0.760526315789474
33,0.760526315789474
56,0.760526315789474
17,0.760526315789474
7,0.719590643274854
