"exclude_index","aucs"
0,0.805166374781086
44,0.849824868651489
53,0.849824868651489
60,0.849824868651489
2,0.849824868651489
1,0.837565674255692
