"exclude_index","aucs"
0,0.548830409356725
90,0.626608187134503
70,0.678070175438597
13,0.678070175438597
4,0.721345029239766
43,0.722514619883041
33,0.680994152046784
