"exclude_index","aucs"
0,0.539535567313345
76,0.621546149323927
31,0.622721928277484
51,0.622134038800706
