"exclude_index","aucs"
0,0.690017513134851
10,0.829246935201401
23,0.829246935201401
58,0.829246935201401
82,0.702276707530648
