"exclude_index","aucs"
0,0.603842676311031
1,0.632866184448463
52,0.722377938517179
11,0.672016274864376
