"exclude_index","aucs"
0,0.81260945709282
35,0.847635726795096
86,0.905429071803853
47,0.905429071803853
70,0.847635726795096
