"exclude_index","aucs"
0,0.617543859649123
50,0.792397660818713
22,0.792397660818713
7,0.61812865497076
