"exclude_index","aucs"
0,0.871546149323927
57,0.893885949441505
7,0.900940623162846
39,0.871546149323927
