"exclude_index","aucs"
0,0.840350877192983
62,0.894152046783626
35,0.905263157894737
27,0.905263157894737
32,0.905263157894737
10,0.854970760233918
