"exclude_index","aucs"
0,0.619089316987741
34,0.688266199649737
26,0.654115586690017
