"exclude_index","aucs"
0,0.701461988304094
36,0.789181286549708
44,0.789181286549708
58,0.789181286549708
17,0.789181286549708
16,0.791520467836257
86,0.785087719298246
