"exclude_index","aucs"
0,0.667543859649123
10,0.66812865497076
36,0.801461988304094
11,0.801461988304094
25,0.801461988304094
5,0.801461988304094
33,0.801461988304094
38,0.804385964912281
72,0.706140350877193
