"exclude_index","aucs"
0,0.601461988304094
23,0.723684210526316
7,0.723684210526316
68,0.745906432748538
50,0.745906432748538
28,0.704970760233918
