"exclude_index","aucs"
0,0.889473684210526
47,0.901169590643275
1,0.889473684210526
