"exclude_index","aucs"
0,0.754049295774648
86,0.778697183098592
31,0.778697183098592
90,0.778697183098592
72,0.778697183098592
54,0.756866197183099
