"exclude_index","aucs"
0,0.793412417970722
64,0.865850580514891
47,0.865850580514891
2,0.865850580514891
78,0.845911155981827
