"exclude_index","aucs"
0,0.746059544658494
8,0.831873905429072
10,0.831873905429072
31,0.831873905429072
44,0.831873905429072
67,0.831873905429072
1,0.746059544658494
