"exclude_index","aucs"
0,0.693520140105079
18,0.717162872154116
17,0.717162872154116
25,0.838879159369527
22,0.838879159369527
44,0.838879159369527
85,0.719789842381786
