"exclude_index","aucs"
0,0.696491228070175
53,0.802923976608187
41,0.736842105263158
