"exclude_index","aucs"
0,0.900179211469534
52,0.906869772998805
53,0.906750298685783
