"exclude_index","aucs"
0,0.52689594356261
10,0.675631981187537
68,0.675631981187537
12,0.675631981187537
36,0.666813639035861
