"exclude_index","aucs"
0,0.975
3,0.975412087912088
5,0.975412087912088
6,0.975412087912088
4,0.975412087912088
2,0.975412087912088
7,0.973763736263736
