"exclude_index","aucs"
0,0.659490333919156
27,0.708260105448155
54,0.71572934973638
51,0.71572934973638
30,0.71572934973638
21,0.708260105448155
