"exclude_index","aucs"
0,0.849059376837155
78,0.850235155790711
50,0.849059376837155
