"exclude_index","aucs"
0,0.819298245614035
13,0.832163742690059
12,0.832163742690059
16,0.964327485380117
66,0.964327485380117
1,0.832163742690059
