"exclude_index","aucs"
0,0.881370826010545
16,0.902460456942003
4,0.958699472759227
28,0.958699472759227
1,0.902460456942003
