"exclude_index","aucs"
0,0.933216168717047
11,0.942003514938489
29,0.973637961335677
5,0.973637961335677
54,0.973637961335677
73,0.938488576449912
