"exclude_index","aucs"
0,0.590094062316285
32,0.699147560258671
73,0.698265726043504
