"exclude_index","aucs"
0,0.787215411558669
44,0.880035026269702
58,0.880035026269702
8,0.82399299474606
