"exclude_index","aucs"
0,0.537134502923976
57,0.784502923976608
12,0.784502923976608
66,0.784502923976608
61,0.784502923976608
1,0.784502923976608
44,0.638888888888889
