"exclude_index","aucs"
0,0.84811348781937
34,0.92877302436126
43,0.929367201426025
89,0.917186571598336
