"exclude_index","aucs"
0,0.758479532163743
25,0.938011695906433
50,0.938011695906433
42,0.827485380116959
