"exclude_index","aucs"
0,0.653119507908612
4,0.733523725834798
16,0.713752196836555
