"exclude_index","aucs"
0,0.703152364273205
62,0.839754816112084
26,0.839754816112084
40,0.716287215411559
