"exclude_index","aucs"
0,0.649299474605954
63,0.868213660245184
72,0.868213660245184
37,0.868213660245184
19,0.868213660245184
64,0.868213660245184
34,0.787653239929947
