"exclude_index","aucs"
0,0.774956217162872
1,0.774956217162872
38,0.824868651488616
74,0.824868651488616
23,0.824868651488616
20,0.850262697022767
53,0.850262697022767
47,0.850262697022767
18,0.840630472854641
