"exclude_index","aucs"
0,0.606140350877193
56,0.710233918128655
49,0.719590643274854
27,0.719590643274854
6,0.710233918128655
