"exclude_index","aucs"
0,0.765789473684211
2,0.920760233918129
8,0.914327485380117
