"exclude_index","aucs"
0,0.756161971830986
91,0.801232394366197
69,0.801232394366197
76,0.801232394366197
1,0.756161971830986
