"exclude_index","aucs"
0,0.81260945709282
35,0.905429071803853
47,0.905429071803853
70,0.905429071803853
61,0.905429071803853
82,0.905429071803853
26,0.847635726795096
