"exclude_index","aucs"
0,0.647985989492119
4,0.868651488616462
17,0.868651488616462
3,0.868651488616462
6,0.865148861646235
