"exclude_index","aucs"
0,0.689141856392294
85,0.731173380035026
40,0.692644483362522
