"exclude_index","aucs"
0,0.661906854130053
91,0.781414762741652
68,0.781414762741652
27,0.781414762741652
18,0.680799648506151
