"exclude_index","aucs"
0,0.981684981684982
1,0.981684981684982
27,0.983041649708316
4,0.983041649708316
32,0.982024148690815
