"exclude_index","aucs"
0,0.89209320091673
69,0.893457382953181
6,0.902188147986468
56,0.89405762304922
