"exclude_index","aucs"
0,0.546409807355517
83,0.717162872154116
3,0.717162872154116
7,0.717162872154116
82,0.705779334500876
