"exclude_index","aucs"
0,0.958725151767647
46,0.966462325913582
48,0.959201285561243
