"exclude_index","aucs"
0,0.520576131687243
86,0.650205761316873
85,0.572604350382128
