"exclude_index","aucs"
0,0.548538011695906
37,0.722222222222222
19,0.67719298245614
