"exclude_index","aucs"
0,0.600584795321637
15,0.615204678362573
18,0.621637426900585
73,0.646783625730994
86,0.628654970760234
