"exclude_index","aucs"
0,0.536155202821869
48,0.741916519694297
58,0.741916519694297
2,0.741916519694297
38,0.788359788359788
1,0.788359788359788
3,0.714873603762493
