"exclude_index","aucs"
0,0.850370559672885
44,0.871965244058267
91,0.870431893687707
