"exclude_index","aucs"
0,0.58080985915493
42,0.740316901408451
51,0.72306338028169
