"exclude_index","aucs"
0,0.542397660818714
21,0.755263157894737
15,0.766959064327485
76,0.766959064327485
56,0.766959064327485
59,0.766959064327485
38,0.766959064327485
66,0.753508771929825
