"exclude_index","aucs"
0,0.964712389380531
5,0.994137168141593
34,0.994137168141593
78,0.994137168141593
42,0.994137168141593
91,0.967367256637168
