"exclude_index","aucs"
0,0.808669001751314
19,0.848949211908932
73,0.848949211908932
22,0.848949211908932
23,0.848949211908932
15,0.848949211908932
44,0.848949211908932
10,0.80954465849387
