"exclude_index","aucs"
0,0.538304093567251
11,0.689766081871345
2,0.689766081871345
21,0.642397660818714
