"exclude_index","aucs"
0,0.696198830409357
56,0.828362573099415
26,0.828362573099415
64,0.826023391812866
