"exclude_index","aucs"
0,0.526900584795322
63,0.7
27,0.7
39,0.618713450292398
