"exclude_index","aucs"
0,0.649299474605954
48,0.868213660245184
12,0.868213660245184
87,0.783274956217163
