"exclude_index","aucs"
0,0.776014109347443
91,0.80570252792475
53,0.794826572604351
