"exclude_index","aucs"
0,0.644718309859155
82,0.922535211267606
80,0.918661971830986
