"exclude_index","aucs"
0,0.714630931458699
67,0.780536028119508
45,0.780536028119508
11,0.790202108963093
1,0.746265377855888
