"exclude_index","aucs"
0,0.705341506129597
30,0.718476357267951
74,0.838441330998249
9,0.718476357267951
