"exclude_index","aucs"
0,0.65387323943662
7,0.817253521126761
35,0.869014084507042
43,0.81443661971831
