"exclude_index","aucs"
0,0.657015985790409
6,0.669982238010658
90,0.680106571936057
1,0.680817051509769
48,0.730373001776199
42,0.690053285968029
