"exclude_index","aucs"
0,0.982558139534884
19,0.982558139534884
51,0.982558139534884
62,0.982558139534884
9,0.982558139534884
65,0.982558139534884
26,0.982558139534884
1,0.982558139534884
