"exclude_index","aucs"
0,0.663932357395255
29,0.684881373043917
7,0.670494699646643
