"exclude_index","aucs"
0,0.972096408929149
52,0.979860886444516
10,0.979860886444516
9,0.979860886444516
30,0.979860886444516
23,0.979860886444516
37,0.979213846651569
