"exclude_index","aucs"
0,0.712784588441331
53,0.730297723292469
32,0.730297723292469
90,0.856392294220665
52,0.856392294220665
23,0.729422066549912
