"exclude_index","aucs"
0,0.99093567251462
1,0.99093567251462
13,0.989766081871345
