"exclude_index","aucs"
0,0.50734861845973
36,0.687242798353909
23,0.575249853027631
