"exclude_index","aucs"
0,0.761821366024518
44,0.992119089316988
80,0.992119089316988
3,0.992119089316988
89,0.762697022767075
