"exclude_index","aucs"
0,0.954756637168142
47,0.954756637168142
1,0.954756637168142
5,0.981305309734513
2,0.954756637168142
