"exclude_index","aucs"
0,0.966341030195382
9,0.980550621669627
12,0.980550621669627
60,0.980550621669627
62,0.980550621669627
51,0.980550621669627
73,0.980550621669627
