"exclude_index","aucs"
0,0.719688954718579
1,0.799777824798984
25,0.784966144731274
