"exclude_index","aucs"
0,0.629239766081871
21,0.709941520467836
33,0.709941520467836
11,0.709941520467836
9,0.657894736842105
