"exclude_index","aucs"
0,0.552539404553415
3,0.725043782837128
52,0.833625218914186
64,0.756567425569177
