"exclude_index","aucs"
0,0.763204225352113
22,0.794894366197183
9,0.794894366197183
4,0.918838028169014
34,0.92306338028169
63,0.92306338028169
64,0.799823943661972
