"exclude_index","aucs"
0,0.777336860670194
83,0.803203997648442
50,0.803203997648442
30,0.777336860670194
