"exclude_index","aucs"
0,0.805604203152364
9,0.850262697022767
68,0.83800350262697
