"exclude_index","aucs"
0,0.908389704669197
32,0.909709618874773
15,0.909709618874773
81,0.912761920475169
68,0.888426002309848
