"exclude_index","aucs"
0,0.562522202486679
52,0.621847246891652
37,0.621847246891652
1,0.621314387211368
