"exclude_index","aucs"
0,0.889667250437828
5,0.991243432574431
2,0.889667250437828
