"exclude_index","aucs"
0,0.793345008756567
2,0.802101576182137
46,0.794220665499124
