"exclude_index","aucs"
0,0.947895100069013
17,0.953588681849552
45,0.917960662525881
