"exclude_index","aucs"
0,0.6
39,0.780116959064328
86,0.604093567251462
