"exclude_index","aucs"
0,0.889473684210526
8,0.898245614035088
35,0.898245614035088
1,0.898245614035088
15,0.977777777777778
92,0.977777777777778
21,0.977777777777778
23,0.884210526315789
