"exclude_index","aucs"
0,0.512573099415205
59,0.547076023391813
45,0.668713450292398
19,0.668713450292398
31,0.668713450292398
18,0.668713450292398
87,0.668713450292398
32,0.668713450292398
6,0.581578947368421
