"exclude_index","aucs"
0,0.89795008912656
10,0.926470588235294
38,0.890522875816993
