"exclude_index","aucs"
0,0.767543859649123
54,0.771052631578947
92,0.804970760233918
85,0.804970760233918
22,0.796783625730994
