"exclude_index","aucs"
0,0.768713450292398
2,0.77280701754386
25,0.92953216374269
9,0.92953216374269
10,0.92953216374269
32,0.92953216374269
1,0.768713450292398
