"exclude_index","aucs"
0,0.906854130052724
30,0.910369068541301
27,0.910369068541301
8,0.910369068541301
5,0.910369068541301
46,0.910369068541301
47,0.910369068541301
3,0.910369068541301
40,0.910369068541301
1,0.906854130052724
