"exclude_index","aucs"
0,0.647985989492119
33,0.868651488616462
3,0.868651488616462
2,0.868651488616462
60,0.726795096322242
