"exclude_index","aucs"
0,0.639279437609842
44,0.782513181019332
32,0.782513181019332
33,0.775043936731107
