"exclude_index","aucs"
0,0.545096322241681
56,0.718476357267951
84,0.603765323992995
