"exclude_index","aucs"
0,0.658877131099353
7,0.681216931216931
84,0.68180482069371
74,0.680922986478542
