"exclude_index","aucs"
0,0.647985989492119
45,0.868651488616462
73,0.770577933450088
