"exclude_index","aucs"
0,0.791959578207381
37,0.81085237258348
6,0.81085237258348
25,0.802504393673111
