"exclude_index","aucs"
0,0.690938919737507
63,0.708101968702676
20,0.708101968702676
