"exclude_index","aucs"
0,0.729349736379613
32,0.981985940246046
41,0.741212653778559
