"exclude_index","aucs"
0,0.556019332161687
46,0.794595782073814
61,0.585456942003515
