"exclude_index","aucs"
0,0.801584507042253
92,0.817781690140845
1,0.801584507042253
