"exclude_index","aucs"
0,0.649299474605954
17,0.868213660245184
19,0.868213660245184
8,0.868213660245184
11,0.868213660245184
69,0.754378283712785
