"exclude_index","aucs"
0,0.984820986635869
8,0.984820986635869
3,0.984820986635869
6,0.984820986635869
4,0.984820986635869
1,0.984820986635869
13,0.984820986635869
17,0.984820986635869
15,0.984820986635869
7,0.984820986635869
11,0.984820986635869
16,0.984820986635869
5,0.978221415607985
