"exclude_index","aucs"
0,0.9858934169279
1,0.986223395479294
15,0.986223395479294
50,0.986223395479294
28,0.986223395479294
11,0.986223395479294
16,0.986223395479294
18,0.979623824451411
