"exclude_index","aucs"
0,0.563157894736842
5,0.598245614035088
2,0.755555555555556
92,0.688304093567252
