"exclude_index","aucs"
0,0.748686514886165
8,0.758318739054291
20,0.779334500875657
3,0.779334500875657
60,0.753940455341506
