"exclude_index","aucs"
0,0.57399299474606
62,0.732486865148862
10,0.593257443082312
