"exclude_index","aucs"
0,0.544894366197183
24,0.581866197183099
15,0.581866197183099
79,0.581866197183099
39,0.62693661971831
65,0.62693661971831
54,0.581866197183099
