"exclude_index","aucs"
0,0.805166374781086
87,0.837565674255692
3,0.837565674255692
37,0.808669001751314
