"exclude_index","aucs"
0,0.81260945709282
44,0.847635726795096
22,0.847635726795096
81,0.905429071803853
46,0.667250437828371
