"exclude_index","aucs"
0,0.983394160583942
4,0.983467153284672
2,0.983467153284672
1,0.981423357664234
