"exclude_index","aucs"
0,0.66768826619965
23,0.778896672504378
7,0.685201401050788
