"exclude_index","aucs"
0,0.707968476357268
29,0.714973730297723
12,0.731611208406305
44,0.731611208406305
33,0.858581436077058
7,0.731611208406305
