"exclude_index","aucs"
0,0.983833039388595
22,0.983833039388595
3,0.983833039388595
1,0.983833039388595
2,0.983833039388595
45,0.983833039388595
4,0.913286302175191
