"exclude_index","aucs"
0,0.705341506129597
22,0.718476357267951
50,0.847197898423818
30,0.847197898423818
10,0.706217162872154
