"exclude_index","aucs"
0,0.765579071134627
34,0.777042915931806
69,0.787330981775427
45,0.787330981775427
1,0.765579071134627
