"exclude_index","aucs"
0,0.649299474605954
24,0.868213660245184
52,0.783274956217163
