"exclude_index","aucs"
0,0.789260563380282
19,0.85193661971831
40,0.85193661971831
79,0.85193661971831
11,0.85193661971831
15,0.810035211267606
