"exclude_index","aucs"
0,0.970705244122965
39,0.971699819168173
72,0.971699819168173
83,0.971699819168173
31,0.972061482820976
35,0.972061482820976
15,0.971066907775769
