"exclude_index","aucs"
0,0.702527924750148
49,0.707231040564375
1,0.702527924750148
