"exclude_index","aucs"
0,0.926868503547269
1,0.947327173733707
29,0.929673321234119
