"exclude_index","aucs"
0,0.700087565674256
65,0.723730297723292
1,0.85507880910683
3,0.72723292469352
