"exclude_index","aucs"
0,0.787426900584795
43,0.991520467836257
64,0.996198830409357
10,0.792105263157895
