"exclude_index","aucs"
0,0.983015205435134
6,0.983662245228082
1,0.983662245228082
4,0.983662245228082
3,0.983662245228082
2,0.983662245228081
