"exclude_index","aucs"
0,0.775774336283186
62,0.809402654867257
2,0.78174778761062
