"exclude_index","aucs"
0,0.647985989492119
8,0.754816112084063
20,0.770577933450088
80,0.868651488616462
85,0.868651488616462
34,0.868651488616462
36,0.868651488616462
84,0.772329246935201
