"exclude_index","aucs"
0,0.53625730994152
48,0.690058479532164
39,0.670175438596491
