"exclude_index","aucs"
0,0.893614336193842
7,0.893614336193842
2,0.893614336193842
82,0.882761231701161
