"exclude_index","aucs"
0,0.657180385288967
81,0.764010507880911
32,0.648423817863398
