"exclude_index","aucs"
0,0.725713012477718
2,0.971702317290553
1,0.731060606060606
