"exclude_index","aucs"
0,0.590350877192982
2,0.593859649122807
79,0.756432748538012
31,0.581578947368421
