"exclude_index","aucs"
0,0.690017513134851
73,0.708406304728546
5,0.708406304728546
38,0.834500875656743
40,0.834500875656743
14,0.834500875656743
43,0.708406304728546
