"exclude_index","aucs"
0,0.658931698774081
29,0.78415061295972
78,0.69045534150613
