"exclude_index","aucs"
0,0.664035087719298
34,0.683918128654971
5,0.723099415204678
61,0.718421052631579
