"exclude_index","aucs"
0,0.539323374340949
63,0.61225834797891
65,0.61225834797891
16,0.58238137082601
