"exclude_index","aucs"
0,0.909409340659341
41,0.913942307692308
1,0.901717032967033
