"exclude_index","aucs"
0,0.816374269005848
14,0.865497076023392
6,0.865497076023392
1,0.865497076023392
2,0.865497076023392
40,1
18,1
31,1
3,0.865497076023392
