"exclude_index","aucs"
0,0.614932392710171
13,0.794532627865961
53,0.695473251028807
