"exclude_index","aucs"
0,0.574868651488616
20,0.731611208406305
44,0.731611208406305
51,0.731611208406305
81,0.616900175131349
