"exclude_index","aucs"
0,0.736427320490368
56,0.747810858143608
18,0.760070052539405
24,0.760070052539405
31,0.845008756567426
20,0.760070052539405
