"exclude_index","aucs"
0,0.69045534150613
56,0.73861646234676
57,0.73861646234676
60,0.718476357267951
