"exclude_index","aucs"
0,0.752631578947368
14,0.992982456140351
27,0.97719298245614
