"exclude_index","aucs"
0,0.790421792618629
32,0.807996485061511
65,0.812829525483304
66,0.847539543057997
84,0.812829525483304
