"exclude_index","aucs"
0,0.647985989492119
82,0.770577933450088
10,0.739054290718039
