"exclude_index","aucs"
0,0.713222416812609
42,0.728984238178634
8,0.749124343257443
24,0.686952714535902
