"exclude_index","aucs"
0,0.691330998248687
47,0.709719789842382
57,0.682574430823117
