"exclude_index","aucs"
0,0.966341030195382
24,0.980550621669627
70,0.980550621669627
48,0.980550621669627
44,0.980550621669627
90,0.980550621669627
