"exclude_index","aucs"
0,0.689141856392294
52,0.731173380035026
81,0.731173380035026
27,0.938704028021016
2,0.938704028021016
46,0.971978984238179
54,0.971978984238179
50,0.971978984238179
26,0.865148861646235
