"exclude_index","aucs"
0,0.76249265138154
28,0.783950617283951
84,0.783950617283951
25,0.783950617283951
13,0.783950617283951
1,0.766607877718989
