"exclude_index","aucs"
0,0.70446584938704
36,0.79553415061296
46,0.714973730297723
