"exclude_index","aucs"
0,0.53347814975722
92,0.551111679018656
51,0.554689496549962
42,0.554306158957322
