"exclude_index","aucs"
0,0.542105263157895
35,0.766666666666667
53,0.766666666666667
50,0.766666666666667
3,0.766666666666667
17,0.766666666666667
18,0.666081871345029
