"exclude_index","aucs"
0,0.761821366024518
23,0.992119089316988
19,0.777583187390543
