"exclude_index","aucs"
0,0.605516637478109
73,0.746497373029772
6,0.619527145359019
