"exclude_index","aucs"
0,0.729422066549912
31,0.875656742556918
29,0.781085814360771
