"exclude_index","aucs"
0,0.835087719298246
32,0.849122807017544
8,0.857309941520468
1,0.835087719298246
