"exclude_index","aucs"
0,0.511111111111111
5,0.704093567251462
80,0.619298245614035
