"exclude_index","aucs"
0,0.550352112676056
38,0.716901408450704
4,0.716901408450704
14,0.71056338028169
