"exclude_index","aucs"
0,0.979055258467023
2,0.979203802733215
3,0.978015448603684
