"exclude_index","aucs"
0,0.946524064171123
39,0.94949494949495
21,0.949346405228758
