"exclude_index","aucs"
0,0.691330998248687
7,0.735113835376532
1,0.70446584938704
