"exclude_index","aucs"
0,0.710625946491671
74,0.722993437657749
80,0.75555275113579
18,0.75555275113579
44,0.75555275113579
61,0.724760222110046
