"exclude_index","aucs"
0,0.647985989492119
84,0.754816112084063
38,0.868651488616462
42,0.868651488616462
33,0.908931698774081
10,0.908931698774081
18,0.796847635726795
