"exclude_index","aucs"
0,0.567882249560633
25,0.727372583479789
41,0.727372583479789
23,0.623242530755712
