"exclude_index","aucs"
0,0.720132743362832
48,0.728982300884956
84,0.748893805309735
45,0.748230088495575
