"exclude_index","aucs"
0,0.545096322241681
24,0.718476357267951
1,0.718476357267951
36,0.878721541155867
51,0.878721541155867
59,0.878721541155867
21,0.878721541155867
37,0.878721541155867
3,0.718476357267951
