"exclude_index","aucs"
0,0.647985989492119
13,0.746059544658494
66,0.770577933450088
20,0.779334500875657
33,0.779334500875657
31,0.779334500875657
45,0.868651488616462
69,0.754816112084063
