"exclude_index","aucs"
0,0.871546149323927
14,0.900940623162846
25,0.900940623162846
60,0.900940623162846
48,0.900940623162846
9,0.900940623162846
