"exclude_index","aucs"
0,0.942077464788732
75,0.996302816901408
2,0.942077464788732
