"exclude_index","aucs"
0,0.616081871345029
9,0.797368421052632
88,0.797368421052632
40,0.797368421052632
6,0.797368421052632
1,0.616081871345029
