"exclude_index","aucs"
0,0.647985989492119
32,0.868651488616462
12,0.868651488616462
54,0.75569176882662
