"exclude_index","aucs"
0,0.774482584553256
16,0.831524482584553
76,0.820166582534074
