"exclude_index","aucs"
0,0.841367995961636
80,0.848939929328622
57,0.848939929328622
27,0.848939929328622
10,0.848939929328622
78,0.848939929328622
2,0.841367995961636
