"exclude_index","aucs"
0,0.81260945709282
54,0.905429071803853
2,0.905429071803853
3,0.847635726795096
