"exclude_index","aucs"
0,0.6930823117338
5,0.846322241681261
27,0.846322241681261
11,0.846322241681261
22,0.846322241681261
18,0.846322241681261
57,0.717600700525394
