"exclude_index","aucs"
0,0.555799648506151
13,0.651142355008787
51,0.59182776801406
