"exclude_index","aucs"
0,0.69612676056338
36,0.795422535211268
15,0.795422535211268
38,0.853169014084507
2,0.853169014084507
86,0.81443661971831
