"exclude_index","aucs"
0,0.734676007005254
32,0.746935201401051
65,0.877408056042032
11,0.877408056042032
57,0.736427320490368
