"exclude_index","aucs"
0,0.81260945709282
57,0.905429071803853
31,0.905429071803853
90,0.905429071803853
24,0.905429071803853
16,0.847635726795096
