"exclude_index","aucs"
0,0.629239766081871
19,0.633918128654971
31,0.667251461988304
34,0.633918128654971
