"exclude_index","aucs"
0,0.952884615384615
49,0.958379120879121
53,0.966895604395604
52,0.95782967032967
