"exclude_index","aucs"
0,0.62390158172232
7,0.625659050966608
41,0.733304042179262
56,0.706942003514939
