"exclude_index","aucs"
0,0.81260945709282
10,0.847635726795096
14,0.847635726795096
1,0.81260945709282
