"exclude_index","aucs"
0,0.713660245183888
5,0.746059544658494
18,0.746059544658494
10,0.746059544658494
16,0.746059544658494
8,0.67600700525394
