"exclude_index","aucs"
0,0.770464601769911
67,0.802544247787611
43,0.802544247787611
5,0.802544247787611
37,0.802544247787611
31,0.781526548672566
