"exclude_index","aucs"
0,0.740643274853801
75,0.828947368421053
41,0.762865497076023
