"exclude_index","aucs"
0,0.537426900584795
65,0.634502923976607
52,0.784210526315789
68,0.784210526315789
50,0.634502923976607
