"exclude_index","aucs"
0,0.542690058479532
21,0.671345029239766
15,0.767251461988304
86,0.767251461988304
78,0.617543859649123
