"exclude_index","aucs"
0,0.860749051311665
74,0.886239894406863
27,0.886239894406863
52,0.886239894406863
4,0.861491503052302
