"exclude_index","aucs"
0,0.81260945709282
26,0.847635726795096
77,0.905429071803853
12,0.847635726795096
