"exclude_index","aucs"
0,0.759236234458259
24,0.892628774422735
43,0.892628774422735
78,0.778063943161634
