"exclude_index","aucs"
0,0.509007029876977
6,0.668057996485061
17,0.668057996485061
49,0.666300527240773
