"exclude_index","aucs"
0,0.937389770723104
1,0.937389770723104
82,0.94591416813639
46,0.94591416813639
11,0.94591416813639
25,0.896237507348619
