"exclude_index","aucs"
0,0.649299474605954
53,0.868213660245184
48,0.783274956217163
