"exclude_index","aucs"
0,0.762259194395797
92,0.991681260945709
72,0.991681260945709
25,0.991681260945709
5,0.785901926444834
