"exclude_index","aucs"
0,0.707602339181287
41,0.771345029239766
1,0.771345029239766
6,0.998830409356725
43,0.998830409356725
56,0.998830409356725
38,0.998830409356725
25,0.998830409356725
84,0.998830409356725
52,0.998830409356725
2,0.727485380116959
