"exclude_index","aucs"
0,0.933875219683656
75,0.93914762741652
35,0.973418277680141
54,0.973418277680141
28,0.973418277680141
21,0.973418277680141
27,0.941783831282953
