"exclude_index","aucs"
0,0.920201891132124
78,0.962241247124968
22,0.928890876565295
