"exclude_index","aucs"
0,0.999121265377856
27,1
37,1
11,0.999121265377856
