"exclude_index","aucs"
0,0.781802120141343
9,0.802246340232206
8,0.810070671378092
34,0.810070671378092
31,0.802246340232206
