"exclude_index","aucs"
0,0.96106719367589
2,0.961699604743084
6,0.9601185770751
