"exclude_index","aucs"
0,0.681852599697123
13,0.713907117617365
57,0.713907117617365
92,0.713907117617365
8,0.713907117617365
14,0.713907117617365
48,0.713907117617365
9,0.713907117617365
61,0.713907117617365
84,0.713907117617365
4,0.6944724886421
