"exclude_index","aucs"
0,0.643235739525492
74,0.853735487127713
35,0.853735487127713
23,0.655855628470469
