"exclude_index","aucs"
0,0.586257309941521
12,0.749415204678363
36,0.749415204678363
10,0.749415204678363
48,0.749415204678363
44,0.749415204678363
3,0.749415204678363
11,0.717836257309941
