"exclude_index","aucs"
0,0.691330998248686
24,0.82968476357268
91,0.82968476357268
82,0.736865148861646
