"exclude_index","aucs"
0,0.978906714200832
2,0.979203802733215
48,0.978015448603684
