"exclude_index","aucs"
0,0.53625730994152
53,0.631578947368421
27,0.685964912280702
83,0.685964912280702
20,0.654385964912281
