"exclude_index","aucs"
0,0.690017513134851
12,0.708406304728546
45,0.829246935201401
14,0.83800350262697
78,0.708406304728546
