"exclude_index","aucs"
0,0.576056338028169
67,0.806338028169014
88,0.806338028169014
11,0.641901408450704
