"exclude_index","aucs"
0,0.51374269005848
13,0.580994152046784
52,0.684502923976608
57,0.664035087719298
