"exclude_index","aucs"
0,0.714630931458699
73,0.780536028119508
59,0.746265377855888
