"exclude_index","aucs"
0,0.752112676056338
35,0.76443661971831
18,0.76443661971831
26,0.76443661971831
90,0.76443661971831
40,0.76443661971831
77,0.753521126760563
