"exclude_index","aucs"
0,0.690017513134851
18,0.829246935201401
43,0.702276707530648
