"exclude_index","aucs"
0,0.867035398230089
85,0.890929203539823
12,0.890929203539823
35,0.890929203539823
