"exclude_index","aucs"
0,0.910065080789946
21,0.91040170556553
28,0.91040170556553
1,0.91040170556553
55,0.888857719928187
