"exclude_index","aucs"
0,0.595422535211268
27,0.681338028169014
47,0.766901408450704
51,0.753169014084507
