"exclude_index","aucs"
0,0.774269005847953
32,0.78187134502924
5,0.801754385964912
55,0.801754385964912
33,0.801754385964912
49,0.801754385964912
27,0.774269005847953
