"exclude_index","aucs"
0,0.847953216374269
88,0.902923976608187
36,0.902923976608187
15,0.902923976608187
80,0.902923976608187
46,0.852631578947368
