"exclude_index","aucs"
0,0.664619883040936
63,0.785672514619883
91,0.951169590643275
12,0.951169590643275
71,0.673976608187135
