"exclude_index","aucs"
0,0.510843731431966
82,0.563279857397505
41,0.532234105763517
