"exclude_index","aucs"
0,0.62962962962963
62,0.680776014109348
17,0.78071722516167
13,0.677836566725456
