"exclude_index","aucs"
0,0.685964912280702
91,0.901754385964912
46,0.901754385964912
72,0.901754385964912
29,0.700584795321638
