"exclude_index","aucs"
0,0.982807239057239
15,0.990551346801347
50,0.990551346801347
17,0.990551346801347
32,0.985500841750842
