"exclude_index","aucs"
0,0.620826010544815
8,0.737697715289982
76,0.737697715289982
12,0.737697715289982
22,0.737697715289982
36,0.737697715289982
47,0.709138840070299
