"exclude_index","aucs"
0,0.982072498029945
24,0.989952718676123
10,0.989952718676123
32,0.989952718676123
13,0.989952718676123
