"exclude_index","aucs"
0,0.923684210526316
15,0.927777777777778
47,0.927777777777778
58,0.926608187134503
