"exclude_index","aucs"
0,0.690017513134851
78,0.708406304728546
5,0.838879159369527
2,0.838879159369527
65,0.834500875656743
