"exclude_index","aucs"
0,0.871546149323927
30,0.871546149323927
14,0.900940623162846
29,0.900940623162846
17,0.900940623162846
34,0.871546149323927
