"exclude_index","aucs"
0,0.70446584938704
63,0.740367775831874
15,0.710595446584939
