"exclude_index","aucs"
0,0.51578947368421
39,0.704093567251462
70,0.577777777777778
