"exclude_index","aucs"
0,0.638365896980462
89,0.664120781527531
18,0.680639431616341
63,0.680639431616341
44,0.680639431616341
24,0.845470692717584
16,0.680639431616341
