"exclude_index","aucs"
0,0.822457378012935
49,0.854203409758966
22,0.85655496766608
16,0.848324514991182
