"exclude_index","aucs"
0,0.922237076648842
86,0.937091503267974
63,0.937685680332739
2,0.937834224598931
20,0.937834224598931
5,0.977346999405823
39,0.937834224598931
