"exclude_index","aucs"
0,0.647985989492119
16,0.868651488616462
70,0.770577933450088
