"exclude_index","aucs"
0,0.667618629173989
75,0.911028119507909
61,0.784490333919156
