"exclude_index","aucs"
0,0.95604743083004
36,0.976442687747036
35,0.976758893280632
19,0.956996047430831
