"exclude_index","aucs"
0,0.649299474605954
57,0.868213660245184
34,0.783274956217163
