"exclude_index","aucs"
0,0.944542253521127
72,0.979753521126761
84,0.979753521126761
59,0.965669014084507
