"exclude_index","aucs"
0,0.698336252189142
19,0.794658493870403
64,0.774518388791594
