"exclude_index","aucs"
0,0.647985989492119
1,0.868651488616462
90,0.831873905429072
