"exclude_index","aucs"
0,0.663028169014085
8,0.673591549295775
76,0.730985915492958
24,0.730985915492958
13,0.674295774647887
