"exclude_index","aucs"
0,0.72046783625731
47,0.982456140350877
8,0.982456140350877
63,0.982456140350877
26,0.755555555555556
