"exclude_index","aucs"
0,0.848073555166375
9,0.853327495621716
26,0.888353765323993
32,0.968038528896673
50,0.968038528896673
77,0.878721541155867
