"exclude_index","aucs"
0,0.817809734513275
5,0.876438053097345
52,0.877544247787611
25,0.876438053097345
