"exclude_index","aucs"
0,0.580701754385965
46,0.811111111111111
48,0.811111111111111
33,0.743859649122807
