"exclude_index","aucs"
0,0.965092097445039
23,0.974598930481283
56,0.974747474747475
7,0.974598930481283
