"exclude_index","aucs"
0,0.805604203152364
85,0.850262697022767
31,0.850262697022767
19,0.82661996497373
