"exclude_index","aucs"
0,0.689141856392294
23,0.697898423817863
36,0.731173380035026
87,0.725919439579685
