"exclude_index","aucs"
0,0.600584795321637
89,0.693567251461988
51,0.646783625730994
