"exclude_index","aucs"
0,0.671628721541156
55,0.782837127845884
20,0.689141856392294
