"exclude_index","aucs"
0,0.924474474474475
83,0.972522522522522
30,0.947297297297297
