"exclude_index","aucs"
0,0.689141856392294
42,0.711033274956217
28,0.695271453590193
