"exclude_index","aucs"
0,0.647985989492119
44,0.770577933450088
78,0.754816112084063
