"exclude_index","aucs"
0,0.96709296606001
1,0.96709296606001
91,0.979390063944909
87,0.979390063944909
5,0.979390063944909
77,0.979586817511067
44,0.96709296606001
