"exclude_index","aucs"
0,0.921791443850268
82,0.97482174688057
9,0.936348781937018
