"exclude_index","aucs"
0,0.647985989492119
79,0.770577933450088
66,0.868651488616462
59,0.779334500875657
