"exclude_index","aucs"
0,0.5
76,0.793345008756567
14,0.702276707530648
