"exclude_index","aucs"
0,0.837134502923977
57,0.863450292397661
66,0.848830409356725
