"exclude_index","aucs"
0,0.960645604395604
69,0.977129120879121
61,0.967239010989011
