"exclude_index","aucs"
0,0.639279437609842
3,0.963971880492091
57,0.966608084358524
71,0.742970123022847
