"exclude_index","aucs"
0,0.801405975395431
48,0.820738137082601
3,0.833040421792619
37,0.833040421792619
23,0.833040421792619
63,0.820738137082601
