"exclude_index","aucs"
0,0.844679720704311
60,0.883386460230723
75,0.856291742562235
