"exclude_index","aucs"
0,0.647985989492119
6,0.770577933450088
84,0.868651488616462
25,0.868651488616462
11,0.868651488616462
90,0.770577933450088
