"exclude_index","aucs"
0,0.966341030195382
87,0.980550621669627
53,0.966341030195382
