"exclude_index","aucs"
0,0.691330998248687
42,0.709719789842382
20,0.697460595446585
