"exclude_index","aucs"
0,0.838938053097346
1,0.915486725663717
57,0.926548672566372
78,0.926106194690266
