"exclude_index","aucs"
0,0.808453473132372
49,0.82824377457405
8,0.811598951507208
