"exclude_index","aucs"
0,0.689141856392294
22,0.731173380035026
7,0.711033274956217
