"exclude_index","aucs"
0,0.625222024866785
32,0.665364120781527
69,0.665364120781527
68,0.665364120781527
25,0.665364120781527
77,0.665364120781527
14,0.665364120781527
22,0.649378330373001
