"exclude_index","aucs"
0,0.895559502664298
69,0.90177619893428
3,0.944582593250444
12,0.898934280639431
