"exclude_index","aucs"
0,0.690017513134851
6,0.834500875656743
40,0.834500875656743
24,0.834500875656743
28,0.834500875656743
72,0.829246935201401
