"exclude_index","aucs"
0,0.611818980667838
17,0.817442882249561
22,0.720782073813708
