"exclude_index","aucs"
0,0.745029239766082
25,0.814035087719298
70,0.808187134502924
