"exclude_index","aucs"
0,0.629833040421793
57,0.676405975395431
53,0.679481546572935
10,0.75329525483304
61,0.75329525483304
84,0.678163444639719
