"exclude_index","aucs"
0,0.66140350877193
33,0.942105263157895
86,0.942105263157895
5,0.942105263157895
72,0.701169590643275
