"exclude_index","aucs"
0,0.763908450704225
29,0.894542253521127
68,0.777640845070423
