"exclude_index","aucs"
0,0.585087719298246
92,0.74766081871345
7,0.815497076023392
33,0.815497076023392
58,0.815497076023392
35,0.815497076023392
45,0.740643274853801
