"exclude_index","aucs"
0,0.701991150442478
25,0.726327433628319
44,0.725884955752212
