"exclude_index","aucs"
0,0.990683229813665
79,0.997066942719117
41,0.994996549344375
