"exclude_index","aucs"
0,0.799437148217636
55,0.829362101313321
31,0.809193245778612
