"exclude_index","aucs"
0,0.654225352112676
35,0.872887323943662
48,0.872887323943662
11,0.872887323943662
36,0.872887323943662
32,0.817605633802817
