"exclude_index","aucs"
0,0.94612676056338
38,0.981338028169014
68,0.974295774647887
