"exclude_index","aucs"
0,0.982072498029945
3,0.989952718676123
24,0.989952718676123
30,0.989952718676123
