"exclude_index","aucs"
0,0.647985989492119
50,0.770577933450088
1,0.770577933450088
5,0.82661996497373
39,0.901926444833625
10,0.901926444833625
63,0.901926444833625
54,0.901926444833625
23,0.901926444833625
28,0.901926444833625
37,0.840630472854641
