"exclude_index","aucs"
0,0.910968660968663
7,0.915174331840999
38,0.920058336725005
74,0.920058336725005
46,0.920058336725005
