"exclude_index","aucs"
0,0.913028169014084
1,0.913028169014084
31,0.915140845070423
32,0.915140845070423
2,0.913028169014084
