"exclude_index","aucs"
0,0.87413749041656
2,0.890237669307437
76,0.898032200357782
61,0.897904421160235
