"exclude_index","aucs"
0,0.795254833040422
24,0.819420035149385
1,0.795254833040422
