"exclude_index","aucs"
0,0.549596163553761
26,0.583922261484099
87,0.567768803634528
