"exclude_index","aucs"
0,0.865553602811951
38,0.937170474516696
79,0.872144112478032
