"exclude_index","aucs"
0,0.805166374781086
92,0.849824868651489
19,0.826182136602452
