"exclude_index","aucs"
0,0.712784588441331
13,0.856392294220665
16,0.856392294220665
36,0.753940455341506
