"exclude_index","aucs"
0,0.900113231963767
67,0.957052733743125
71,0.956729213846651
