"exclude_index","aucs"
0,0.701230228471001
56,0.742530755711774
76,0.742530755711774
87,0.73506151142355
