"exclude_index","aucs"
0,0.857743362831858
92,0.867477876106195
5,0.857743362831858
