"exclude_index","aucs"
0,0.505847953216374
1,0.549707602339181
86,0.570175438596491
20,0.774853801169591
64,0.774853801169591
89,0.774853801169591
30,0.774853801169591
84,0.570175438596491
