"exclude_index","aucs"
0,0.81260945709282
26,0.847635726795096
8,0.905429071803853
82,0.905429071803853
23,0.933450087565674
30,0.933450087565674
55,0.933450087565674
22,0.847635726795096
