"exclude_index","aucs"
0,0.917781690140845
10,0.923415492957746
1,0.917781690140845
