"exclude_index","aucs"
0,0.673332481472016
5,0.73172757475083
28,0.73172757475083
4,0.724571939688219
