"exclude_index","aucs"
0,0.647985989492119
80,0.869527145359019
49,0.746059544658494
