"exclude_index","aucs"
0,0.730985915492958
87,0.76443661971831
33,0.745070422535211
