"exclude_index","aucs"
0,0.819440922920892
31,0.869897312373225
26,0.909831389452334
8,0.868946501014199
