"exclude_index","aucs"
0,0.709356725146198
55,0.747953216374268
9,0.718713450292397
