"exclude_index","aucs"
0,0.81260945709282
7,0.905429071803853
33,0.905429071803853
72,0.905429071803853
29,0.905429071803853
92,0.873905429071804
