"exclude_index","aucs"
0,0.959963503649635
48,0.959963503649636
31,0.959963503649635
