"exclude_index","aucs"
0,0.712653778558875
58,0.9402460456942
84,0.7201230228471
