"exclude_index","aucs"
0,0.710526315789474
22,0.717543859649123
12,0.815204678362573
2,0.736842105263158
