"exclude_index","aucs"
0,0.840643274853801
13,0.905555555555556
89,0.905555555555556
53,0.905555555555556
15,0.905555555555556
17,0.894444444444444
