"exclude_index","aucs"
0,0.801584507042253
12,0.85193661971831
77,0.85193661971831
78,0.816725352112676
