"exclude_index","aucs"
0,0.908611599297012
75,0.916959578207381
31,0.915202108963093
