"exclude_index","aucs"
0,0.831161971830986
39,0.8625
28,0.858978873239437
