"exclude_index","aucs"
0,0.769298245614035
85,0.77046783625731
44,0.994444444444444
1,0.994444444444444
2,0.774561403508772
