"exclude_index","aucs"
0,0.735551663747811
52,0.873029772329247
92,0.873029772329247
87,0.873029772329247
1,0.873029772329247
32,0.864273204903678
