"exclude_index","aucs"
0,0.674255691768827
35,0.788966725043783
24,0.695271453590193
