"exclude_index","aucs"
0,0.504706927175843
86,0.572557726465364
14,0.572557726465364
43,0.562078152753108
