"exclude_index","aucs"
0,0.702714535901926
10,0.849824868651489
17,0.849824868651489
89,0.844570928196147
