"exclude_index","aucs"
0,0.647985989492119
72,0.868651488616462
26,0.868651488616462
15,0.868651488616462
5,0.868651488616462
4,0.746059544658494
