"exclude_index","aucs"
0,0.849122807017544
47,0.905263157894737
1,0.905263157894737
51,0.909941520467836
71,0.905847953216374
