"exclude_index","aucs"
0,0.759941520467836
23,0.998538011695906
10,0.998538011695906
36,0.77046783625731
