"exclude_index","aucs"
0,0.81260945709282
43,0.905429071803853
62,0.905429071803853
64,0.847635726795096
