"exclude_index","aucs"
0,0.675966608084358
5,0.755052724077329
86,0.73615992970123
