"exclude_index","aucs"
0,0.641090358404846
42,0.729429581019687
9,0.708985360928824
