"exclude_index","aucs"
0,0.756432748538012
73,0.777485380116959
63,0.994444444444444
64,0.994444444444444
76,0.994444444444444
58,0.994444444444444
12,0.777485380116959
