"exclude_index","aucs"
0,0.576659292035398
18,0.631969026548672
55,0.673119469026549
51,0.673119469026549
56,0.673119469026549
58,0.673119469026549
66,0.673119469026549
79,0.68108407079646
4,0.68108407079646
65,0.632632743362832
