"exclude_index","aucs"
0,0.783712784588441
8,0.847635726795096
13,0.847635726795096
18,0.847635726795096
19,0.843257443082312
