"exclude_index","aucs"
0,0.712865497076023
79,0.787134502923977
60,0.766081871345029
