"exclude_index","aucs"
0,0.781961471103327
56,0.787215411558669
79,0.785464098073555
