"exclude_index","aucs"
0,0.924551971326165
37,0.937455197132616
79,0.937455197132616
70,0.937574671445639
6,0.937455197132616
