"exclude_index","aucs"
0,0.748686514886165
41,0.779334500875657
2,0.785464098073555
79,0.785464098073555
7,0.7784588441331
