"exclude_index","aucs"
0,0.771015761821366
80,0.839316987740806
44,0.842819614711033
48,0.842819614711033
31,0.833187390542907
