"exclude_index","aucs"
0,0.649299474605954
21,0.868213660245184
28,0.868213660245184
3,0.742994746059545
