"exclude_index","aucs"
0,0.790280210157618
13,0.862084063047285
43,0.862084063047285
53,0.861208406304729
