"exclude_index","aucs"
0,0.933216168717047
36,0.973637961335677
11,0.942003514938489
