"exclude_index","aucs"
0,0.701401050788091
75,0.856392294220666
13,0.715411558669002
