"exclude_index","aucs"
0,0.881370826010545
72,0.941124780316344
80,0.941124780316344
12,0.941124780316344
91,0.895430579964851
