"exclude_index","aucs"
0,0.548161120840631
58,0.739054290718039
44,0.59369527145359
