"exclude_index","aucs"
0,0.716287215411559
58,0.779334500875657
69,0.75569176882662
