"exclude_index","aucs"
0,0.830657419722592
12,0.841677750332508
26,0.841772753182593
1,0.841867756032679
68,0.816977009310277
