"exclude_index","aucs"
0,0.735551663747811
11,0.754816112084063
34,0.754816112084063
86,0.873029772329247
57,0.754816112084063
