"exclude_index","aucs"
0,0.57046783625731
11,0.681578947368421
23,0.686842105263158
39,0.686842105263158
35,0.686842105263158
43,0.686842105263158
