"exclude_index","aucs"
0,0.750659050966608
41,0.80865553602812
43,0.819639718804921
7,0.918936731107206
2,0.819639718804921
