"exclude_index","aucs"
0,0.799648506151142
18,0.806678383128295
25,0.833040421792619
71,0.818980667838313
