"exclude_index","aucs"
0,0.767513134851138
64,0.861208406304729
36,0.861208406304729
8,0.785901926444834
