"exclude_index","aucs"
0,0.557557117750439
73,0.727152899824253
43,0.630492091388401
