"exclude_index","aucs"
0,0.582249802994484
14,0.599192277383767
9,0.621256895193065
6,0.594858156028369
