"exclude_index","aucs"
0,0.576608187134503
46,0.757894736842105
40,0.757894736842105
44,0.757894736842105
26,0.757894736842105
85,0.757894736842105
79,0.816374269005848
82,0.816374269005848
38,0.598830409356725
