"exclude_index","aucs"
0,0.847714736012608
26,0.849487785657998
21,0.849487785657998
16,0.849487785657998
32,0.789204097714736
