"exclude_index","aucs"
0,0.700087565674256
33,0.72723292469352
21,0.714098073555166
