"exclude_index","aucs"
0,0.981711525189786
3,0.983781918564527
1,0.983781918564527
19,0.983781918564527
