"exclude_index","aucs"
0,0.648295120517343
52,0.774691358024691
55,0.729717813051146
