"exclude_index","aucs"
0,0.569298245614035
36,0.578070175438596
16,0.578070175438596
13,0.739473684210526
38,0.739473684210526
11,0.739473684210526
23,0.739473684210526
83,0.739473684210526
46,0.609649122807018
