"exclude_index","aucs"
0,0.572715289982425
61,0.693980667838313
37,0.811291739894552
26,0.693980667838313
