"exclude_index","aucs"
0,0.812280701754386
47,0.832748538011696
55,0.871929824561404
59,0.871929824561404
69,0.832748538011696
