"exclude_index","aucs"
0,0.578345070422535
55,0.619894366197183
44,0.676584507042254
11,0.664260563380282
