"exclude_index","aucs"
0,0.944050433412135
20,0.946414499605989
55,0.944050433412136
