"exclude_index","aucs"
0,0.982056590752243
9,0.983781918564527
3,0.983781918564527
2,0.983781918564527
5,0.982056590752243
