"exclude_index","aucs"
0,0.805166374781086
64,0.826182136602452
72,0.849824868651489
35,0.849824868651489
20,0.837565674255692
