"exclude_index","aucs"
0,0.873482088646024
54,0.874241044323012
53,0.874241044323013
48,0.874241044323013
81,0.874241044323013
33,0.871357012750456
