"exclude_index","aucs"
0,0.989253996447602
1,0.989786856127886
82,0.989786856127886
2,0.989786856127886
