"exclude_index","aucs"
0,0.888503649635037
21,0.899306569343066
68,0.904927007299272
55,0.892153284671534
