"exclude_index","aucs"
0,0.743661971830986
25,0.865492957746479
6,0.757042253521127
