"exclude_index","aucs"
0,0.5
73,0.543782837127846
79,0.793345008756567
2,0.793345008756567
78,0.952714535901926
35,0.952714535901926
56,0.952714535901926
24,0.952714535901926
28,0.952714535901926
31,0.794220665499124
