"exclude_index","aucs"
0,0.572514619883041
36,0.646783625730994
41,0.731578947368421
15,0.692397660818713
