"exclude_index","aucs"
0,0.717486818980668
33,0.779437609841828
85,0.807117750439367
31,0.787346221441125
