"exclude_index","aucs"
0,0.933216168717047
21,0.942003514938489
71,0.942003514938489
2,0.938488576449912
