"exclude_index","aucs"
0,0.696502057613169
31,0.873750734861846
2,0.697677836566725
