"exclude_index","aucs"
0,0.51374269005848
45,0.684502923976608
63,0.686842105263158
43,0.741228070175439
64,0.741228070175439
34,0.686842105263158
