"exclude_index","aucs"
0,0.928559643623164
85,0.952813067150635
31,0.952813067150635
3,0.952813067150635
11,0.952813067150635
50,0.952813067150635
66,0.937056591321564
