"exclude_index","aucs"
0,0.959123906946048
22,0.960938788978716
12,0.960526315789474
