"exclude_index","aucs"
0,0.574868651488616
4,0.597635726795096
32,0.597635726795096
2,0.731611208406305
35,0.57661996497373
