"exclude_index","aucs"
0,0.647985989492119
2,0.868651488616462
47,0.761821366024518
