"exclude_index","aucs"
0,0.933216168717047
38,0.973637961335677
6,0.973637961335677
2,0.973637961335677
45,0.977152899824253
91,0.854130052724077
