"exclude_index","aucs"
0,0.639269911504425
87,0.651880530973451
89,0.682632743362832
75,0.682632743362832
17,0.682632743362832
67,0.682632743362832
4,0.682632743362832
38,0.682632743362832
52,0.652544247787611
