"exclude_index","aucs"
0,0.76601998824221
12,0.841269841269841
76,0.841269841269841
3,0.841269841269841
9,0.79129923574368
