"exclude_index","aucs"
0,0.714630931458699
60,0.746265377855888
79,0.780536028119508
1,0.716388400702988
