"exclude_index","aucs"
0,0.736379613356766
43,0.796133567662566
29,0.796133567662566
38,0.796133567662566
14,0.796133567662566
7,0.751318101933216
