"exclude_index","aucs"
0,0.915044247787611
11,0.915044247787611
7,0.915044247787611
13,0.915044247787611
16,0.915044247787611
68,0.895353982300885
