"exclude_index","aucs"
0,0.778654970760234
36,0.910818713450292
45,0.90906432748538
