"exclude_index","aucs"
0,0.602464788732394
18,0.627816901408451
38,0.660211267605634
15,0.627816901408451
