"exclude_index","aucs"
0,0.794444444444445
49,0.819005847953216
35,0.799122807017544
