"exclude_index","aucs"
0,0.647985989492119
27,0.868651488616462
37,0.868651488616462
11,0.770577933450088
