"exclude_index","aucs"
0,0.69793523469994
11,0.744726678550208
64,0.802064765300059
16,0.805035650623886
79,0.743983957219251
