"exclude_index","aucs"
0,0.809649122807018
18,0.895029239766082
9,0.884502923976608
