"exclude_index","aucs"
0,0.714411247803163
35,0.780316344463972
39,0.780316344463972
14,0.780316344463972
21,0.775043936731107
