"exclude_index","aucs"
0,0.535964912280702
58,0.685087719298246
38,0.633040935672515
