"exclude_index","aucs"
0,0.501313485113835
16,0.792031523642732
85,0.79553415061296
41,0.792031523642732
