"exclude_index","aucs"
0,0.535964912280702
61,0.657017543859649
14,0.733625730994152
26,0.733625730994152
79,0.733625730994152
53,0.641812865497076
