"exclude_index","aucs"
0,0.500437828371278
1,0.793782837127846
41,0.876970227670753
43,0.904991243432574
3,0.890980735551664
