"exclude_index","aucs"
0,0.709994952044422
76,0.723624432104998
84,0.715042907622413
