"exclude_index","aucs"
0,0.758479532163743
52,0.788304093567252
22,0.788304093567252
33,0.788304093567252
45,0.774853801169591
