"exclude_index","aucs"
0,0.551186291739895
73,0.685632688927944
1,0.551186291739895
