"exclude_index","aucs"
0,0.804728546409807
71,0.84938704028021
10,0.84938704028021
64,0.84938704028021
14,0.84938704028021
65,0.84938704028021
6,0.84938704028021
34,0.84938704028021
63,0.84938704028021
45,0.837127845884413
