"exclude_index","aucs"
0,0.567662565905097
60,0.749560632688928
4,0.683216168717047
