"exclude_index","aucs"
0,0.548161120840631
91,0.739054290718039
38,0.739054290718039
5,0.739054290718039
90,0.739054290718039
33,0.739054290718039
6,0.740805604203152
20,0.740805604203152
47,0.740805604203152
36,0.730297723292469
