"exclude_index","aucs"
0,0.690017513134851
18,0.693520140105079
70,0.834500875656743
77,0.834500875656743
21,0.834500875656743
31,0.834500875656743
5,0.829246935201401
