"exclude_index","aucs"
0,0.808669001751314
7,0.837565674255692
12,0.848949211908932
44,0.848949211908932
24,0.848949211908932
19,0.837565674255692
