"exclude_index","aucs"
0,0.762259194395797
9,0.992556917688266
27,0.992556917688266
84,0.769264448336252
