"exclude_index","aucs"
0,0.970705244122966
5,0.971699819168173
84,0.971699819168173
