"exclude_index","aucs"
0,0.989786856127886
1,0.989786856127886
38,0.989786856127886
18,0.989786856127886
13,0.989786856127886
67,0.989786856127886
2,0.989786856127886
