"exclude_index","aucs"
0,0.507005253940455
28,0.791593695271454
65,0.816112084063047
22,0.816112084063047
83,0.765323992994746
