"exclude_index","aucs"
0,0.701230228471001
50,0.73506151142355
84,0.73506151142355
13,0.742530755711774
43,0.742530755711774
5,0.742530755711774
83,0.73506151142355
