"exclude_index","aucs"
0,0.983357664233577
1,0.983357664233577
2,0.983357664233577
3,0.981313868613139
