"exclude_index","aucs"
0,0.647985989492119
10,0.868651488616462
8,0.868651488616462
18,0.868651488616462
53,0.868651488616462
29,0.868651488616462
16,0.868651488616462
72,0.770577933450088
