"exclude_index","aucs"
0,0.747373029772329
55,0.778021015761821
83,0.778021015761821
49,0.760507880910683
