"exclude_index","aucs"
0,0.756514084507042
80,0.779049295774648
45,0.779049295774648
78,0.777640845070423
