"exclude_index","aucs"
0,0.624338624338624
41,0.770429159318048
56,0.60435038212816
