"exclude_index","aucs"
0,0.962157707910751
5,0.978004563894523
11,0.978004563894523
74,0.978004563894523
36,0.978004563894523
73,0.978004563894523
27,0.962157707910751
