"exclude_index","aucs"
0,0.588971880492091
54,0.604789103690685
70,0.796353251318102
89,0.796353251318102
27,0.796353251318102
77,0.632029876977153
