"exclude_index","aucs"
0,0.564373897707231
26,0.760728982951205
84,0.581128747795414
