"exclude_index","aucs"
0,0.907042253521127
1,0.907042253521127
92,0.816549295774648
