"exclude_index","aucs"
0,0.794917257683215
28,0.82565011820331
80,0.801221434200158
