"exclude_index","aucs"
0,0.760544815465729
56,0.793057996485061
29,0.787785588752197
