"exclude_index","aucs"
0,0.52306338028169
3,0.633274647887324
66,0.922711267605634
64,0.922711267605634
19,0.922711267605634
18,0.922711267605634
2,0.922711267605634
17,0.635739436619718
