"exclude_index","aucs"
0,0.608479532163743
85,0.723684210526316
34,0.653508771929825
