"exclude_index","aucs"
0,0.70446584938704
17,0.79553415061296
47,0.79553415061296
67,0.800788091068301
52,0.800788091068301
85,0.800788091068301
24,0.800788091068301
28,0.800788091068301
3,0.827057793345009
35,0.81830122591944
