"exclude_index","aucs"
0,0.843873128447597
10,0.880713159968479
20,0.880713159968479
77,0.863770685579196
