"exclude_index","aucs"
0,0.554728546409807
58,0.723730297723292
18,0.723730297723292
6,0.723730297723292
60,0.723730297723292
9,0.723730297723292
26,0.723730297723292
14,0.612521891418564
