"exclude_index","aucs"
0,0.746935201401051
1,0.758318739054291
21,0.781085814360771
31,0.766199649737303
