"exclude_index","aucs"
0,0.512280701754386
32,0.663742690058479
10,0.685380116959064
67,0.663742690058479
