"exclude_index","aucs"
0,0.635380116959064
9,0.755847953216374
13,0.755847953216374
47,0.671052631578947
