"exclude_index","aucs"
0,0.65630472854641
8,0.691330998248687
62,0.687828371278459
