"exclude_index","aucs"
0,0.788011695906433
39,0.792690058479532
79,0.792690058479532
11,0.792690058479532
17,0.792690058479532
50,0.792690058479532
33,0.792690058479532
7,0.792690058479532
38,0.789766081871345
