"exclude_index","aucs"
0,0.536549707602339
10,0.686257309941521
85,0.686257309941521
77,0.686257309941521
23,0.676315789473684
