"exclude_index","aucs"
0,0.615724381625442
79,0.637430590610803
66,0.619257950530036
