"exclude_index","aucs"
0,0.52280701754386
18,0.687134502923977
25,0.687134502923977
9,0.670175438596491
