"exclude_index","aucs"
0,0.670753064798599
51,0.785464098073555
9,0.695271453590193
