"exclude_index","aucs"
0,0.914689550731954
66,0.918727915194346
54,0.918727915194346
39,0.915699141847552
