"exclude_index","aucs"
0,0.798334174659263
79,0.824078748107016
7,0.824078748107016
54,0.819030792529026
