"exclude_index","aucs"
0,0.805604203152364
74,0.850262697022767
78,0.850262697022767
72,0.850262697022767
81,0.82661996497373
