"exclude_index","aucs"
0,0.613609641387419
2,0.66005291005291
76,0.686213991769547
74,0.686213991769547
27,0.615961199294533
