"exclude_index","aucs"
0,0.53415061295972
21,0.74430823117338
35,0.74430823117338
36,0.74430823117338
81,0.716287215411559
