"exclude_index","aucs"
0,0.649299474605954
26,0.868213660245184
28,0.868213660245184
32,0.868213660245184
68,0.868213660245184
86,0.868213660245184
46,0.846322241681261
