"exclude_index","aucs"
0,0.921345029239766
1,0.921345029239766
83,0.914912280701754
