"exclude_index","aucs"
0,0.817003514938489
59,0.820079086115993
41,0.820079086115993
74,0.824033391915642
37,0.801625659050967
