"exclude_index","aucs"
0,0.703152364273205
90,0.839754816112084
43,0.839754816112084
58,0.839754816112084
14,0.716287215411559
