"exclude_index","aucs"
0,0.515247252747253
39,0.574862637362638
56,0.527335164835165
