"exclude_index","aucs"
0,0.600584795321637
72,0.755555555555556
86,0.755555555555556
90,0.755555555555556
78,0.687134502923977
