"exclude_index","aucs"
0,0.5
32,0.793345008756567
10,0.793345008756567
77,0.793345008756567
91,0.748686514886165
