"exclude_index","aucs"
0,0.519112478031635
40,0.653998242530756
78,0.655755711775044
70,0.74890158172232
38,0.74890158172232
12,0.604349736379614
