"exclude_index","aucs"
0,0.701401050788091
6,0.702276707530648
31,0.856392294220666
90,0.715411558669002
