"exclude_index","aucs"
0,0.509446397188049
1,0.65707381370826
67,0.717706502636204
31,0.717706502636204
20,0.717706502636204
17,0.71682776801406
