"exclude_index","aucs"
0,0.755150976909413
35,0.786056838365896
26,0.786767317939609
34,0.785346358792184
