"exclude_index","aucs"
0,0.557996485061511
74,0.590070298769771
58,0.634007029876977
73,0.692003514938489
41,0.692003514938489
9,0.710896309314587
90,0.727592267135325
57,0.710896309314587
