"exclude_index","aucs"
0,0.69045534150613
1,0.69045534150613
92,0.867338003502627
75,0.729859894921191
