"exclude_index","aucs"
0,0.528896672504378
5,0.677758318739054
11,0.677758318739054
30,0.662872154115587
