"exclude_index","aucs"
0,0.627192982456141
9,0.676315789473684
4,0.676315789473684
20,0.738304093567251
64,0.646491228070175
