"exclude_index","aucs"
0,0.792031523642732
29,0.836690017513135
19,0.831436077057793
