"exclude_index","aucs"
0,0.526707530647986
15,0.66768826619965
1,0.66768826619965
77,0.57661996497373
