"exclude_index","aucs"
0,0.75
22,0.780647985989492
80,0.759632224168126
