"exclude_index","aucs"
0,0.801186291739895
56,0.849516695957821
40,0.81085237258348
