"exclude_index","aucs"
0,0.712784588441331
19,0.856392294220665
89,0.731173380035026
