"exclude_index","aucs"
0,0.691362018764154
37,0.705596894208994
72,0.705596894208994
