"exclude_index","aucs"
0,0.787215411558669
86,0.880035026269702
50,0.82399299474606
