"exclude_index","aucs"
0,0.660808435852373
31,0.748681898066784
51,0.748681898066784
28,0.868189806678383
29,0.880052724077329
10,0.880052724077329
24,0.880052724077329
54,0.880052724077329
18,0.880052724077329
15,0.729789103690685
