"exclude_index","aucs"
0,0.543567251461989
59,0.702046783625731
17,0.702046783625731
43,0.89327485380117
47,0.89327485380117
76,0.786842105263158
