"exclude_index","aucs"
0,0.807338086749851
18,0.890819964349376
66,0.890819964349376
1,0.807338086749851
