"exclude_index","aucs"
0,0.647985989492119
18,0.868651488616462
7,0.868651488616462
44,0.772329246935201
