"exclude_index","aucs"
0,0.848073555166375
1,0.848073555166375
41,0.848073555166375
85,0.838441330998249
