"exclude_index","aucs"
0,0.949470301154624
28,0.951672419950009
64,0.951196286156412
