"exclude_index","aucs"
0,0.525483304042179
44,0.635325131810193
6,0.635325131810193
1,0.635325131810193
2,0.623462214411248
