"exclude_index","aucs"
0,0.691993464052288
4,0.708481877599526
19,0.707442067736186
