"exclude_index","aucs"
0,0.698538011695906
67,0.802046783625731
24,0.802046783625731
58,0.800877192982456
