"exclude_index","aucs"
0,0.942959001782531
1,0.943701723113488
3,0.938502673796792
