"exclude_index","aucs"
0,0.739455184534271
35,0.790861159929701
59,0.790861159929701
54,0.790861159929701
4,0.790861159929701
