"exclude_index","aucs"
0,0.540636042402827
84,0.576728924785462
15,0.576728924785462
