"exclude_index","aucs"
0,0.990270350564468
15,0.990864527629234
1,0.990864527629233
