"exclude_index","aucs"
0,0.848418277680141
31,0.936731107205624
1,0.848418277680141
