"exclude_index","aucs"
0,0.689141856392294
27,0.731173380035026
63,0.731173380035026
1,0.689141856392294
