"exclude_index","aucs"
0,0.911228689006467
7,0.91358024691358
14,0.911228689006467
