"exclude_index","aucs"
0,0.805604203152364
64,0.83800350262697
74,0.850262697022767
89,0.850262697022767
62,0.850262697022767
22,0.82661996497373
