"exclude_index","aucs"
0,0.921715328467153
3,0.923175182481751
7,0.923175182481751
2,0.923175182481751
