"exclude_index","aucs"
0,0.740913679959616
8,0.743185259969712
1,0.766405855628471
26,0.806537102473498
72,0.746466431095406
