"exclude_index","aucs"
0,0.983357664233577
10,0.983357664233577
37,0.983357664233577
91,0.983357664233577
1,0.983357664233577
