"exclude_index","aucs"
0,0.889667250437828
6,0.991243432574431
12,0.991243432574431
11,0.991243432574431
1,0.889667250437828
