"exclude_index","aucs"
0,0.747373029772329
65,0.757880910683012
81,0.778021015761821
32,0.759632224168126
