"exclude_index","aucs"
0,0.647985989492119
46,0.869527145359019
60,0.766199649737303
