"exclude_index","aucs"
0,0.696092362344582
19,0.697868561278863
44,0.697868561278863
66,0.720603907637655
60,0.72113676731794
43,0.72113676731794
