"exclude_index","aucs"
0,0.805604203152364
30,0.83800350262697
22,0.850262697022767
64,0.850262697022767
47,0.850262697022767
24,0.850262697022767
25,0.850262697022767
12,0.850262697022767
62,0.850262697022767
70,0.81260945709282
