"exclude_index","aucs"
0,0.917781690140845
12,0.917781690140845
15,0.91919014084507
16,0.91919014084507
36,0.876232394366197
