"exclude_index","aucs"
0,0.88922942206655
35,0.998686514886165
25,0.998686514886165
61,0.998686514886165
1,0.88922942206655
