"exclude_index","aucs"
0,0.871546149323927
72,0.900940623162846
11,0.900940623162846
82,0.900940623162846
75,0.895061728395062
