"exclude_index","aucs"
0,0.725043782837128
22,0.728546409807356
58,0.885288966725044
80,0.788091068301226
