"exclude_index","aucs"
0,0.538664323374341
80,0.619507908611599
23,0.73725834797891
1,0.73725834797891
31,0.835676625659051
56,0.835676625659051
6,0.835676625659051
26,0.82688927943761
