"exclude_index","aucs"
0,0.698594024604569
42,0.79261862917399
43,0.742530755711775
