"exclude_index","aucs"
0,0.589316987740806
31,0.602451838879159
42,0.759194395796848
74,0.641856392294221
