"exclude_index","aucs"
0,0.647985989492119
2,0.868651488616462
25,0.777583187390543
