"exclude_index","aucs"
0,0.714098073555166
7,0.86646234676007
37,0.86646234676007
27,0.757005253940455
