"exclude_index","aucs"
0,0.644750126198889
55,0.669989904088844
19,0.717440686521959
66,0.717440686521959
9,0.717440686521959
8,0.667970721857647
