"exclude_index","aucs"
0,0.765014055711729
70,0.788014311270124
63,0.87107078967544
91,0.787247636084844
