"exclude_index","aucs"
0,0.708040421792619
32,0.848637961335677
3,0.848637961335677
