"exclude_index","aucs"
0,0.706140350877193
76,0.822514619883041
4,0.822514619883041
69,0.724853801169591
