"exclude_index","aucs"
0,0.787215411558669
71,0.867775831873905
3,0.867775831873905
22,0.788966725043783
