"exclude_index","aucs"
0,0.885554836622453
2,0.885716596570689
37,0.880054998382401
