"exclude_index","aucs"
0,0.559670781893004
29,0.970017636684303
2,0.970017636684303
80,0.970017636684303
8,0.730452674897119
