"exclude_index","aucs"
0,0.838908450704225
8,0.865316901408451
21,0.865316901408451
3,0.865316901408451
9,0.838908450704225
