"exclude_index","aucs"
0,0.737038664323374
8,0.759446397188049
83,0.705404217926186
