"exclude_index","aucs"
0,0.587389380530973
43,0.65287610619469
46,0.662389380530974
74,0.661504424778761
