"exclude_index","aucs"
0,0.831866197183099
75,0.861443661971831
41,0.861795774647887
28,0.868485915492958
86,0.87024647887324
87,0.87024647887324
33,0.839612676056338
