"exclude_index","aucs"
0,0.789473684210526
5,0.791228070175439
66,0.791228070175439
88,0.791228070175439
2,0.792982456140351
75,0.791228070175439
