"exclude_index","aucs"
0,0.508756567425569
14,0.761821366024518
31,0.791593695271454
60,0.700525394045534
