"exclude_index","aucs"
0,0.542077464788732
60,0.659330985915493
79,0.659330985915493
24,0.659330985915493
67,0.639612676056338
