"exclude_index","aucs"
0,0.878756830601093
66,0.878756830601093
2,0.878756830601093
