"exclude_index","aucs"
0,0.822457378012935
19,0.848324514991182
33,0.85302763080541
22,0.85655496766608
25,0.85655496766608
32,0.85655496766608
43,0.848324514991182
