"exclude_index","aucs"
0,0.669156414762742
2,0.674868189806678
15,0.738137082601054
49,0.738137082601054
68,0.738137082601054
33,0.738137082601054
51,0.745606326889279
44,0.745606326889279
50,0.745606326889279
84,0.665202108963093
