"exclude_index","aucs"
0,0.515158172231986
5,0.608304042179262
44,0.691783831282953
22,0.691783831282953
53,0.691783831282953
52,0.691783831282953
20,0.613576449912127
