"exclude_index","aucs"
0,0.989786856127886
4,0.989786856127886
1,0.989786856127886
3,0.989786856127886
2,0.989786856127886
6,0.989786856127886
10,0.989786856127886
5,0.989786856127886
