"exclude_index","aucs"
0,0.504378283712785
39,0.788966725043783
21,0.788966725043783
25,0.690893169877408
