"exclude_index","aucs"
0,0.537426900584795
92,0.612280701754386
23,0.784210526315789
13,0.784210526315789
57,0.634502923976607
