"exclude_index","aucs"
0,0.528896672504378
64,0.662872154115587
22,0.633099824868651
