"exclude_index","aucs"
0,0.701838879159369
47,0.847197898423818
4,0.824430823117338
