"exclude_index","aucs"
0,0.573594024604569
51,0.585896309314587
1,0.580623901581722
