"exclude_index","aucs"
0,0.552539404553415
89,0.725043782837128
68,0.655866900175131
