"exclude_index","aucs"
0,0.668497363796134
1,0.668497363796134
35,0.624560632688928
