"exclude_index","aucs"
0,0.864209994952044
63,0.883644623927309
1,0.864209994952044
