"exclude_index","aucs"
0,0.81260945709282
16,0.905429071803853
25,0.94045534150613
1,0.847635726795096
