"exclude_index","aucs"
0,0.647985989492119
44,0.868651488616462
46,0.868651488616462
77,0.770577933450088
