"exclude_index","aucs"
0,0.619288224956063
3,0.746265377855888
19,0.743629173989455
