"exclude_index","aucs"
0,0.704903677758319
36,0.705779334500876
72,0.740805604203152
11,0.740805604203152
49,0.740805604203152
29,0.740805604203152
9,0.735551663747811
