"exclude_index","aucs"
0,0.572495606326889
73,0.815905096660808
10,0.815905096660808
57,0.815905096660808
12,0.692882249560633
