"exclude_index","aucs"
0,0.569298245614035
89,0.686842105263158
3,0.657602339181287
