"exclude_index","aucs"
0,0.689141856392294
67,0.697898423817863
87,0.731173380035026
4,0.711033274956217
