"exclude_index","aucs"
0,0.93909641222501
16,0.939244057286283
25,0.914698065849699
