"exclude_index","aucs"
0,0.716374269005848
1,0.716374269005848
91,0.985380116959064
71,0.985380116959064
9,0.985380116959064
25,0.985380116959064
76,0.658479532163743
