"exclude_index","aucs"
0,0.975206043956044
15,0.976304945054945
87,0.97603021978022
