"exclude_index","aucs"
0,0.956996047430831
37,0.975810276679842
92,0.976758893280632
19,0.956996047430831
