"exclude_index","aucs"
0,0.989786856127886
1,0.989786856127886
60,0.989786856127886
2,0.989786856127886
