"exclude_index","aucs"
0,0.703590192644483
4,0.716725043782837
24,0.734238178633975
28,0.734238178633975
5,0.707968476357268
