"exclude_index","aucs"
0,0.548353909465021
26,0.74265138154027
49,0.74265138154027
46,0.74265138154027
29,0.74265138154027
70,0.704732510288066
