"exclude_index","aucs"
0,0.978461081402258
1,0.979203802733215
3,0.979203802733215
7,0.979203802733215
14,0.979203802733215
5,0.979203802733215
2,0.979203802733215
51,0.978015448603684
