"exclude_index","aucs"
0,0.647985989492119
59,0.868651488616462
4,0.868651488616462
57,0.868651488616462
3,0.761821366024518
