"exclude_index","aucs"
0,0.693957968476357
4,0.847197898423818
9,0.846322241681261
