"exclude_index","aucs"
0,0.540202108963093
61,0.658831282952548
18,0.713312829525483
90,0.713312829525483
68,0.713312829525483
23,0.713312829525483
46,0.557337434094903
