"exclude_index","aucs"
0,0.533509700176367
59,0.668724279835391
41,0.595238095238096
