"exclude_index","aucs"
0,0.6440329218107
7,0.655790711346267
73,0.655790711346267
62,0.656084656084656
57,0.655790711346267
