"exclude_index","aucs"
0,0.762697022767075
22,0.79246935201401
42,0.994746059544658
30,0.887040280210158
