"exclude_index","aucs"
0,0.5
67,0.793345008756567
57,0.793345008756567
18,0.543782837127846
