"exclude_index","aucs"
0,0.768133802816901
57,0.772359154929578
35,0.772359154929578
2,0.772359154929577
