"exclude_index","aucs"
0,0.690017513134851
15,0.829246935201401
24,0.834500875656743
12,0.834500875656743
41,0.829246935201401
