"exclude_index","aucs"
0,0.586257309941521
18,0.617836257309942
74,0.642397660818714
44,0.682163742690058
46,0.642397660818714
