"exclude_index","aucs"
0,0.649299474605954
7,0.868213660245184
5,0.778896672504378
