"exclude_index","aucs"
0,0.663804945054945
24,0.711332417582418
64,0.710782967032967
