"exclude_index","aucs"
0,0.656742556917688
76,0.674255691768827
37,0.785464098073555
14,0.663747810858144
