"exclude_index","aucs"
0,0.689141856392294
24,0.731173380035026
48,0.711033274956217
