"exclude_index","aucs"
0,0.689141856392294
86,0.725919439579685
64,0.725919439579685
28,0.731173380035026
40,0.624343257443082
