"exclude_index","aucs"
0,0.914205576637518
89,0.923279986800858
18,0.923114997525161
