"exclude_index","aucs"
0,0.58080985915493
28,0.707218309859155
4,0.782922535211268
6,0.747359154929577
