"exclude_index","aucs"
0,0.652339181286549
65,0.672222222222222
81,0.688011695906433
4,0.579824561403509
