"exclude_index","aucs"
0,0.51216814159292
3,0.655309734513274
2,0.655309734513274
17,0.693362831858407
8,0.648893805309735
