"exclude_index","aucs"
0,0.649299474605954
35,0.868213660245184
64,0.868213660245184
56,0.868213660245184
10,0.868213660245184
4,0.754378283712785
