"exclude_index","aucs"
0,0.827816901408451
6,0.830985915492958
29,0.887676056338028
7,0.886971830985915
