"exclude_index","aucs"
0,0.529334500875657
8,0.705341506129597
22,0.705341506129597
10,0.705341506129597
83,0.705341506129597
11,0.699211908931699
