"exclude_index","aucs"
0,0.76138353765324
29,0.991681260945709
33,0.991681260945709
58,0.991681260945709
56,0.991681260945709
59,0.790280210157618
