"exclude_index","aucs"
0,0.871546149323927
83,0.871546149323927
34,0.900940623162846
54,0.889182833627278
