"exclude_index","aucs"
0,0.630489651691065
48,0.755931347804139
33,0.676678445229682
