"exclude_index","aucs"
0,0.848773319703552
92,0.849156657296192
53,0.892729363659596
33,0.892729363659596
3,0.892729363659596
78,0.892729363659596
38,0.892729363659596
71,0.892729363659596
65,0.861167901865576
