"exclude_index","aucs"
0,0.597183098591549
28,0.622183098591549
69,0.60387323943662
