"exclude_index","aucs"
0,0.9674862504044
91,0.983176965383371
29,0.970236169524426
