"exclude_index","aucs"
0,0.982843481929405
1,0.982843481929405
65,0.984249753902405
6,0.984249753902405
4,0.982843481929405
