"exclude_index","aucs"
0,0.680633802816901
4,0.820774647887324
92,0.800352112676056
