"exclude_index","aucs"
0,0.984326018808777
2,0.984820986635869
1,0.983171093878898
