"exclude_index","aucs"
0,0.760054844606947
29,0.770109689213894
12,0.787899029672339
51,0.780164533820842
