"exclude_index","aucs"
0,0.568294849023091
47,0.57664298401421
23,0.588010657193606
43,0.588010657193606
91,0.58126110124334
