"exclude_index","aucs"
0,0.84327485380117
75,0.905263157894737
84,0.908187134502924
53,0.905263157894737
