"exclude_index","aucs"
0,0.766607877718989
44,0.895943562610229
13,0.932098765432099
32,0.932098765432099
65,0.900352733686067
