"exclude_index","aucs"
0,0.849523007856341
21,0.886111111111111
45,0.886223344556678
59,0.852946127946128
