"exclude_index","aucs"
0,0.959845132743363
21,0.965154867256637
65,0.965154867256637
5,0.959845132743363
