"exclude_index","aucs"
0,0.671628721541156
15,0.782837127845884
39,0.782837127845884
78,0.690893169877408
