"exclude_index","aucs"
0,0.777145359019264
59,0.78415061295972
30,0.783274956217163
