"exclude_index","aucs"
0,0.874295774647887
16,0.886619718309859
5,0.878169014084507
