"exclude_index","aucs"
0,0.846783625730994
4,0.901754385964912
42,0.901754385964912
19,0.908771929824561
18,0.887134502923977
