"exclude_index","aucs"
0,0.641150442477876
72,0.803982300884956
5,0.803982300884956
73,0.803982300884956
54,0.803982300884956
8,0.770353982300885
