"exclude_index","aucs"
0,0.529334500875657
61,0.706217162872154
11,0.706217162872154
16,0.706217162872154
23,0.675569176882662
