"exclude_index","aucs"
0,0.791520467836257
1,0.791520467836257
31,0.842397660818713
90,0.864619883040936
23,0.85
