"exclude_index","aucs"
0,0.70446584938704
47,0.79553415061296
1,0.714973730297723
