"exclude_index","aucs"
0,0.752112676056338
37,0.76443661971831
28,0.76443661971831
6,0.76443661971831
90,0.76443661971831
76,0.76443661971831
55,0.76443661971831
48,0.76443661971831
3,0.752112676056338
