"exclude_index","aucs"
0,0.970795660036166
5,0.971790235081374
52,0.971790235081374
12,0.971790235081374
42,0.971790235081374
9,0.972151898734177
90,0.971790235081374
