"exclude_index","aucs"
0,0.70446584938704
23,0.79553415061296
91,0.79553415061296
56,0.79553415061296
62,0.714973730297723
