"exclude_index","aucs"
0,0.694444444444444
35,0.921345029239766
86,0.921345029239766
3,0.921345029239766
59,0.921345029239766
44,0.921345029239766
27,0.75
