"exclude_index","aucs"
0,0.863562091503268
2,0.898767082590612
86,0.898767082590612
