"exclude_index","aucs"
0,0.500437828371278
71,0.760507880910683
59,0.792907180385289
30,0.792907180385289
21,0.792907180385289
56,0.792907180385289
50,0.792907180385289
91,0.792907180385289
49,0.792907180385289
13,0.760507880910683
