"exclude_index","aucs"
0,0.65989010989011
87,0.687087912087912
15,0.684065934065934
