"exclude_index","aucs"
0,0.769434628975265
83,0.82799091367996
61,0.771706208985361
