"exclude_index","aucs"
0,0.518892794376099
47,0.697715289982425
19,0.697715289982425
66,0.632688927943761
