"exclude_index","aucs"
0,0.538011695906433
8,0.652631578947368
2,0.77953216374269
22,0.735672514619883
