"exclude_index","aucs"
0,0.733407079646018
91,0.736061946902655
85,0.764380530973452
26,0.736061946902655
