"exclude_index","aucs"
0,0.804577464788732
17,0.819366197183099
69,0.819366197183099
71,0.819366197183099
30,0.819014084507042
