"exclude_index","aucs"
0,0.677485380116959
5,0.907894736842105
53,0.678070175438596
