"exclude_index","aucs"
0,0.559106830122592
42,0.764886164623468
1,0.764010507880911
