"exclude_index","aucs"
0,0.595559502664298
2,0.812078152753108
36,0.904085257548845
7,0.904085257548845
9,0.811722912966252
