"exclude_index","aucs"
0,0.5
49,0.793345008756567
89,0.760070052539405
