"exclude_index","aucs"
0,0.674561403508772
31,0.789766081871345
55,0.745906432748538
