"exclude_index","aucs"
0,0.871546149323927
36,0.893885949441505
1,0.871546149323927
