"exclude_index","aucs"
0,0.842982456140351
35,0.894444444444444
22,0.894444444444444
6,0.905555555555556
3,0.905555555555556
56,0.894444444444444
