"exclude_index","aucs"
0,0.909154929577465
27,0.911971830985915
64,0.911971830985915
20,0.911971830985915
79,0.911971830985915
1,0.909154929577465
