"exclude_index","aucs"
0,0.953992979376918
21,0.954826678367703
33,0.961276875822726
38,0.956625713032029
