"exclude_index","aucs"
0,0.604093567251462
1,0.627485380116959
28,0.67953216374269
50,0.57719298245614
