"exclude_index","aucs"
0,0.942517119049581
33,0.949364738882928
2,0.945569672469266
