"exclude_index","aucs"
0,0.747373029772329
40,0.757005253940455
5,0.778021015761821
82,0.757005253940455
