"exclude_index","aucs"
0,0.503533568904594
35,0.531549722362443
87,0.512367491166078
