"exclude_index","aucs"
0,0.719005847953216
19,0.956432748538012
59,0.956432748538012
28,0.740058479532164
