"exclude_index","aucs"
0,0.526581722319859
51,0.621924428822496
7,0.634226713532513
34,0.634226713532513
55,0.634226713532513
43,0.611379613356766
