"exclude_index","aucs"
0,0.744746059544658
15,0.748248686514886
31,0.757880910683012
26,0.76138353765324
69,0.76138353765324
65,0.748248686514886
