"exclude_index","aucs"
0,0.595142602495543
84,0.595439691027926
1,0.595439691027926
