"exclude_index","aucs"
0,0.781305114638449
4,0.799823633156967
1,0.781305114638449
