"exclude_index","aucs"
0,0.5
91,0.793345008756567
56,0.760070052539405
