"exclude_index","aucs"
0,0.782180716809692
63,0.817768803634528
59,0.818273599192327
82,0.817011610297829
