"exclude_index","aucs"
0,0.735551663747811
53,0.873029772329247
25,0.754816112084063
