"exclude_index","aucs"
0,0.81260945709282
21,0.905429071803853
81,0.905429071803853
18,0.875656742556918
