"exclude_index","aucs"
0,0.671572934973638
15,0.878075571177504
49,0.878075571177504
30,0.878075571177504
27,0.878075571177504
16,0.878075571177504
10,0.742311072056239
