"exclude_index","aucs"
0,0.902899824253076
37,0.929701230228471
15,0.920035149384886
