"exclude_index","aucs"
0,0.853296703296704
35,0.856181318681319
2,0.853296703296704
