"exclude_index","aucs"
0,0.647985989492119
2,0.754816112084063
1,0.621716287215412
