"exclude_index","aucs"
0,0.699472759226714
2,0.92311072056239
9,0.697715289982425
