"exclude_index","aucs"
0,0.60233918128655
56,0.782456140350877
15,0.782456140350877
59,0.66374269005848
