"exclude_index","aucs"
0,0.531225374310481
11,0.556442080378251
32,0.588553979511426
19,0.584613869188337
