"exclude_index","aucs"
0,0.69045534150613
24,0.84369527145359
16,0.84369527145359
90,0.816549912434326
