"exclude_index","aucs"
0,0.937637362637363
90,0.940659340659341
52,0.939285714285714
