"exclude_index","aucs"
0,0.683738938053098
29,0.712942477876107
11,0.684845132743364
