"exclude_index","aucs"
0,0.773090586145648
18,0.806660746003553
14,0.806660746003553
16,0.806305506216696
