"exclude_index","aucs"
0,0.687479780006471
26,0.81656421869945
13,0.702846975088968
