"exclude_index","aucs"
0,0.70446584938704
10,0.79553415061296
21,0.720227670753065
