"exclude_index","aucs"
0,0.871546149323927
86,0.900940623162846
57,0.871546149323927
