"exclude_index","aucs"
0,0.808669001751314
92,0.837565674255692
18,0.848949211908932
51,0.848949211908932
85,0.848949211908932
21,0.848949211908932
14,0.848949211908932
13,0.837565674255692
