"exclude_index","aucs"
0,0.900471101110953
74,0.907221206581351
86,0.907221206581351
6,0.905111798621852
