"exclude_index","aucs"
0,0.500437828371278
57,0.793782837127846
80,0.793782837127846
21,0.793782837127846
30,0.793782837127846
17,0.763134851138354
