"exclude_index","aucs"
0,0.70446584938704
22,0.79553415061296
65,0.79553415061296
38,0.79553415061296
17,0.79553415061296
25,0.79553415061296
60,0.79553415061296
26,0.724605954465849
