"exclude_index","aucs"
0,0.881370826010545
14,0.941124780316344
18,0.941124780316344
92,0.888400702987698
