"exclude_index","aucs"
0,0.748686514886165
24,0.779334500875657
9,0.779334500875657
25,0.758318739054291
