"exclude_index","aucs"
0,0.805604203152364
26,0.83800350262697
43,0.850262697022767
78,0.850262697022767
12,0.83800350262697
