"exclude_index","aucs"
0,0.871546149323927
10,0.900940623162846
66,0.893885949441505
