"exclude_index","aucs"
0,0.58080985915493
2,0.740316901408451
83,0.809330985915493
15,0.7875
