"exclude_index","aucs"
0,0.529334500875657
50,0.705341506129597
43,0.566987740805604
