"exclude_index","aucs"
0,0.541814159292035
7,0.578318584070797
15,0.572787610619469
