"exclude_index","aucs"
0,0.647985989492119
41,0.746059544658494
13,0.908931698774081
18,0.908931698774081
6,0.901926444833625
