"exclude_index","aucs"
0,0.886283185840708
56,0.915265486725664
15,0.886283185840708
