"exclude_index","aucs"
0,0.76138353765324
27,0.790280210157618
1,0.790280210157618
29,0.991681260945709
57,0.991681260945709
20,0.991681260945709
60,0.762259194395797
