"exclude_index","aucs"
0,0.5
16,0.793345008756567
47,0.765323992994746
