"exclude_index","aucs"
0,0.523346794548208
54,0.782559313478041
25,0.605880868248359
