"exclude_index","aucs"
0,0.939473684210526
46,0.954093567251462
18,0.954093567251462
36,0.973391812865497
30,0.973391812865497
21,0.954093567251462
