"exclude_index","aucs"
0,0.562573099415205
64,0.804678362573099
11,0.82280701754386
78,0.82280701754386
22,0.82280701754386
58,0.82280701754386
81,0.804678362573099
