"exclude_index","aucs"
0,0.577057793345009
41,0.743432574430823
29,0.881786339754816
58,0.880910683012259
