"exclude_index","aucs"
0,0.53415061295972
58,0.716287215411559
63,0.716287215411559
54,0.581436077057793
