"exclude_index","aucs"
0,0.649299474605954
9,0.868213660245184
41,0.868213660245184
56,0.908493870402802
44,0.901488616462347
