"exclude_index","aucs"
0,0.647985989492119
33,0.770577933450088
40,0.770577933450088
9,0.770577933450088
41,0.770577933450088
1,0.868651488616462
4,0.908931698774081
88,0.908931698774081
71,0.908931698774081
2,0.901926444833625
