"exclude_index","aucs"
0,0.965808170515098
71,0.980550621669627
47,0.980550621669627
