"exclude_index","aucs"
0,0.914762741652021
1,0.914762741652021
2,0.914762741652021
40,0.907732864674868
