"exclude_index","aucs"
0,0.94612676056338
28,0.981338028169014
1,0.94612676056338
