"exclude_index","aucs"
0,0.768388791593695
85,0.834938704028021
72,0.83231173380035
