"exclude_index","aucs"
0,0.984491008084475
16,0.984820986635869
7,0.978221415607985
