"exclude_index","aucs"
0,0.570175438596492
35,0.601754385964913
5,0.716374269005848
77,0.716374269005848
3,0.716374269005848
81,0.629824561403509
