"exclude_index","aucs"
0,0.508614564831261
85,0.619449378330373
57,0.623001776198934
38,0.633836589698046
90,0.633836589698046
76,0.537744227353463
