"exclude_index","aucs"
0,0.871546149323927
11,0.893885949441505
18,0.900940623162846
15,0.900940623162846
46,0.900940623162846
48,0.900940623162846
4,0.900940623162846
10,0.891534391534392
