"exclude_index","aucs"
0,0.528896672504378
18,0.677758318739054
33,0.677758318739054
87,0.662872154115587
