"exclude_index","aucs"
0,0.602014010507881
2,0.746497373029772
48,0.746497373029772
52,0.605516637478109
