"exclude_index","aucs"
0,0.769298245614035
38,0.785087719298246
25,0.994444444444444
51,0.785087719298246
