"exclude_index","aucs"
0,0.842397660818713
2,0.894444444444444
84,0.758187134502924
