"exclude_index","aucs"
0,0.958628841607565
38,0.960204885736801
20,0.974389282899921
50,0.974389282899921
47,0.974389282899921
35,0.960204885736801
