"exclude_index","aucs"
0,0.75
30,0.780647985989492
2,0.780647985989492
53,0.776269702276708
