"exclude_index","aucs"
0,0.929822291235335
82,0.930771221532092
23,0.930771221532092
50,0.930771221532092
9,0.930771221532092
27,0.930771221532092
31,0.930771221532092
