"exclude_index","aucs"
0,0.808669001751314
7,0.848949211908932
10,0.848949211908932
1,0.848949211908932
8,0.833187390542907
