"exclude_index","aucs"
0,0.596542150429076
8,0.699520444220091
54,0.698510853104493
