"exclude_index","aucs"
0,0.788011695906433
75,0.792690058479532
8,0.792690058479532
72,0.792690058479532
65,0.792690058479532
80,0.792690058479532
19,0.789766081871345
