"exclude_index","aucs"
0,0.81260945709282
1,0.81260945709282
78,0.901926444833625
45,0.901926444833625
39,0.903677758318739
11,0.739054290718039
