"exclude_index","aucs"
0,0.758347978910369
8,0.788224956063269
23,0.788224956063269
72,0.762302284710018
