"exclude_index","aucs"
0,0.581063268892794
5,0.585456942003515
72,0.799868189806678
86,0.613576449912127
