"exclude_index","aucs"
0,0.51374269005848
7,0.57046783625731
44,0.677485380116959
19,0.561695906432749
