"exclude_index","aucs"
0,0.966341030195382
83,0.980550621669627
72,0.980550621669627
