"exclude_index","aucs"
0,0.791739894551845
48,0.79701230228471
30,0.79701230228471
46,0.795254833040422
