"exclude_index","aucs"
0,0.733333333333333
71,0.747368421052632
22,0.747368421052632
