"exclude_index","aucs"
0,0.984655997360172
2,0.984820986635869
5,0.983171093878898
