"exclude_index","aucs"
0,0.628954305799649
37,0.690465729349736
85,0.690465729349736
44,0.65268014059754
