"exclude_index","aucs"
0,0.820708255159474
53,0.820895872420262
50,0.820895872420262
