"exclude_index","aucs"
0,0.777288732394366
34,0.815316901408451
64,0.815316901408451
70,0.815316901408451
30,0.815316901408451
50,0.813204225352113
