"exclude_index","aucs"
0,0.689141856392294
69,0.83800350262697
32,0.83800350262697
49,0.83800350262697
5,0.83800350262697
90,0.83800350262697
16,0.83800350262697
74,0.74430823117338
