"exclude_index","aucs"
0,0.81260945709282
11,0.905429071803853
44,0.905429071803853
16,0.847635726795096
