"exclude_index","aucs"
0,0.754173989455185
59,0.756370826010545
28,0.780096660808436
32,0.766915641476274
