"exclude_index","aucs"
0,0.584795321637427
24,0.635087719298246
67,0.681871345029239
70,0.681871345029239
81,0.616374269005848
