"exclude_index","aucs"
0,0.58080985915493
49,0.707218309859155
27,0.740316901408451
20,0.740316901408451
3,0.740316901408451
11,0.740316901408451
6,0.700176056338028
