"exclude_index","aucs"
0,0.708098591549296
68,0.736619718309859
27,0.728521126760563
