"exclude_index","aucs"
0,0.567543859649123
33,0.776900584795322
42,0.655263157894737
