"exclude_index","aucs"
0,0.776900584795322
60,0.996783625730994
64,0.996783625730994
52,0.996783625730994
67,0.783333333333333
