"exclude_index","aucs"
0,0.739260563380282
22,0.753697183098592
86,0.742781690140845
