"exclude_index","aucs"
0,0.632234608002362
79,0.647072936660269
77,0.727170382400709
88,0.729237413258526
10,0.677561641813081
