"exclude_index","aucs"
0,0.622340425531915
33,0.717494089834515
59,0.664105594956658
