"exclude_index","aucs"
0,0.978758169934641
3,0.979203802733215
2,0.979203802733215
5,0.978015448603684
