"exclude_index","aucs"
0,0.689141856392294
4,0.735551663747811
92,0.735551663747811
8,0.717162872154116
