"exclude_index","aucs"
0,0.757880910683012
15,0.851576182136602
18,0.861208406304729
42,0.861208406304729
49,0.864711033274956
1,0.672066549912434
