"exclude_index","aucs"
0,0.851209479371316
29,0.873250245579568
82,0.862782416502946
