"exclude_index","aucs"
0,0.752855887521968
57,0.893014059753954
58,0.893014059753954
26,0.893014059753954
24,0.893014059753954
33,0.892574692442882
