"exclude_index","aucs"
0,0.873943661971831
52,0.876056338028169
67,0.886267605633803
78,0.875704225352113
