"exclude_index","aucs"
0,0.81260945709282
67,0.905429071803853
68,0.905429071803853
20,0.905429071803853
11,0.905429071803853
49,0.905429071803853
30,0.905429071803853
2,0.905429071803853
88,0.94045534150613
1,0.847635726795096
