"exclude_index","aucs"
0,0.689141856392294
46,0.725919439579685
69,0.725919439579685
49,0.731173380035026
75,0.731173380035026
12,0.731173380035026
15,0.725919439579685
