"exclude_index","aucs"
0,0.527554961378491
19,0.582070707070708
91,0.582070707070708
14,0.582070707070708
45,0.580882352941177
