"exclude_index","aucs"
0,0.572514619883041
37,0.731578947368421
38,0.731578947368421
40,0.731578947368421
31,0.691228070175439
