"exclude_index","aucs"
0,0.760325131810193
32,0.793277680140597
58,0.788005272407733
