"exclude_index","aucs"
0,0.932682060390764
50,0.934991119005328
7,0.9550621669627
49,0.934280639431616
