"exclude_index","aucs"
0,0.655281690140845
61,0.883098591549296
5,0.883098591549296
12,0.883098591549296
32,0.883098591549296
1,0.879225352112676
