"exclude_index","aucs"
0,0.805166374781086
53,0.849824868651489
50,0.837565674255692
