"exclude_index","aucs"
0,0.783625730994152
14,0.798830409356725
5,0.798830409356725
46,0.798830409356725
64,0.798830409356725
45,0.798830409356725
30,0.788304093567251
