"exclude_index","aucs"
0,0.647985989492119
75,0.868651488616462
12,0.868651488616462
35,0.770577933450088
