"exclude_index","aucs"
0,0.882632743362832
5,0.882632743362832
4,0.882632743362832
1,0.882632743362832
