"exclude_index","aucs"
0,0.984820986635869
8,0.984820986635869
6,0.984820986635869
5,0.984820986635869
7,0.984820986635869
9,0.984820986635869
3,0.984820986635869
16,0.984820986635869
2,0.978221415607985
