"exclude_index","aucs"
0,0.978906714200832
1,0.979203802733215
8,0.979203802733215
2,0.979203802733215
4,0.978015448603684
