"exclude_index","aucs"
0,0.984326018808777
1,0.984820986635869
38,0.984820986635869
6,0.984820986635869
57,0.984820986635869
35,0.984820986635869
15,0.984820986635869
13,0.984820986635869
55,0.984820986635869
67,0.984820986635869
92,0.984820986635869
12,0.984820986635869
2,0.984820986635869
3,0.983171093878898
