"exclude_index","aucs"
0,0.523131672597865
10,0.597864768683274
78,0.676480103526367
64,0.711420252345519
46,0.711096732449046
