"exclude_index","aucs"
0,0.819366197183099
19,0.979929577464789
12,0.979929577464789
29,0.979929577464789
21,0.979929577464789
7,0.979929577464789
92,0.979929577464789
63,0.979929577464789
6,0.979929577464789
70,0.970774647887324
