"exclude_index","aucs"
0,0.75
87,0.759632224168126
45,0.788528896672504
43,0.789404553415061
3,0.759632224168126
