"exclude_index","aucs"
0,0.932996485061511
32,0.974297012302285
85,0.973418277680141
