"exclude_index","aucs"
0,0.88922942206655
14,0.998686514886165
54,0.985551663747811
