"exclude_index","aucs"
0,0.75
86,0.788528896672504
8,0.788528896672504
55,0.788528896672504
42,0.759632224168126
