"exclude_index","aucs"
0,0.546847635726795
10,0.717600700525394
37,0.717600700525394
58,0.717600700525394
30,0.717600700525394
65,0.717600700525394
6,0.717600700525394
25,0.717600700525394
21,0.717600700525394
40,0.636164623467601
