"exclude_index","aucs"
0,0.755555555555556
7,0.788888888888889
69,0.786549707602339
