"exclude_index","aucs"
0,0.600584795321637
37,0.693567251461988
31,0.646783625730994
