"exclude_index","aucs"
0,0.967648010352637
87,0.980588806211582
88,0.983176965383371
92,0.983176965383371
17,0.983015205435134
