"exclude_index","aucs"
0,0.816374269005848
12,0.865497076023392
16,0.865497076023392
27,0.865497076023392
52,0.865497076023392
23,0.865497076023392
13,0.798245614035088
