"exclude_index","aucs"
0,0.983996040257383
9,0.984820986635869
8,0.984820986635869
5,0.984820986635869
2,0.984820986635869
15,0.983171093878898
