"exclude_index","aucs"
0,0.804728546409807
65,0.84938704028021
33,0.830998248686515
