"exclude_index","aucs"
0,0.7546783625731
9,0.788011695906433
19,0.788011695906433
38,0.788011695906433
52,0.788011695906433
42,0.788011695906433
1,0.768713450292398
