"exclude_index","aucs"
0,0.659929701230229
82,0.736818980667838
1,0.677943760984183
