"exclude_index","aucs"
0,0.665316901408451
43,0.690669014084507
31,0.690669014084507
35,0.690669014084507
20,0.690669014084507
32,0.690669014084507
33,0.691725352112676
46,0.689964788732395
