"exclude_index","aucs"
0,0.577328646748682
23,0.663884007029877
4,0.826010544815466
21,0.724956063268893
