"exclude_index","aucs"
0,0.84093567251462
55,0.902923976608187
36,0.902923976608187
13,0.902923976608187
48,0.850877192982456
