"exclude_index","aucs"
0,0.768388791593695
71,0.834938704028021
86,0.834938704028021
84,0.834938704028021
70,0.834938704028021
89,0.776269702276708
