"exclude_index","aucs"
0,0.528070175438597
36,0.653801169590643
29,0.596491228070175
