"exclude_index","aucs"
0,0.511111111111111
61,0.698245614035088
11,0.619298245614035
