"exclude_index","aucs"
0,0.547472075249853
56,0.827601410934744
33,0.827601410934744
35,0.827601410934744
36,0.62037037037037
