"exclude_index","aucs"
0,0.910149384885764
20,0.913664323374341
11,0.913664323374341
12,0.913664323374341
68,0.913664323374341
26,0.913664323374341
17,0.910149384885765
