"exclude_index","aucs"
0,0.834795321637427
13,0.867543859649123
78,0.862280701754386
