"exclude_index","aucs"
0,0.696198830409357
39,0.706140350877193
14,0.705555555555556
