"exclude_index","aucs"
0,0.776900584795322
69,0.996783625730994
89,0.793859649122807
