"exclude_index","aucs"
0,0.509885764499121
35,0.713312829525483
56,0.713312829525483
79,0.713312829525483
7,0.713312829525483
76,0.601713532513181
