"exclude_index","aucs"
0,0.926526818906001
3,0.970233669676049
44,0.933112055231015
