"exclude_index","aucs"
0,0.81260945709282
9,0.905429071803853
62,0.905429071803853
8,0.905429071803853
64,0.905429071803853
77,0.905429071803853
37,0.847635726795096
