"exclude_index","aucs"
0,0.933216168717047
15,0.973637961335677
77,0.973637961335677
10,0.942003514938489
