"exclude_index","aucs"
0,0.504613356766257
59,0.581942003514939
13,0.672451669595782
18,0.708040421792619
1,0.672451669595782
