"exclude_index","aucs"
0,0.739674868189807
20,0.78317223198594
59,0.807337434094903
8,0.807337434094903
67,0.807337434094903
5,0.807337434094903
11,0.78317223198594
