"exclude_index","aucs"
0,0.983394160583942
1,0.983467153284672
4,0.983467153284672
2,0.983467153284672
5,0.981423357664234
