"exclude_index","aucs"
0,0.529657293497364
53,0.687390158172232
17,0.687390158172232
47,0.649604569420035
