"exclude_index","aucs"
0,0.832163742690059
1,0.832163742690059
56,0.964327485380117
2,0.832163742690059
