"exclude_index","aucs"
0,0.646672504378284
48,0.869964973730298
21,0.869964973730298
4,0.753502626970228
