"exclude_index","aucs"
0,0.628722867238768
31,0.669358909641595
65,0.649167087329631
