"exclude_index","aucs"
0,0.792031523642732
76,0.836690017513135
52,0.840192644483363
85,0.836690017513135
