"exclude_index","aucs"
0,0.569664902998236
41,0.569664902998237
67,0.569958847736626
19,0.606114050558495
10,0.606114050558495
47,0.606114050558495
11,0.606114050558495
89,0.606114050558495
18,0.59729570840682
