"exclude_index","aucs"
0,0.691330998248687
53,0.735113835376532
35,0.709719789842382
