"exclude_index","aucs"
0,0.531286549707602
63,0.732456140350877
54,0.732456140350877
67,0.657602339181286
