"exclude_index","aucs"
0,0.919718309859155
2,0.919718309859155
38,0.899295774647887
