"exclude_index","aucs"
0,0.763157894736842
46,0.918713450292398
26,0.767836257309942
