"exclude_index","aucs"
0,0.529334500875657
73,0.701838879159369
86,0.714973730297723
29,0.714973730297723
18,0.714973730297723
24,0.587127845884413
