"exclude_index","aucs"
0,0.704903677758319
1,0.705779334500876
15,0.805604203152364
46,0.805604203152364
2,0.618213660245184
