"exclude_index","aucs"
0,0.70446584938704
32,0.79553415061296
13,0.807793345008757
6,0.834063047285464
60,0.735113835376532
