"exclude_index","aucs"
0,0.689141856392294
90,0.711033274956217
38,0.697898423817863
