"exclude_index","aucs"
0,0.984618558591601
60,0.99117458279846
1,0.984618558591601
