"exclude_index","aucs"
0,0.747953216374269
1,0.747953216374269
8,0.985964912280702
3,0.985964912280702
9,0.985964912280702
20,0.672514619883041
