"exclude_index","aucs"
0,0.5
11,0.701754385964912
80,0.580701754385965
