"exclude_index","aucs"
0,0.577057793345009
89,0.741681260945709
81,0.741681260945709
28,0.625218914185639
