"exclude_index","aucs"
0,0.928424456202234
43,0.998677248677249
36,0.998677248677249
17,0.998677248677249
3,0.953997648442093
