"exclude_index","aucs"
0,0.882175622542594
26,0.921035386631717
8,0.921035386631717
92,0.921035386631717
63,0.921035386631717
90,0.884010484927915
