"exclude_index","aucs"
0,0.709719789842382
37,0.860332749562172
11,0.710595446584939
