"exclude_index","aucs"
0,0.777145359019264
74,0.782399299474606
51,0.78415061295972
66,0.78415061295972
35,0.782399299474606
