"exclude_index","aucs"
0,0.691330998248687
38,0.696584938704028
40,0.696584938704028
51,0.739492119089317
77,0.739492119089317
27,0.696584938704028
