"exclude_index","aucs"
0,0.690017513134851
84,0.829246935201401
9,0.829246935201401
7,0.829246935201401
48,0.829246935201401
64,0.829246935201401
83,0.690893169877408
