"exclude_index","aucs"
0,0.760325131810193
2,0.793277680140597
38,0.737038664323374
