"exclude_index","aucs"
0,0.746924428822496
50,0.994727592267135
89,0.994727592267135
6,0.994727592267135
77,0.751318101933216
