"exclude_index","aucs"
0,0.533625730994152
70,0.664035087719298
4,0.664035087719298
5,0.689766081871345
78,0.689766081871345
19,0.688011695906433
