"exclude_index","aucs"
0,0.759941520467836
79,0.768713450292398
40,0.999122807017544
32,0.999122807017544
30,0.760526315789474
