"exclude_index","aucs"
0,0.690017513134851
63,0.829246935201401
77,0.829246935201401
5,0.829246935201401
6,0.829246935201401
10,0.702276707530648
