"exclude_index","aucs"
0,0.597368421052632
57,0.62953216374269
75,0.661695906432749
43,0.719590643274854
12,0.662280701754386
