"exclude_index","aucs"
0,0.700087565674256
19,0.85507880910683
32,0.72723292469352
