"exclude_index","aucs"
0,0.588752196836555
25,0.629173989455185
42,0.670474516695958
28,0.683216168717047
81,0.695079086115993
37,0.682337434094903
