"exclude_index","aucs"
0,0.634038800705467
76,0.861845972957084
73,0.824514991181658
