"exclude_index","aucs"
0,0.805166374781086
24,0.837565674255692
13,0.849824868651489
59,0.849824868651489
64,0.849824868651489
70,0.849824868651489
51,0.849824868651489
46,0.849824868651489
12,0.837565674255692
