"exclude_index","aucs"
0,0.568541300527241
43,0.599736379613357
1,0.579964850615114
