"exclude_index","aucs"
0,0.808669001751314
25,0.837565674255692
67,0.848949211908932
17,0.848949211908932
3,0.830560420315236
