"exclude_index","aucs"
0,0.709719789842382
13,0.757005253940455
7,0.730735551663748
