"exclude_index","aucs"
0,0.976608187134503
6,0.995321637426901
22,0.995321637426901
9,0.995321637426901
2,0.995321637426901
28,0.982456140350877
