"exclude_index","aucs"
0,0.532921810699589
67,0.655202821869489
21,0.65461493239271
