"exclude_index","aucs"
0,0.503502626970228
14,0.760070052539405
19,0.760070052539405
65,0.699649737302977
