"exclude_index","aucs"
0,0.721929824561404
51,0.927777777777778
58,0.927777777777778
62,0.927777777777778
27,0.735964912280702
