"exclude_index","aucs"
0,0.527924750146972
63,0.761316872427984
56,0.709288653733098
