"exclude_index","aucs"
0,0.805166374781086
61,0.849824868651489
19,0.837565674255692
