"exclude_index","aucs"
0,0.51707530647986
35,0.664185639229422
31,0.638791593695271
