"exclude_index","aucs"
0,0.703590192644483
5,0.840192644483363
17,0.70446584938704
