"exclude_index","aucs"
0,0.933216168717047
31,0.938488576449912
56,0.973198594024605
69,0.973637961335677
7,0.942003514938489
