"exclude_index","aucs"
0,0.760544815465729
15,0.793057996485061
46,0.787785588752197
