"exclude_index","aucs"
0,0.938346537183746
9,0.940007666751853
19,0.940007666751853
22,0.940007666751853
17,0.940007666751853
29,0.940007666751853
55,0.93860209557884
