"exclude_index","aucs"
0,0.600584795321637
86,0.693567251461988
84,0.646783625730994
