"exclude_index","aucs"
0,0.871546149323927
65,0.871546149323927
17,0.893885949441505
47,0.900940623162846
63,0.900940623162846
56,0.900940623162846
12,0.871546149323927
