"exclude_index","aucs"
0,0.501169590643275
8,0.63859649122807
74,0.711695906432749
24,0.710526315789474
