"exclude_index","aucs"
0,0.600395430579965
56,0.838532513181019
12,0.838532513181019
87,0.683435852372583
