"exclude_index","aucs"
0,0.840158730158731
76,0.849404761904762
84,0.849603174603175
47,0.849603174603175
51,0.844801587301587
