"exclude_index","aucs"
0,0.98943161634103
1,0.989786856127886
2,0.989786856127886
3,0.989786856127886
20,0.989786856127886
18,0.989786856127886
9,0.989786856127886
8,0.989786856127886
11,0.989786856127886
7,0.989786856127886
65,0.989786856127886
4,0.989786856127886
