"exclude_index","aucs"
0,0.792031523642732
22,0.840192644483363
29,0.840192644483363
40,0.831436077057793
