"exclude_index","aucs"
0,0.500437828371278
55,0.779772329246935
2,0.710595446584939
