"exclude_index","aucs"
0,0.689141856392294
45,0.716287215411559
36,0.850262697022767
21,0.717162872154116
