"exclude_index","aucs"
0,0.727660199882422
34,0.784391534391534
20,0.784391534391534
14,0.765579071134627
