"exclude_index","aucs"
0,0.572399527186761
30,0.706954294720252
41,0.752462568951931
11,0.732368006304177
