"exclude_index","aucs"
0,0.552539404553415
40,0.725043782837128
75,0.7215411558669
