"exclude_index","aucs"
0,0.586713697824808
15,0.60758377425044
80,0.665490887713109
25,0.666078777189887
33,0.655496766607877
