"exclude_index","aucs"
0,0.587719298245614
29,0.736842105263158
2,0.731578947368421
