"exclude_index","aucs"
0,0.655457746478873
22,0.70193661971831
10,0.701232394366197
