"exclude_index","aucs"
0,0.771478873239437
24,0.869014084507042
81,0.869014084507042
64,0.979225352112676
1,0.979225352112676
82,0.998239436619718
33,0.999647887323944
17,0.999647887323944
53,0.999647887323944
18,0.999647887323944
5,0.999647887323944
14,0.998943661971831
