"exclude_index","aucs"
0,0.828654970760234
1,0.828654970760234
51,0.830994152046784
2,0.815789473684211
