"exclude_index","aucs"
0,0.930443222258169
26,0.951795535425429
54,0.951795535425429
66,0.944192817858298
