"exclude_index","aucs"
0,0.657180385288967
85,0.768388791593695
10,0.768388791593695
30,0.768388791593695
8,0.764010507880911
