"exclude_index","aucs"
0,0.935422602089269
4,0.940510107176775
7,0.939492606159273
