"exclude_index","aucs"
0,0.760325131810193
59,0.793277680140597
64,0.788005272407733
