"exclude_index","aucs"
0,0.505973451327434
61,0.567035398230088
25,0.745575221238938
72,0.60641592920354
