"exclude_index","aucs"
0,0.748686514886165
49,0.758318739054291
3,0.758318739054291
42,0.779334500875657
72,0.735551663747811
