"exclude_index","aucs"
0,0.814705882352941
27,0.854606286959228
5,0.854544039838157
