"exclude_index","aucs"
0,0.722957084068196
71,0.731481481481482
87,0.766460905349795
49,0.766460905349795
37,0.766460905349795
77,0.766460905349795
36,0.722957084068196
