"exclude_index","aucs"
0,0.970705244122966
3,0.971699819168173
46,0.971066907775769
