"exclude_index","aucs"
0,0.647985989492119
18,0.868651488616462
77,0.754816112084063
