"exclude_index","aucs"
0,0.806246925725529
81,0.850221347761927
40,0.863453025086079
73,0.864092474176093
47,0.863698967043777
