"exclude_index","aucs"
0,0.646672504378284
44,0.753502626970228
49,0.869964973730298
85,0.869964973730298
10,0.740367775831874
