"exclude_index","aucs"
0,0.689141856392294
13,0.731173380035026
2,0.731173380035026
37,0.832749562171629
84,0.832749562171629
21,0.700525394045534
