"exclude_index","aucs"
0,0.703590192644483
11,0.716725043782837
82,0.840192644483363
47,0.830560420315236
