"exclude_index","aucs"
0,0.78207381370826
58,0.838312829525483
52,0.838312829525483
1,0.78207381370826
