"exclude_index","aucs"
0,0.737697715289982
7,0.819859402460457
31,0.814586994727592
