"exclude_index","aucs"
0,0.906854130052724
1,0.906854130052724
2,0.906854130052724
67,0.772407732864675
