"exclude_index","aucs"
0,0.647566371681416
11,0.653097345132744
52,0.653318584070797
23,0.656194690265487
88,0.656194690265487
39,0.655088495575222
