"exclude_index","aucs"
0,0.577160493827161
11,0.668283362727808
29,0.668283362727808
75,0.648883009994122
