"exclude_index","aucs"
0,0.70446584938704
85,0.717600700525394
75,0.740367775831874
4,0.740367775831874
27,0.716725043782837
