"exclude_index","aucs"
0,0.675730994152047
41,0.788011695906433
56,0.660526315789474
