"exclude_index","aucs"
0,0.504378283712785
25,0.788966725043783
68,0.788966725043783
35,0.788966725043783
20,0.704028021015762
