"exclude_index","aucs"
0,0.826232394366197
14,0.831866197183099
77,0.860035211267606
86,0.857218309859155
