"exclude_index","aucs"
0,0.707968476357268
82,0.740367775831874
11,0.705341506129597
