"exclude_index","aucs"
0,0.536549707602339
43,0.686257309941521
27,0.686257309941521
20,0.597953216374269
