"exclude_index","aucs"
0,0.768014059753954
75,0.87829525483304
19,0.827328646748682
