"exclude_index","aucs"
0,0.801405975395431
24,0.833040421792619
86,0.822495606326889
