"exclude_index","aucs"
0,0.687828371278459
62,0.735989492119089
81,0.735989492119089
54,0.845446584938704
35,0.86646234676007
37,0.86646234676007
60,0.940017513134851
1,0.940017513134851
40,0.979422066549912
69,0.975919439579685
