"exclude_index","aucs"
0,0.613397548161121
7,0.766637478108581
4,0.778896672504378
18,0.778896672504378
22,0.778896672504378
52,0.778896672504378
23,0.778896672504378
19,0.778896672504378
25,0.778896672504378
11,0.699211908931699
