"exclude_index","aucs"
0,0.966341030195382
71,0.980550621669627
8,0.980550621669627
32,0.980550621669627
16,0.980550621669627
1,0.977708703374778
