"exclude_index","aucs"
0,0.919427191166323
70,0.926501035196689
59,0.926501035196689
13,0.926501035196689
41,0.91977225672878
