"exclude_index","aucs"
0,0.59938704028021
29,0.751751313485114
45,0.645796847635727
