"exclude_index","aucs"
0,0.792907180385289
48,0.801663747810858
45,0.834063047285464
23,0.801663747810858
