"exclude_index","aucs"
0,0.610281195079086
17,0.802284710017575
1,0.608523725834798
