"exclude_index","aucs"
0,0.691330998248687
61,0.709719789842382
9,0.709719789842382
25,0.709719789842382
51,0.709719789842382
88,0.735113835376532
64,0.735113835376532
2,0.709719789842382
