"exclude_index","aucs"
0,0.93533215755438
11,0.93533215755438
49,0.93533215755438
18,0.93533215755438
6,0.93533215755438
15,0.93533215755438
20,0.93533215755438
1,0.93533215755438
3,0.93533215755438
2,0.93533215755438
4,0.930629041740153
