"exclude_index","aucs"
0,0.781961471103327
54,0.787215411558669
26,0.787215411558669
82,0.787215411558669
87,0.787215411558669
86,0.787215411558669
18,0.783712784588441
