"exclude_index","aucs"
0,0.701838879159369
70,0.847197898423818
69,0.714973730297723
