"exclude_index","aucs"
0,0.937389770723104
10,0.964726631393298
1,0.937389770723104
