"exclude_index","aucs"
0,0.714630931458699
75,0.759007029876977
3,0.733084358523726
