"exclude_index","aucs"
0,0.556437389770723
41,0.772192827748383
90,0.71575543797766
