"exclude_index","aucs"
0,0.53625730994152
25,0.599415204678363
72,0.685380116959064
5,0.632163742690059
