"exclude_index","aucs"
0,0.805114638447973
40,0.805702527924751
9,0.819223985890653
6,0.834509112286891
32,0.834509112286891
37,0.819223985890653
