"exclude_index","aucs"
0,0.570175438596492
8,0.645029239766082
5,0.600584795321638
