"exclude_index","aucs"
0,0.645950704225352
63,0.666725352112676
25,0.666725352112676
48,0.666725352112676
19,0.666725352112676
50,0.658274647887324
