"exclude_index","aucs"
0,0.53625730994152
82,0.685380116959064
34,0.587134502923977
