"exclude_index","aucs"
0,0.647985989492119
72,0.868651488616462
13,0.770577933450088
