"exclude_index","aucs"
0,0.615911878791898
61,0.639632994065577
71,0.660254285051222
48,0.631195504425953
