"exclude_index","aucs"
0,0.781305114638448
25,0.995590828924162
27,0.995590828924162
49,0.995590828924162
69,0.995590828924162
83,0.952087007642563
