"exclude_index","aucs"
0,0.81260945709282
49,0.905429071803853
1,0.81260945709282
