"exclude_index","aucs"
0,0.500437828371278
85,0.793782837127846
86,0.793782837127846
77,0.793782837127846
23,0.793782837127846
25,0.793782837127846
47,0.793782837127846
1,0.759632224168126
