"exclude_index","aucs"
0,0.676232394366197
37,0.884330985915493
48,0.884330985915493
55,0.884330985915493
75,0.884330985915493
61,0.731161971830986
