"exclude_index","aucs"
0,0.918268720127456
14,0.927456186935741
4,0.924482209240573
