"exclude_index","aucs"
0,0.619005847953216
19,0.793859649122807
30,0.793859649122807
17,0.793859649122807
76,0.785087719298246
