"exclude_index","aucs"
0,0.685915492957746
2,0.748591549295775
14,0.700704225352113
