"exclude_index","aucs"
0,0.509700176366843
52,0.626690182245738
22,0.626690182245738
53,0.646090534979424
46,0.646090534979424
64,0.646090534979424
34,0.646090534979424
13,0.626690182245738
