"exclude_index","aucs"
0,0.76138353765324
26,0.774518388791594
42,0.774518388791594
25,0.778021015761821
39,0.76138353765324
