"exclude_index","aucs"
0,0.646672504378284
12,0.753502626970228
48,0.743870402802102
