"exclude_index","aucs"
0,0.65387323943662
39,0.739788732394366
24,0.663732394366197
