"exclude_index","aucs"
0,0.725442477876107
75,0.775442477876106
18,0.725884955752214
