"exclude_index","aucs"
0,0.937908496732026
24,0.941473559120618
1,0.937908496732026
