"exclude_index","aucs"
0,0.647985989492119
71,0.868651488616462
44,0.868651488616462
36,0.770577933450088
