"exclude_index","aucs"
0,0.744444444444444
13,0.986549707602339
74,0.986549707602339
3,0.986549707602339
72,0.986549707602339
60,0.75906432748538
