"exclude_index","aucs"
0,0.932996485061511
15,0.935193321616872
12,0.973418277680141
1,0.973418277680141
40,0.974297012302285
79,0.974297012302285
43,0.974297012302285
11,0.976933216168717
27,0.941783831282953
