"exclude_index","aucs"
0,0.635032811711257
30,0.676426047450782
32,0.676426047450782
66,0.668854114083796
