"exclude_index","aucs"
0,0.649299474605954
86,0.783274956217163
69,0.868213660245184
64,0.754378283712785
