"exclude_index","aucs"
0,0.787134502923977
44,0.792982456140351
30,0.792982456140351
5,0.792982456140351
41,0.792982456140351
19,0.915204678362573
67,0.914619883040936
