"exclude_index","aucs"
0,0.966341030195382
60,0.979840142095915
33,0.980550621669627
31,0.980550621669627
