"exclude_index","aucs"
0,0.748686514886165
13,0.779334500875657
15,0.779334500875657
52,0.779334500875657
57,0.749562171628722
