"exclude_index","aucs"
0,0.619089316987741
20,0.774080560420315
6,0.774080560420315
60,0.774080560420315
39,0.688266199649737
