"exclude_index","aucs"
0,0.905463366615103
29,0.909822809731403
67,0.913760371255801
71,0.913760371255801
83,0.913760371255801
21,0.913760371255801
51,0.910666572915202
