"exclude_index","aucs"
0,0.81260945709282
66,0.847635726795096
62,0.847635726795096
64,0.905429071803853
30,0.847635726795096
