"exclude_index","aucs"
0,0.647548161120841
26,0.868213660245184
33,0.868213660245184
54,0.783274956217163
