"exclude_index","aucs"
0,0.649415204678363
14,0.731286549707602
72,0.807894736842105
1,0.807894736842105
8,0.781578947368421
