"exclude_index","aucs"
0,0.596198830409357
18,0.607894736842105
92,0.724269005847953
46,0.724269005847953
80,0.724269005847953
30,0.719005847953216
