"exclude_index","aucs"
0,0.584795321637427
40,0.74327485380117
86,0.74327485380117
18,0.812280701754386
13,0.74327485380117
