"exclude_index","aucs"
0,0.950453112687155
61,0.953999211977935
21,0.953999211977935
2,0.953999211977935
12,0.950453112687155
