"exclude_index","aucs"
0,0.848073555166375
86,0.968038528896673
42,0.888353765323993
