"exclude_index","aucs"
0,0.620175438596491
70,0.781578947368421
39,0.781578947368421
50,0.703216374269006
