"exclude_index","aucs"
0,0.757880910683012
12,0.988178633975482
42,0.768388791593695
