"exclude_index","aucs"
0,0.84093567251462
39,0.902923976608187
48,0.902923976608187
44,0.902923976608187
1,0.894736842105263
