"exclude_index","aucs"
0,0.789473684210526
83,0.792982456140351
42,0.790643274853801
