"exclude_index","aucs"
0,0.605887521968366
68,0.807557117750439
6,0.807557117750439
79,0.718365553602812
