"exclude_index","aucs"
0,0.631499242806663
19,0.652700656234225
38,0.652700656234225
54,0.679959616355376
44,0.679959616355376
43,0.679959616355376
52,0.679959616355376
9,0.679959616355376
5,0.652700656234225
