"exclude_index","aucs"
0,0.659356725146199
18,0.734795321637427
52,0.734795321637427
41,0.75233918128655
71,0.784502923976608
64,0.784502923976608
33,0.784502923976608
37,0.739473684210526
