"exclude_index","aucs"
0,0.908391915641476
22,0.916739894551845
1,0.914982425307557
