"exclude_index","aucs"
0,0.970750452079566
37,0.971745027124774
43,0.971745027124774
21,0.971745027124774
86,0.971745027124774
