"exclude_index","aucs"
0,0.882090000751258
5,0.895349710765531
62,0.895349710765531
16,0.882428067012245
