"exclude_index","aucs"
0,0.504378283712785
1,0.53415061295972
13,0.739054290718039
45,0.87215411558669
8,0.734676007005254
