"exclude_index","aucs"
0,0.690017513134851
15,0.829246935201401
90,0.834500875656743
91,0.708406304728546
