"exclude_index","aucs"
0,0.501754385964912
77,0.6
82,0.548538011695906
