"exclude_index","aucs"
0,0.814788732394366
10,0.830281690140845
67,0.830281690140845
1,0.814788732394366
