"exclude_index","aucs"
0,0.752855887521968
56,0.874121265377856
58,0.989235500878735
3,0.989235500878735
2,0.989235500878735
40,0.989674868189807
41,0.769991212653779
