"exclude_index","aucs"
0,0.752112676056338
84,0.76443661971831
2,0.76443661971831
24,0.702464788732394
