"exclude_index","aucs"
0,0.918661971830986
24,0.920070422535211
1,0.918661971830986
