"exclude_index","aucs"
0,0.503064798598949
21,0.790280210157618
79,0.790280210157618
27,0.790280210157618
16,0.759632224168126
