"exclude_index","aucs"
0,0.82761231701161
34,0.863200403836446
13,0.833922261484099
