"exclude_index","aucs"
0,0.665499124343257
56,0.781961471103327
69,0.7784588441331
