"exclude_index","aucs"
0,0.75
18,0.780647985989492
48,0.759632224168126
