"exclude_index","aucs"
0,0.534073700151439
18,0.735487127713276
40,0.559061080262494
