"exclude_index","aucs"
0,0.792031523642732
72,0.840192644483363
65,0.810420315236427
