"exclude_index","aucs"
0,0.774956217162872
18,0.825744308231173
30,0.825744308231173
1,0.774956217162872
