"exclude_index","aucs"
0,0.655263157894737
17,0.688011695906433
1,0.66812865497076
