"exclude_index","aucs"
0,0.689141856392294
58,0.731173380035026
7,0.725919439579685
