"exclude_index","aucs"
0,0.840643274853801
69,0.905555555555556
41,0.894444444444444
