"exclude_index","aucs"
0,0.792031523642732
5,0.836690017513135
1,0.840192644483363
25,0.849824868651489
43,0.849824868651489
24,0.848073555166375
