"exclude_index","aucs"
0,0.959829443447038
1,0.959829443447038
3,0.959829443447038
7,0.959829443447038
2,0.959829443447038
