"exclude_index","aucs"
0,0.989786856127886
37,0.989786856127886
2,0.989786856127886
