"exclude_index","aucs"
0,0.866108171663727
62,0.888447971781306
15,0.885802469135803
