"exclude_index","aucs"
0,0.63421052631579
5,0.802631578947368
14,0.664619883040936
