"exclude_index","aucs"
0,0.690017513134851
62,0.834500875656743
27,0.695271453590193
