"exclude_index","aucs"
0,0.789473684210526
1,0.789473684210526
6,0.908771929824561
37,0.908771929824561
2,0.901754385964912
