"exclude_index","aucs"
0,0.538732394366197
74,0.725
7,0.697183098591549
