"exclude_index","aucs"
0,0.980424954792044
6,0.981329113924051
39,0.981329113924051
5,0.981329113924051
65,0.981329113924051
36,0.981329113924051
2,0.981329113924051
19,0.979520795660036
