"exclude_index","aucs"
0,0.826855123674911
30,0.863705199394245
19,0.830388692579505
