"exclude_index","aucs"
0,0.787426900584795
6,0.792105263157895
18,0.991520467836257
33,0.792105263157895
