"exclude_index","aucs"
0,0.714630931458699
61,0.780536028119508
7,0.780536028119508
25,0.780536028119508
35,0.735720562390158
