"exclude_index","aucs"
0,0.842982456140351
40,0.907309941520468
9,0.907309941520468
11,0.857017543859649
