"exclude_index","aucs"
0,0.576900584795322
51,0.780994152046784
70,0.780994152046784
45,0.780994152046784
33,0.704970760233918
