"exclude_index","aucs"
0,0.690017513134851
30,0.834500875656743
15,0.834500875656743
72,0.834500875656743
26,0.708406304728546
