"exclude_index","aucs"
0,0.512573099415205
28,0.684502923976608
21,0.635380116959064
