"exclude_index","aucs"
0,0.788011695906433
52,0.78859649122807
88,0.792690058479532
23,0.792690058479532
59,0.792690058479532
39,0.789766081871345
