"exclude_index","aucs"
0,0.693485915492958
15,0.74137323943662
90,0.757218309859155
40,0.757218309859155
4,0.757218309859155
52,0.755457746478873
