"exclude_index","aucs"
0,0.647985989492119
30,0.766199649737303
54,0.869527145359019
10,0.766199649737303
