"exclude_index","aucs"
0,0.71812865497076
13,0.763157894736842
33,0.732748538011696
