"exclude_index","aucs"
0,0.709729570840682
64,0.769106407995297
17,0.792915931804821
76,0.769106407995297
