"exclude_index","aucs"
0,0.647985989492119
64,0.746059544658494
25,0.869527145359019
36,0.869527145359019
67,0.766199649737303
