"exclude_index","aucs"
0,0.511988304093567
6,0.724269005847953
38,0.724269005847953
20,0.575146198830409
