"exclude_index","aucs"
0,0.675668854114084
24,0.753407370015144
5,0.690307925290258
