"exclude_index","aucs"
0,0.724722261285333
60,0.801434397412459
21,0.726901982843482
