"exclude_index","aucs"
0,0.786549707602339
35,0.788304093567252
38,0.792397660818713
1,0.786549707602339
