"exclude_index","aucs"
0,0.73758865248227
4,0.75925925925926
59,0.76103230890465
92,0.737982663514579
