"exclude_index","aucs"
0,0.908814229249012
38,0.915770750988143
18,0.915770750988143
1,0.915770750988143
11,0.919565217391305
61,0.919881422924902
37,0.919565217391305
