"exclude_index","aucs"
0,0.768388791593695
43,0.834938704028021
57,0.776269702276708
