"exclude_index","aucs"
0,0.88859649122807
9,0.906140350877193
50,0.906140350877193
52,0.906140350877193
1,0.906140350877193
74,0.914912280701754
5,0.906140350877193
