"exclude_index","aucs"
0,0.714411247803163
14,0.746045694200351
1,0.714411247803163
