"exclude_index","aucs"
0,0.784968479117415
79,0.850571315996848
73,0.849586288416076
