"exclude_index","aucs"
0,0.61225834797891
23,0.618848857644991
65,0.791520210896309
64,0.791520210896309
71,0.666739894551845
