"exclude_index","aucs"
0,0.81260945709282
15,0.905429071803853
7,0.905429071803853
42,0.905429071803853
19,0.805604203152364
