"exclude_index","aucs"
0,0.53625730994152
12,0.670175438596491
84,0.685964912280702
7,0.685964912280702
13,0.622222222222222
