"exclude_index","aucs"
0,0.570079086115993
87,0.669815465729349
44,0.718145869947276
72,0.740553602811951
5,0.740553602811951
14,0.740553602811951
57,0.737917398945518
