"exclude_index","aucs"
0,0.888791593695271
25,0.999124343257443
85,0.999124343257443
1,0.999124343257443
51,0.999124343257443
8,0.999124343257443
82,0.888791593695271
