"exclude_index","aucs"
0,0.660233918128655
33,0.721052631578947
47,0.728070175438597
25,0.72046783625731
