"exclude_index","aucs"
0,0.576182136602452
51,0.742556917688266
23,0.612084063047285
