"exclude_index","aucs"
0,0.97787610619469
2,0.97787610619469
3,0.976991150442478
