"exclude_index","aucs"
0,0.95119628615641
17,0.959885727889537
70,0.959647660992739
