"exclude_index","aucs"
0,0.966341030195382
3,0.980550621669627
23,0.980550621669627
36,0.977708703374778
