"exclude_index","aucs"
0,0.90467032967033
61,0.928846153846154
23,0.928846153846154
70,0.928434065934066
