"exclude_index","aucs"
0,0.700361010830324
61,0.707106213186395
81,0.707391221736652
40,0.672905187155616
