"exclude_index","aucs"
0,0.596920747097426
62,0.685512367491166
23,0.685512367491166
56,0.685512367491166
41,0.685259969712267
