"exclude_index","aucs"
0,0.733918128654971
56,0.757894736842105
50,0.741520467836257
