"exclude_index","aucs"
0,0.918141592920354
64,0.927433628318584
43,0.951991150442478
24,0.927654867256637
