"exclude_index","aucs"
0,0.601169590643275
18,0.638011695906433
37,0.638011695906433
13,0.762573099415205
54,0.762573099415205
56,0.638011695906433
