"exclude_index","aucs"
0,0.949000587889477
26,0.949588477366255
4,0.949588477366255
36,0.949588477366255
6,0.949000587889477
