"exclude_index","aucs"
0,0.752631578947368
8,0.785964912280702
75,0.785964912280702
16,0.776608187134503
