"exclude_index","aucs"
0,0.726900584795322
2,0.738011695906433
83,0.76374269005848
56,0.738011695906433
