"exclude_index","aucs"
0,0.745132743362833
32,0.814380530973452
8,0.840486725663717
24,0.791371681415929
