"exclude_index","aucs"
0,0.81260945709282
1,0.905429071803853
26,0.901926444833625
