"exclude_index","aucs"
0,0.649299474605954
84,0.754378283712785
8,0.868213660245184
26,0.783274956217163
