"exclude_index","aucs"
0,0.507570422535211
47,0.76637323943662
60,0.76637323943662
3,0.76637323943662
5,0.704049295774648
