"exclude_index","aucs"
0,0.652631578947368
65,0.670175438596491
59,0.670175438596491
16,0.695906432748538
61,0.66374269005848
