"exclude_index","aucs"
0,0.830105633802817
27,0.831161971830986
34,0.835739436619718
83,0.856866197183099
12,0.872359154929578
60,0.835739436619718
