"exclude_index","aucs"
0,0.709719789842382
58,0.728108581436077
68,0.730735551663748
83,0.730735551663748
11,0.75
10,0.75
84,0.75
89,0.728984238178634
