"exclude_index","aucs"
0,0.840643274853801
77,0.905555555555556
16,0.894444444444444
