"exclude_index","aucs"
0,0.708802816901408
60,0.882042253521127
49,0.882394366197183
19,0.882042253521127
