"exclude_index","aucs"
0,0.846783625730994
7,0.901754385964912
3,0.901754385964912
57,0.901754385964912
49,0.864327485380117
