"exclude_index","aucs"
0,0.542690058479532
48,0.753216374269006
30,0.767251461988304
47,0.767251461988304
52,0.755555555555556
