"exclude_index","aucs"
0,0.974255426552246
1,0.974255426552246
2,0.974255426552246
3,0.973245835436648
