"exclude_index","aucs"
0,0.526023391812866
16,0.690350877192982
58,0.623099415204678
