"exclude_index","aucs"
0,0.67031523642732
39,0.886602451838879
26,0.777145359019265
