"exclude_index","aucs"
0,0.881370826010545
51,0.902460456942003
48,0.902460456942003
87,0.941124780316344
3,0.941124780316344
15,0.941124780316344
83,0.902460456942003
