"exclude_index","aucs"
0,0.529334500875657
80,0.705341506129597
63,0.705341506129597
60,0.705341506129597
1,0.597635726795096
