"exclude_index","aucs"
0,0.51707530647986
51,0.678196147110333
91,0.678196147110333
31,0.678196147110333
5,0.648423817863398
