"exclude_index","aucs"
0,0.549648506151142
86,0.622583479789104
16,0.800966608084359
57,0.746924428822496
