"exclude_index","aucs"
0,0.841812865497076
6,0.905555555555556
40,0.902631578947368
