"exclude_index","aucs"
0,0.804728546409807
40,0.84938704028021
88,0.84938704028021
13,0.84938704028021
26,0.837127845884413
