"exclude_index","aucs"
0,0.501640585562847
77,0.598561332660273
46,0.729303382130237
12,0.729303382130237
45,0.574583543664816
