"exclude_index","aucs"
0,0.901659292035398
66,0.950110619469027
13,0.950110619469027
6,0.91825221238938
