"exclude_index","aucs"
0,0.784588441330998
3,0.785464098073555
24,0.785464098073555
44,0.785464098073555
11,0.785464098073555
34,0.785464098073555
32,0.785464098073555
54,0.785464098073555
72,0.785464098073555
71,0.785464098073555
1,0.785464098073555
20,0.781961471103327
