"exclude_index","aucs"
0,0.906121102128361
19,0.907935984161029
1,0.906121102128362
