"exclude_index","aucs"
0,0.702841918294849
61,0.768916518650089
62,0.768916518650089
16,0.768916518650089
9,0.830728241563055
31,0.832326820603908
72,0.774422735346359
