"exclude_index","aucs"
0,0.81260945709282
1,0.81260945709282
67,0.901926444833625
8,0.901926444833625
26,0.739054290718039
