"exclude_index","aucs"
0,0.843173730184406
48,0.857246845681009
36,0.857246845681009
62,0.857246845681009
26,0.856276285991588
