"exclude_index","aucs"
0,0.825
9,0.892477876106195
29,0.892477876106195
47,0.838274336283186
