"exclude_index","aucs"
0,0.647985989492119
29,0.868651488616462
11,0.868651488616462
31,0.746059544658494
