"exclude_index","aucs"
0,0.572056239015817
22,0.810632688927944
30,0.810632688927944
67,0.810632688927944
13,0.810632688927944
33,0.810632688927944
60,0.813268892794376
5,0.810632688927944
