"exclude_index","aucs"
0,0.900704225352113
77,0.987323943661972
46,0.912676056338028
