"exclude_index","aucs"
0,0.841812865497076
12,0.905555555555556
39,0.894444444444444
