"exclude_index","aucs"
0,0.828809106830123
44,0.837565674255692
72,0.837565674255692
50,0.849824868651489
68,0.837565674255692
