"exclude_index","aucs"
0,0.542690058479532
47,0.753216374269006
45,0.639766081871345
