"exclude_index","aucs"
0,0.546409807355517
87,0.699649737302977
11,0.71015761821366
48,0.699649737302977
