"exclude_index","aucs"
0,0.702433628318584
16,0.724557522123894
17,0.732079646017699
36,0.711061946902655
