"exclude_index","aucs"
0,0.757880910683012
77,0.988178633975482
15,0.768388791593695
