"exclude_index","aucs"
0,0.660233516483516
49,0.747733516483516
68,0.698557692307692
