"exclude_index","aucs"
0,0.661669606114051
48,0.694885361552029
21,0.694885361552029
10,0.667842445620223
