"exclude_index","aucs"
0,0.989786856127886
5,0.989786856127886
1,0.989786856127886
