"exclude_index","aucs"
0,0.71015761821366
23,0.774080560420315
44,0.724168126094571
