"exclude_index","aucs"
0,0.808669001751314
88,0.848949211908932
5,0.848949211908932
55,0.848949211908932
78,0.837565674255692
