"exclude_index","aucs"
0,0.848511383537653
1,0.848511383537653
2,0.848511383537653
39,0.944833625218914
42,0.944833625218914
3,0.848511383537653
