"exclude_index","aucs"
0,0.737697715289982
43,0.760544815465729
8,0.819859402460457
35,0.760544815465729
