"exclude_index","aucs"
0,0.501169590643275
86,0.637426900584795
38,0.710526315789474
28,0.637426900584795
