"exclude_index","aucs"
0,0.800984351337708
43,0.810575466935891
46,0.810575466935891
7,0.810575466935891
