"exclude_index","aucs"
0,0.979203802733215
4,0.979203802733215
1,0.979203802733215
7,0.979203802733215
3,0.979203802733215
9,0.979203802733215
10,0.979203802733215
2,0.979203802733215
5,0.978015448603684
