"exclude_index","aucs"
0,0.5
90,0.793345008756567
80,0.793345008756567
26,0.760070052539405
