"exclude_index","aucs"
0,0.952391241717084
64,0.953351579756074
69,0.963099010851819
63,0.953351579756074
