"exclude_index","aucs"
0,0.988463488843813
1,0.988463488843813
2,0.988463488843813
3,0.986688640973631
