"exclude_index","aucs"
0,0.717543859649123
92,0.766081871345029
11,0.766081871345029
10,0.766081871345029
2,0.717543859649123
