"exclude_index","aucs"
0,0.739455184534271
54,0.790861159929701
38,0.771089630931459
