"exclude_index","aucs"
0,0.94612676056338
52,0.981338028169014
19,0.981338028169014
15,0.971478873239437
