"exclude_index","aucs"
0,0.805166374781086
30,0.849824868651489
79,0.849824868651489
54,0.837565674255692
