"exclude_index","aucs"
0,0.572275922671353
56,0.643892794376098
36,0.643892794376098
4,0.595562390158172
