"exclude_index","aucs"
0,0.966341030195382
85,0.979840142095915
71,0.979840142095915
79,0.980550621669627
41,0.980550621669627
60,0.980550621669627
