"exclude_index","aucs"
0,0.891418563922942
4,0.891418563922942
1,0.891418563922942
2,0.628721541155867
