"exclude_index","aucs"
0,0.81260945709282
14,0.905429071803853
39,0.905429071803853
25,0.847635726795096
