"exclude_index","aucs"
0,0.914762741652021
1,0.914762741652021
2,0.914762741652021
52,0.894551845342706
