"exclude_index","aucs"
0,0.70446584938704
79,0.714973730297723
11,0.714973730297723
