"exclude_index","aucs"
0,0.679866036249015
77,0.887509850275808
12,0.732269503546099
