"exclude_index","aucs"
0,0.601138353765324
73,0.86646234676007
62,0.86646234676007
4,0.692206654991243
