"exclude_index","aucs"
0,0.730701754385965
60,0.897953216374269
6,0.754678362573099
