"exclude_index","aucs"
0,0.922385620915033
71,0.974079025549614
63,0.974673202614379
38,0.974673202614379
3,0.974376114081996
