"exclude_index","aucs"
0,0.704807692307692
7,0.728846153846154
26,0.720467032967033
