"exclude_index","aucs"
0,0.737302977232925
52,0.831873905429072
43,0.831873905429072
12,0.746059544658494
