"exclude_index","aucs"
0,0.826056338028169
88,0.858450704225352
53,0.859859154929578
92,0.854929577464789
