"exclude_index","aucs"
0,0.60257093652616
39,0.604293094964737
14,0.604293094964737
7,0.603637034607184
