"exclude_index","aucs"
0,0.520132743362832
68,0.645132743362832
76,0.755088495575221
49,0.57787610619469
