"exclude_index","aucs"
0,0.690017513134851
55,0.829246935201401
25,0.829246935201401
8,0.829246935201401
75,0.829246935201401
81,0.702276707530648
