"exclude_index","aucs"
0,0.803644914756027
62,0.817754262198707
84,0.833039388594945
30,0.833039388594945
53,0.817754262198707
