"exclude_index","aucs"
0,0.647985989492119
16,0.869527145359019
26,0.769702276707531
