"exclude_index","aucs"
0,0.569639718804921
16,0.777021089630931
1,0.697495606326889
