"exclude_index","aucs"
0,0.690017513134851
42,0.829246935201401
23,0.69614711033275
