"exclude_index","aucs"
0,0.755847953216374
14,0.790350877192982
37,0.790350877192982
29,0.790350877192982
43,0.77280701754386
