"exclude_index","aucs"
0,0.946821152703506
24,0.946969696969697
55,0.946969696969697
14,0.946969696969697
