"exclude_index","aucs"
0,0.81260945709282
29,0.905429071803853
13,0.873905429071804
