"exclude_index","aucs"
0,0.733407079646018
71,0.764380530973452
12,0.736061946902655
