"exclude_index","aucs"
0,0.647985989492119
48,0.770577933450088
49,0.868651488616462
42,0.868651488616462
46,0.908931698774081
17,0.796847635726795
