"exclude_index","aucs"
0,0.850584795321637
17,0.857017543859649
54,0.905555555555556
14,0.905555555555556
61,0.894444444444444
