"exclude_index","aucs"
0,0.680701754385965
9,0.795906432748538
38,0.727485380116959
