"exclude_index","aucs"
0,0.663444639718805
86,0.700351493848858
4,0.855448154657294
20,0.855448154657294
22,0.848418277680141
