"exclude_index","aucs"
0,0.883274647887324
53,0.926232394366197
49,0.903697183098592
