"exclude_index","aucs"
0,0.931363903586126
79,0.947530864197531
61,0.978101116990006
20,0.978101116990006
29,0.978101116990006
14,0.978101116990006
6,0.978101116990006
19,0.978101116990006
10,0.978101116990006
17,0.978101116990006
32,0.977513227513227
