"exclude_index","aucs"
0,0.658831282952548
52,0.660588752196837
12,0.747583479789104
89,0.76823374340949
24,0.766476274165202
