"exclude_index","aucs"
0,0.553148434710153
17,0.588798952505654
65,0.643494822044995
13,0.643494822044994
