"exclude_index","aucs"
0,0.808669001751314
32,0.848949211908932
50,0.848949211908932
4,0.830560420315236
