"exclude_index","aucs"
0,0.762805358550039
30,0.786840031520883
70,0.791962174940898
6,0.790977147360126
