"exclude_index","aucs"
0,0.771345029239766
60,0.992397660818713
1,0.771345029239766
