"exclude_index","aucs"
0,0.963715415019764
73,0.964347826086957
41,0.964347826086957
6,0.961581027667985
