"exclude_index","aucs"
0,0.780701754385965
25,0.833333333333333
38,0.829824561403509
