"exclude_index","aucs"
0,0.584502923976608
43,0.811988304093567
73,0.809649122807018
