"exclude_index","aucs"
0,0.91140350877193
2,0.91140350877193
62,0.792105263157895
