"exclude_index","aucs"
0,0.693957968476357
42,0.718476357267951
15,0.660683012259194
