"exclude_index","aucs"
0,0.96563055062167
25,0.966341030195382
18,0.966341030195382
51,0.966341030195382
66,0.980550621669627
2,0.980550621669627
1,0.979840142095915
