"exclude_index","aucs"
0,0.691592920353983
84,0.747345132743363
22,0.747345132743363
5,0.711725663716815
