"exclude_index","aucs"
0,0.70446584938704
42,0.740367775831874
11,0.709719789842382
