"exclude_index","aucs"
0,0.623603762492651
82,0.781452087007643
2,0.596266901822457
