"exclude_index","aucs"
0,0.788011695906433
15,0.78859649122807
18,0.789766081871345
44,0.792690058479532
14,0.789766081871345
