"exclude_index","aucs"
0,0.771349557522124
47,0.773783185840709
2,0.772676991150443
