"exclude_index","aucs"
0,0.771453590192644
71,0.86077057793345
48,0.86077057793345
52,0.86077057793345
21,0.78984238178634
