"exclude_index","aucs"
0,0.703590192644483
73,0.716725043782837
44,0.716725043782837
67,0.716725043782837
65,0.840192644483363
11,0.70446584938704
