"exclude_index","aucs"
0,0.84093567251462
35,0.902923976608187
6,0.894736842105263
