"exclude_index","aucs"
0,0.732486865148862
29,0.756129597197898
9,0.773642732049037
91,0.756129597197898
