"exclude_index","aucs"
0,0.647985989492119
21,0.868651488616462
34,0.868651488616462
54,0.868651488616462
35,0.868651488616462
83,0.868651488616462
10,0.796847635726795
