"exclude_index","aucs"
0,0.603508771929825
70,0.644444444444444
12,0.629239766081871
