"exclude_index","aucs"
0,0.786842105263158
37,0.992105263157895
49,0.992105263157895
65,0.992105263157895
57,0.992105263157895
31,0.992105263157895
1,0.786842105263158
