"exclude_index","aucs"
0,0.801405975395431
87,0.808435852372583
6,0.820738137082601
14,0.833040421792619
1,0.820738137082601
