"exclude_index","aucs"
0,0.787505289885739
26,0.803692340245451
2,0.796498095641134
