"exclude_index","aucs"
0,0.70446584938704
18,0.79553415061296
10,0.79553415061296
7,0.714973730297723
