"exclude_index","aucs"
0,0.954380465269758
21,0.954710443821152
78,0.974674146180498
16,0.974674146180498
24,0.937139085959413
