"exclude_index","aucs"
0,0.87037037037037
39,0.880364491475603
75,0.887125220458554
43,0.887713109935332
64,0.888007054673721
11,0.888888888888889
1,0.880070546737213
