"exclude_index","aucs"
0,0.744661921708185
60,0.771514073115496
42,0.755661598188289
