"exclude_index","aucs"
0,0.647985989492119
71,0.869527145359019
41,0.869527145359019
61,0.909807355516637
33,0.909807355516637
30,0.909807355516637
65,0.909807355516637
72,0.909807355516637
8,0.902802101576182
