"exclude_index","aucs"
0,0.50915150232755
40,0.627750740584003
35,0.661923402454507
59,0.661923402454507
4,0.627750740584003
