"exclude_index","aucs"
0,0.688266199649737
77,0.734676007005254
56,0.719789842381786
