"exclude_index","aucs"
0,0.581873905429072
40,0.926882661996497
8,0.926882661996497
26,0.926882661996497
19,0.77276707530648
