"exclude_index","aucs"
0,0.79553415061296
13,0.824430823117338
16,0.830560420315236
52,0.83231173380035
11,0.83231173380035
27,0.83231173380035
12,0.812171628721541
