"exclude_index","aucs"
0,0.93646978021978
75,0.942239010989011
86,0.953914835164835
13,0.954464285714286
51,0.949931318681319
