"exclude_index","aucs"
0,0.906854130052724
18,0.910369068541301
1,0.906854130052724
