"exclude_index","aucs"
0,0.502631578947368
42,0.700292397660819
4,0.653508771929825
