"exclude_index","aucs"
0,0.689141856392294
67,0.731173380035026
46,0.731173380035026
9,0.711033274956217
