"exclude_index","aucs"
0,0.76138353765324
39,0.781523642732049
63,0.991681260945709
17,0.790280210157618
