"exclude_index","aucs"
0,0.698943661971831
52,0.736267605633803
74,0.723239436619718
