"exclude_index","aucs"
0,0.702846975088968
79,0.783241669362666
71,0.784697508896797
24,0.783079909414429
