"exclude_index","aucs"
0,0.917781690140845
34,0.91919014084507
40,0.91919014084507
83,0.91919014084507
74,0.91919014084507
32,0.917781690140845
