"exclude_index","aucs"
0,0.560420315236427
33,0.685639229422067
19,0.81260945709282
68,0.626094570928196
