"exclude_index","aucs"
0,0.606514084507042
42,0.612147887323944
15,0.767781690140845
13,0.767781690140845
38,0.767781690140845
36,0.660739436619718
