"exclude_index","aucs"
0,0.562829525483304
43,0.722759226713533
8,0.722759226713533
2,0.563708260105448
