"exclude_index","aucs"
0,0.660808435852373
33,0.6902460456942
53,0.679261862917399
