"exclude_index","aucs"
0,0.555579964850615
59,0.733084358523726
67,0.601713532513181
