"exclude_index","aucs"
0,0.881370826010545
46,0.941124780316344
82,0.941124780316344
37,0.902460456942003
