"exclude_index","aucs"
0,0.647985989492119
6,0.770577933450088
90,0.770577933450088
5,0.770577933450088
68,0.754816112084063
