"exclude_index","aucs"
0,0.710526315789474
55,0.815204678362573
21,0.815204678362573
38,0.736842105263158
