"exclude_index","aucs"
0,0.701838879159369
50,0.847197898423818
3,0.714973730297723
