"exclude_index","aucs"
0,0.618900646678424
6,0.74647266313933
41,0.680629041740153
