"exclude_index","aucs"
0,0.765669014084507
4,0.839964788732394
9,0.839964788732394
46,0.839964788732394
30,0.778345070422535
