"exclude_index","aucs"
0,0.505555555555555
11,0.731286549707602
90,0.731286549707602
57,0.731286549707602
9,0.731286549707602
7,0.609649122807018
