"exclude_index","aucs"
0,0.964790509843513
21,0.971857647652701
85,0.964790509843513
