"exclude_index","aucs"
0,0.647985989492119
11,0.746059544658494
50,0.770577933450088
33,0.868651488616462
54,0.868651488616462
9,0.868651488616462
39,0.868651488616462
18,0.770577933450088
