"exclude_index","aucs"
0,0.885764499121265
47,0.930579964850615
44,0.930579964850615
36,0.904217926186292
