"exclude_index","aucs"
0,0.934120617944147
32,0.945707070707071
58,0.945707070707071
54,0.936794414735591
