"exclude_index","aucs"
0,0.776900584795322
90,0.996783625730994
1,0.776900584795322
