"exclude_index","aucs"
0,0.845562390158172
78,0.876757469244288
5,0.876757469244288
15,0.876757469244288
49,0.85786467486819
