"exclude_index","aucs"
0,0.901663695781343
1,0.901663695781343
2,0.901663695781343
5,0.901069518716578
