"exclude_index","aucs"
0,0.81260945709282
31,0.847635726795096
20,0.905429071803853
22,0.905429071803853
67,0.905429071803853
15,0.905429071803853
14,0.847635726795096
