"exclude_index","aucs"
0,0.500437828371278
36,0.792907180385289
18,0.792907180385289
44,0.792907180385289
23,0.700087565674256
