"exclude_index","aucs"
0,0.735551663747811
14,0.796847635726795
33,0.796847635726795
26,0.827495621716287
52,0.832749562171629
35,0.827495621716287
