"exclude_index","aucs"
0,0.649299474605954
13,0.868213660245184
4,0.868213660245184
6,0.764010507880911
