"exclude_index","aucs"
0,0.691330998248687
3,0.735113835376532
47,0.729859894921191
