"exclude_index","aucs"
0,0.706654991243433
36,0.839754816112084
19,0.70753064798599
