"exclude_index","aucs"
0,0.585672514619883
66,0.811988304093567
41,0.717836257309942
