"exclude_index","aucs"
0,0.572535211267606
14,0.735211267605634
1,0.735211267605634
27,0.83556338028169
47,0.83556338028169
82,0.654225352112676
