"exclude_index","aucs"
0,0.838011695906433
44,0.860233918128655
5,0.860233918128655
1,0.838011695906433
