"exclude_index","aucs"
0,0.75
77,0.780647985989492
48,0.780647985989492
31,0.780647985989492
23,0.759632224168126
