"exclude_index","aucs"
0,0.712280701754386
1,0.732748538011696
2,0.57719298245614
