"exclude_index","aucs"
0,0.647985989492119
26,0.868651488616462
4,0.868651488616462
70,0.868651488616462
53,0.868651488616462
78,0.868651488616462
77,0.796847635726795
