"exclude_index","aucs"
0,0.689141856392294
67,0.697898423817863
25,0.735551663747811
35,0.697022767075306
