"exclude_index","aucs"
0,0.504378283712785
70,0.788966725043783
64,0.788966725043783
19,0.712784588441331
