"exclude_index","aucs"
0,0.75
45,0.788528896672504
48,0.789404553415061
20,0.759632224168126
