"exclude_index","aucs"
0,0.840643274853801
32,0.905555555555556
26,0.894444444444444
