"exclude_index","aucs"
0,0.53415061295972
4,0.716287215411559
67,0.749562171628722
26,0.749562171628722
42,0.715411558669002
