"exclude_index","aucs"
0,0.796491228070175
78,0.840350877192983
11,0.840350877192983
5,0.840350877192983
33,0.839766081871345
