"exclude_index","aucs"
0,0.647985989492119
40,0.746059544658494
13,0.868651488616462
9,0.868651488616462
5,0.868651488616462
58,0.770577933450088
