"exclude_index","aucs"
0,0.947761928184948
21,0.949729463846532
25,0.949729463846532
37,0.949729463846532
