"exclude_index","aucs"
0,0.647985989492119
6,0.868651488616462
52,0.868651488616462
37,0.868651488616462
56,0.868651488616462
54,0.779334500875657
