"exclude_index","aucs"
0,0.933216168717047
54,0.942003514938489
25,0.938488576449912
