"exclude_index","aucs"
0,0.933216168717047
23,0.942003514938489
37,0.973637961335677
27,0.973637961335677
36,0.973637961335677
45,0.973637961335677
3,0.913884007029877
