"exclude_index","aucs"
0,0.674406865219586
18,0.736749116607774
25,0.736749116607774
