"exclude_index","aucs"
0,0.983781918564527
1,0.983781918564527
40,0.983781918564527
