"exclude_index","aucs"
0,0.771345029239766
27,0.781286549707602
11,0.992397660818713
56,0.992397660818713
42,0.992397660818713
1,0.761988304093567
