"exclude_index","aucs"
0,0.795132743362832
33,0.921681415929204
86,0.921681415929204
75,0.921681415929204
29,0.841592920353982
