"exclude_index","aucs"
0,0.53625730994152
65,0.685380116959064
87,0.685380116959064
45,0.67719298245614
