"exclude_index","aucs"
0,0.616081871345029
38,0.787426900584795
86,0.787426900584795
15,0.624269005847953
