"exclude_index","aucs"
0,0.647985989492119
34,0.868651488616462
15,0.868651488616462
18,0.746059544658494
