"exclude_index","aucs"
0,0.689141856392294
40,0.731173380035026
84,0.731173380035026
41,0.731173380035026
42,0.938704028021016
6,0.724168126094571
