"exclude_index","aucs"
0,0.905494505494506
4,0.928846153846154
86,0.964148351648352
2,0.928846153846154
