"exclude_index","aucs"
0,0.981628135759961
13,0.985956714215445
73,0.985956714215445
14,0.984579439252336
