"exclude_index","aucs"
0,0.59369527145359
7,0.632224168126095
40,0.753940455341506
85,0.753940455341506
82,0.753940455341506
18,0.660245183887916
