"exclude_index","aucs"
0,0.577233720343261
13,0.683745583038869
1,0.690055527511358
30,0.570166582534074
