"exclude_index","aucs"
0,0.689141856392294
38,0.735551663747811
40,0.716287215411559
