"exclude_index","aucs"
0,0.983500485279845
2,0.983662245228082
1,0.983015205435134
