"exclude_index","aucs"
0,0.81260945709282
7,0.847635726795096
80,0.847635726795096
33,0.905429071803853
47,0.905429071803853
20,0.847635726795096
