"exclude_index","aucs"
0,0.508771929824561
18,0.684795321637427
64,0.56140350877193
