"exclude_index","aucs"
0,0.878514938488576
13,0.929042179261863
20,0.929042179261863
23,0.879393673110721
