"exclude_index","aucs"
0,0.734098939929329
12,0.757824331145886
43,0.745709237758708
