"exclude_index","aucs"
0,0.930443222258169
60,0.951310255580718
56,0.951633775477192
84,0.944354577806535
