"exclude_index","aucs"
0,0.981127129750983
2,0.981127129750983
36,0.980013106159895
