"exclude_index","aucs"
0,0.786687170474517
37,0.788444639718805
6,0.975175746924429
16,0.837214411247803
