"exclude_index","aucs"
0,0.764499121265378
19,0.997363796133568
32,0.997363796133568
22,0.77768014059754
