"exclude_index","aucs"
0,0.794444444444445
38,0.819005847953216
37,0.819005847953216
59,0.819005847953216
27,0.807894736842105
