"exclude_index","aucs"
0,0.741520467836257
40,0.983625730994152
50,0.75906432748538
