"exclude_index","aucs"
0,0.714973730297723
21,0.747373029772329
44,0.747373029772329
50,0.747373029772329
62,0.734238178633975
