"exclude_index","aucs"
0,0.699649737302977
86,0.720665499124343
77,0.720665499124343
59,0.727670753064799
7,0.724168126094571
