"exclude_index","aucs"
0,0.970795660036166
31,0.971790235081374
67,0.971790235081374
20,0.971790235081374
