"exclude_index","aucs"
0,0.616432337434095
38,0.768892794376098
63,0.692003514938489
