"exclude_index","aucs"
0,0.846783625730994
46,0.901754385964912
10,0.901754385964912
57,0.901754385964912
29,0.901754385964912
62,0.901754385964912
5,0.901754385964912
4,0.901754385964912
2,0.901754385964912
6,0.874269005847953
