"exclude_index","aucs"
0,0.761423550087873
31,0.78207381370826
54,0.775483304042179
