"exclude_index","aucs"
0,0.684009406231628
79,0.726925338036449
36,0.685185185185185
