"exclude_index","aucs"
0,0.691330998248687
11,0.739492119089317
82,0.739492119089317
27,0.720227670753065
