"exclude_index","aucs"
0,0.959288653733098
1,0.959288653733098
2,0.959288653733098
3,0.956937095825985
