"exclude_index","aucs"
0,0.552539404553415
34,0.7215411558669
20,0.655866900175131
