"exclude_index","aucs"
0,0.748686514886165
23,0.779334500875657
82,0.758318739054291
