"exclude_index","aucs"
0,0.53625730994152
2,0.685380116959064
51,0.701754385964912
55,0.701754385964912
7,0.701754385964912
50,0.641520467836257
