"exclude_index","aucs"
0,0.742049469964664
1,0.749369005552751
71,0.809692074709742
72,0.720090863200404
