"exclude_index","aucs"
0,0.793650793650794
16,0.843033509700177
39,0.834215167548501
