"exclude_index","aucs"
0,0.650584795321637
71,0.695029239766082
2,0.695029239766082
9,0.673391812865497
