"exclude_index","aucs"
0,0.813488576449912
25,0.821836555360281
16,0.821836555360281
76,0.824472759226714
39,0.824472759226714
5,0.823594024604569
