"exclude_index","aucs"
0,0.625656742556918
29,0.870840630472855
28,0.870840630472855
70,0.870840630472855
86,0.870840630472855
32,0.870840630472855
8,0.79816112084063
