"exclude_index","aucs"
0,0.755985915492958
89,0.804929577464789
1,0.755985915492958
