"exclude_index","aucs"
0,0.933216168717047
57,0.936731107205624
21,0.973637961335677
6,0.942003514938489
