"exclude_index","aucs"
0,0.905105633802817
33,0.989612676056338
9,0.925176056338028
