"exclude_index","aucs"
0,0.620840630472855
13,0.739054290718039
75,0.739054290718039
6,0.739054290718039
58,0.739054290718039
10,0.739054290718039
47,0.625218914185639
