"exclude_index","aucs"
0,0.81260945709282
74,0.905429071803853
38,0.847635726795096
