"exclude_index","aucs"
0,0.943707538013588
26,0.94564865739243
74,0.94564865739243
24,0.94564865739243
12,0.94564865739243
63,0.945001617599483
