"exclude_index","aucs"
0,0.647985989492119
30,0.754816112084063
39,0.868651488616462
42,0.770577933450088
