"exclude_index","aucs"
0,0.534210526315789
60,0.659356725146199
16,0.609649122807018
