"exclude_index","aucs"
0,0.862057522123894
55,0.866261061946903
92,0.867809734513275
10,0.867809734513275
17,0.867809734513275
1,0.86537610619469
