"exclude_index","aucs"
0,0.88169014084507
47,0.88943661971831
71,0.919366197183099
49,0.919366197183099
22,0.88943661971831
