"exclude_index","aucs"
0,0.68943661971831
2,0.68943661971831
14,0.706338028169014
1,0.68943661971831
