"exclude_index","aucs"
0,0.647985989492119
64,0.868651488616462
80,0.868651488616462
85,0.868651488616462
20,0.868651488616462
13,0.868651488616462
76,0.868651488616462
17,0.772329246935201
