"exclude_index","aucs"
0,0.94612676056338
9,0.981338028169014
52,0.981338028169014
20,0.974295774647887
