"exclude_index","aucs"
0,0.82306338028169
27,0.886795774647887
16,0.886795774647887
55,0.973415492957746
61,0.973415492957746
45,0.973415492957746
10,0.973415492957746
3,0.704049295774648
