"exclude_index","aucs"
0,0.647985989492119
65,0.770577933450088
54,0.868651488616462
61,0.868651488616462
88,0.770577933450088
