"exclude_index","aucs"
0,0.985469030520646
1,0.985469030520646
5,0.985469030520646
8,0.985469030520646
6,0.985469030520646
13,0.985469030520646
4,0.985469030520646
10,0.985469030520646
7,0.985469030520646
9,0.985469030520646
2,0.985469030520646
16,0.984571364452424
