"exclude_index","aucs"
0,0.614785420340976
87,0.766166960611405
21,0.625955320399765
