"exclude_index","aucs"
0,0.569298245614035
1,0.739473684210526
45,0.699122807017544
