"exclude_index","aucs"
0,0.8625
1,0.8625
40,0.982570422535211
60,0.975880281690141
