"exclude_index","aucs"
0,0.58080985915493
17,0.740316901408451
61,0.740316901408451
25,0.740316901408451
47,0.740316901408451
51,0.732922535211268
