"exclude_index","aucs"
0,0.787215411558669
41,0.86077057793345
28,0.738178633975482
