"exclude_index","aucs"
0,0.5
43,0.793345008756567
45,0.790718038528897
