"exclude_index","aucs"
0,0.585676625659051
1,0.819859402460457
12,0.622144112478032
