"exclude_index","aucs"
0,0.808669001751314
37,0.848949211908932
11,0.837565674255692
