"exclude_index","aucs"
0,0.830457746478873
85,0.837852112676056
26,0.864260563380282
11,0.863204225352113
