"exclude_index","aucs"
0,0.805166374781086
47,0.849824868651489
89,0.849824868651489
92,0.849824868651489
4,0.849824868651489
1,0.799912434325744
