"exclude_index","aucs"
0,0.744444444444444
29,0.759649122807018
84,0.761988304093567
1,0.745614035087719
