"exclude_index","aucs"
0,0.785840707964602
16,0.901327433628319
62,0.848672566371681
