"exclude_index","aucs"
0,0.970795660036166
70,0.971790235081374
11,0.971790235081374
