"exclude_index","aucs"
0,0.691330998248687
15,0.714973730297723
82,0.696584938704028
