"exclude_index","aucs"
0,0.844736842105263
44,0.905555555555556
16,0.905555555555556
9,0.758187134502924
