"exclude_index","aucs"
0,0.647985989492119
29,0.868651488616462
37,0.868651488616462
66,0.754816112084063
