"exclude_index","aucs"
0,0.615333919156415
41,0.615333919156415
32,0.567882249560633
