"exclude_index","aucs"
0,0.901169590643275
56,0.945029239766082
16,0.945029239766082
63,0.927485380116959
