"exclude_index","aucs"
0,0.557337434094903
66,0.632908611599297
3,0.693101933216169
46,0.591168717047451
