"exclude_index","aucs"
0,0.875441696113074
59,0.875441696113074
53,0.900681474003029
48,0.900681474003029
25,0.900681474003029
67,0.875441696113074
