"exclude_index","aucs"
0,0.702433628318584
34,0.725
36,0.725442477876106
15,0.725442477876106
57,0.725442477876106
14,0.70486725663717
