"exclude_index","aucs"
0,0.835176991150443
58,0.839601769911505
10,0.848893805309735
61,0.839601769911505
