"exclude_index","aucs"
0,0.585661178969729
66,0.61157727031333
28,0.611471056824217
