"exclude_index","aucs"
0,0.531578947368421
24,0.602923976608187
62,0.602923976608187
9,0.582456140350877
