"exclude_index","aucs"
0,0.567442882249561
6,0.645650263620387
88,0.755492091388401
40,0.755492091388401
7,0.755492091388401
62,0.831063268892794
5,0.831063268892794
85,0.748462214411248
