"exclude_index","aucs"
0,0.983833039388595
41,0.983833039388595
1,0.983833039388595
