"exclude_index","aucs"
0,0.820738137082601
78,0.849736379613357
58,0.852372583479789
31,0.853251318101933
72,0.824253075571178
