"exclude_index","aucs"
0,0.710818713450292
82,0.797953216374269
9,0.789181286549708
