"exclude_index","aucs"
0,0.694395796847636
76,0.713660245183888
68,0.847635726795096
61,0.847635726795096
32,0.847635726795096
9,0.711033274956217
