"exclude_index","aucs"
0,0.906898656898657
20,0.910629493962828
18,0.910629493962828
51,0.910697327363995
74,0.910697327363995
15,0.908255324921992
