"exclude_index","aucs"
0,0.881370826010545
2,0.902460456942003
17,0.958699472759227
92,0.958699472759227
4,0.958699472759227
31,0.902460456942003
