"exclude_index","aucs"
0,0.771891418563923
18,0.790280210157618
35,0.861208406304729
10,0.861208406304729
57,0.861208406304729
51,0.791155866900175
