"exclude_index","aucs"
0,0.960804701627485
47,0.968399638336346
1,0.955379746835441
