"exclude_index","aucs"
0,0.777485380116959
66,0.800877192982456
14,0.800877192982456
43,0.800877192982456
26,0.920760233918129
13,0.920760233918129
1,0.800877192982456
