"exclude_index","aucs"
0,0.647985989492119
52,0.770577933450088
53,0.754816112084063
