"exclude_index","aucs"
0,0.693957968476357
66,0.842819614711033
42,0.837565674255692
