"exclude_index","aucs"
0,0.691330998248687
61,0.709719789842382
36,0.709719789842382
35,0.729859894921191
11,0.729859894921191
49,0.729859894921191
72,0.696584938704028
