"exclude_index","aucs"
0,0.561072056239016
33,0.607205623901582
63,0.607205623901582
38,0.607644991212654
23,0.607205623901582
