"exclude_index","aucs"
0,0.502189141856392
61,0.765761821366025
41,0.765761821366025
50,0.837565674255692
29,0.837565674255692
27,0.839316987740806
3,0.874343257443082
12,0.839316987740806
