"exclude_index","aucs"
0,0.81260945709282
75,0.905429071803853
12,0.847635726795096
