"exclude_index","aucs"
0,0.752433628318585
61,0.814380530973452
77,0.811725663716814
