"exclude_index","aucs"
0,0.81260945709282
28,0.905429071803853
84,0.933450087565674
4,0.847635726795096
