"exclude_index","aucs"
0,0.897452684204261
84,0.903166289727413
45,0.961611712891322
4,0.874181645042257
