"exclude_index","aucs"
0,0.805604203152364
51,0.83800350262697
4,0.850262697022767
7,0.850262697022767
22,0.850262697022767
38,0.850262697022767
67,0.850262697022767
39,0.82661996497373
