"exclude_index","aucs"
0,0.701230228471001
36,0.742530755711774
1,0.742530755711774
66,0.749121265377855
44,0.749121265377855
20,0.746924428822495
