"exclude_index","aucs"
0,0.934458010229335
70,0.940645108067976
7,0.940645108067976
24,0.934622999505032
