"exclude_index","aucs"
0,0.711635537607269
52,0.862064613831398
5,0.870898536092882
25,0.820166582534074
