"exclude_index","aucs"
0,0.641228070175438
10,0.730116959064328
50,0.730116959064328
24,0.72953216374269
