"exclude_index","aucs"
0,0.504613356766257
41,0.623242530755712
85,0.687829525483304
64,0.770869947275923
5,0.687829525483304
