"exclude_index","aucs"
0,0.645796590241035
12,0.82745443856555
14,0.82745443856555
21,0.824514991181658
