"exclude_index","aucs"
0,0.635537607269057
71,0.65042907622413
67,0.65042907622413
90,0.65042907622413
60,0.647905098435134
