"exclude_index","aucs"
0,0.94612676056338
40,0.967253521126761
54,0.974295774647887
10,0.981338028169014
49,0.981338028169014
36,0.981338028169014
14,0.981338028169014
87,0.981338028169014
84,0.981338028169014
