"exclude_index","aucs"
0,0.980786618444846
8,0.981329113924051
9,0.981329113924051
2,0.981329113924051
4,0.979520795660036
