"exclude_index","aucs"
0,0.65630472854641
26,0.687828371278459
53,0.687828371278459
7,0.687828371278459
47,0.687828371278459
24,0.686077057793345
