"exclude_index","aucs"
0,0.769005847953216
24,0.994736842105263
36,0.994736842105263
42,0.994736842105263
89,0.92280701754386
