"exclude_index","aucs"
0,0.871546149323927
24,0.871546149323927
51,0.900940623162846
46,0.900940623162846
60,0.900940623162846
82,0.893885949441505
