"exclude_index","aucs"
0,0.682456140350877
47,0.714035087719298
67,0.885380116959064
82,0.885380116959064
16,0.876608187134503
