"exclude_index","aucs"
0,0.696198830409357
44,0.730116959064327
32,0.72953216374269
