"exclude_index","aucs"
0,0.805604203152364
7,0.850262697022767
20,0.80385288966725
