"exclude_index","aucs"
0,0.84093567251462
12,0.902923976608187
49,0.857309941520468
