"exclude_index","aucs"
0,0.805114638447973
72,0.834509112286891
21,0.819223985890653
