"exclude_index","aucs"
0,0.840316901408451
1,0.958978873239437
17,0.840316901408451
