"exclude_index","aucs"
0,0.572514619883041
1,0.731578947368421
35,0.931578947368421
40,0.931578947368421
46,0.745029239766082
