"exclude_index","aucs"
0,0.583919156414763
21,0.629613356766256
79,0.629613356766256
28,0.629613356766256
61,0.629613356766256
