"exclude_index","aucs"
0,0.939473684210526
29,0.973391812865497
74,0.935964912280702
