"exclude_index","aucs"
0,0.871546149323927
10,0.900646678424456
88,0.893885949441505
