"exclude_index","aucs"
0,0.809791174152876
13,0.810185185185185
43,0.819444444444444
8,0.819444444444444
79,0.819444444444444
50,0.818656422379827
