"exclude_index","aucs"
0,0.824033391915642
1,0.824033391915642
4,0.962434094903339
41,0.962434094903339
53,0.885544815465729
