"exclude_index","aucs"
0,0.58080985915493
36,0.740316901408451
2,0.707218309859155
