"exclude_index","aucs"
0,0.805166374781086
27,0.849824868651489
57,0.837565674255692
