"exclude_index","aucs"
0,0.692206654991243
35,0.827057793345009
27,0.827057793345009
9,0.827057793345009
23,0.827057793345009
90,0.735989492119089
