"exclude_index","aucs"
0,0.77306338028169
49,0.788204225352113
9,0.795950704225352
26,0.795950704225352
39,0.795950704225352
18,0.795950704225352
22,0.795950704225352
60,0.795950704225352
13,0.795950704225352
38,0.795950704225352
16,0.788204225352113
