"exclude_index","aucs"
0,0.786564232902032
83,0.930510628465804
32,0.80874537892791
