"exclude_index","aucs"
0,0.94612676056338
11,0.971478873239437
4,0.981338028169014
10,0.961619718309859
