"exclude_index","aucs"
0,0.840509666080844
90,0.914762741652021
7,0.87829525483304
