"exclude_index","aucs"
0,0.624561403508772
17,0.790058479532164
72,0.781286549707602
