"exclude_index","aucs"
0,0.612478031634446
79,0.818101933216169
14,0.726713532513181
