"exclude_index","aucs"
0,0.699649737302977
1,0.699649737302977
44,0.734676007005254
4,0.997373029772329
60,0.997373029772329
31,0.997373029772329
48,0.997373029772329
45,0.737302977232925
