"exclude_index","aucs"
0,0.744947275922671
70,0.990992970123023
58,0.990992970123023
12,0.754613356766257
