"exclude_index","aucs"
0,0.721434200157604
74,0.731481481481482
39,0.723995271867612
