"exclude_index","aucs"
0,0.896402550091075
39,0.905358227079539
25,0.907635094110504
71,0.909153005464481
56,0.90991196114147
31,0.907483302975106
