"exclude_index","aucs"
0,0.818930041152263
35,0.833627278071723
27,0.820399764844209
