"exclude_index","aucs"
0,0.761821366024518
58,0.777583187390543
49,0.791593695271454
63,0.992119089316988
16,0.992119089316988
1,0.791593695271454
