"exclude_index","aucs"
0,0.532456140350877
13,0.590350877192982
25,0.721345029239766
65,0.654678362573099
