"exclude_index","aucs"
0,0.754137115839244
12,0.779747832939323
21,0.782505910165485
1,0.754137115839244
