"exclude_index","aucs"
0,0.690017513134851
13,0.834500875656743
76,0.829246935201401
