"exclude_index","aucs"
0,0.726302167583306
1,0.753801358783565
2,0.786962148172112
36,0.817373018440634
15,0.817373018440634
26,0.736007764477515
