"exclude_index","aucs"
0,0.81260945709282
69,0.847635726795096
32,0.905429071803853
17,0.905429071803853
62,0.905429071803853
1,0.81260945709282
