"exclude_index","aucs"
0,0.766999551166966
78,0.798642280071813
43,0.775527378815081
