"exclude_index","aucs"
0,0.545431600201918
37,0.715800100959112
13,0.715800100959112
15,0.715800100959112
1,0.715800100959112
21,0.715800100959112
71,0.715800100959112
58,0.579505300353357
