"exclude_index","aucs"
0,0.647985989492119
59,0.869527145359019
23,0.869527145359019
85,0.869527145359019
55,0.766199649737303
