"exclude_index","aucs"
0,0.776707530647986
8,0.86077057793345
69,0.86077057793345
40,0.86077057793345
4,0.788966725043783
