"exclude_index","aucs"
0,0.550350262697023
14,0.739492119089317
28,0.739492119089317
7,0.596760070052539
