"exclude_index","aucs"
0,0.689141856392294
39,0.735551663747811
73,0.735551663747811
27,0.716287215411559
