"exclude_index","aucs"
0,0.519109535066982
29,0.569345941686367
11,0.553585500394011
