"exclude_index","aucs"
0,0.53556338028169
14,0.65387323943662
45,0.652464788732394
