"exclude_index","aucs"
0,0.793345008756567
45,0.802101576182137
71,0.834500875656743
18,0.834500875656743
7,0.834500875656743
8,0.834500875656743
12,0.834500875656743
39,0.834500875656743
77,0.834500875656743
4,0.834500875656743
87,0.802101576182137
