"exclude_index","aucs"
0,0.927112676056338
25,0.959859154929577
1,0.930633802816901
