"exclude_index","aucs"
0,0.693957968476357
60,0.720227670753065
27,0.720227670753065
24,0.847197898423818
31,0.847197898423818
7,0.847197898423818
32,0.708844133099825
