"exclude_index","aucs"
0,0.848245614035088
45,0.905555555555556
67,0.90672514619883
9,0.90672514619883
73,0.90672514619883
21,0.90672514619883
32,0.90672514619883
19,0.807309941520468
