"exclude_index","aucs"
0,0.758274231678487
64,0.798463356973996
61,0.793144208037825
