"exclude_index","aucs"
0,0.970840867992767
17,0.971835443037975
19,0.933227848101266
