"exclude_index","aucs"
0,0.88396017699115
77,0.961836283185841
1,0.88396017699115
