"exclude_index","aucs"
0,0.682456140350877
32,0.717543859649123
21,0.714035087719298
