"exclude_index","aucs"
0,0.690017513134851
14,0.702276707530648
63,0.82399299474606
71,0.82399299474606
18,0.69877408056042
