"exclude_index","aucs"
0,0.828809106830123
10,0.849824868651489
1,0.849824868651489
25,0.849824868651489
3,0.824430823117338
