"exclude_index","aucs"
0,0.690017513134851
49,0.834500875656743
10,0.695271453590193
