"exclude_index","aucs"
0,0.640140845070423
49,0.659154929577465
78,0.657042253521127
