"exclude_index","aucs"
0,0.975892857142857
62,0.976304945054945
61,0.976304945054945
24,0.975892857142857
