"exclude_index","aucs"
0,0.980988160291439
1,0.980988160291439
2,0.980988160291439
3,0.978863084395871
