"exclude_index","aucs"
0,0.772514619883041
77,0.786549707602339
6,0.787134502923977
48,0.787134502923977
62,0.787134502923977
51,0.780116959064328
