"exclude_index","aucs"
0,0.771052631578947
45,0.787426900584795
59,0.791520467836257
13,0.791520467836257
8,0.791520467836257
29,0.790350877192982
