"exclude_index","aucs"
0,0.818021201413428
55,0.85007571933367
12,0.822816759212519
