"exclude_index","aucs"
0,0.656360424028269
88,0.684628975265018
26,0.681095406360424
