"exclude_index","aucs"
0,0.94612676056338
22,0.967253521126761
33,0.981338028169014
1,0.94612676056338
