"exclude_index","aucs"
0,0.934314586994728
52,0.973418277680141
9,0.973418277680141
76,0.973857644991213
63,0.974297012302285
66,0.973418277680141
