"exclude_index","aucs"
0,0.655506216696269
15,0.700976909413854
8,0.700976909413854
47,0.700976909413854
23,0.700976909413854
86,0.700976909413854
81,0.700976909413854
52,0.616785079928952
