"exclude_index","aucs"
0,0.919382141345746
85,0.955988150655946
54,0.929856115107913
