"exclude_index","aucs"
0,0.970705244122965
17,0.971699819168173
4,0.933092224231465
