"exclude_index","aucs"
0,0.756698187549252
48,0.759062253743105
26,0.787825059101655
34,0.759062253743105
