"exclude_index","aucs"
0,0.512573099415205
24,0.684502923976608
79,0.664035087719298
