"exclude_index","aucs"
0,0.592982456140351
55,0.609356725146199
2,0.64327485380117
70,0.629239766081872
