"exclude_index","aucs"
0,0.991871704745167
1,0.991871704745167
42,0.991432337434095
