"exclude_index","aucs"
0,0.638011695906433
47,0.754970760233918
12,0.724561403508772
