"exclude_index","aucs"
0,0.734795321637427
10,0.978070175438597
1,0.75233918128655
