"colnames.df..85..84...gene_num..","score"
"rrrD",0.0171670590781543
"proK",0.0996563237500387
"acrA",0.00348995680551488
