"colnames.df..85..84...gene_num..","score"
"rrrD",0.0144473799923334
"proK",0.264551259544604
"acrA",0.00869841411211347
