"colnames.df..85..84...gene_num..","score"
"rrrD",0.0202888046082962
"proK",0.299047167150915
"acrA",0.0247103213398792
