"colnames.df..85..84...gene_num..","score"
"rrrD",0.0222907752620381
"proK",0.977089094285259
"acrA",0.0188100666051241
