"colnames.df..85..84...gene_num..","score"
"rrrD",0.0117433451205775
"proK",0.557300382290536
"acrA",0.0252077640752876
