"colnames.df..85..84...gene_num..","score"
"rrrD",0.00908593227504074
"proK",0.932599278758452
"acrA",0.0179763649385592
