"colnames.df..85..84...gene_num..","score"
"rrrD",0.0225228490857592
"proK",0.184005024901618
"acrA",0.00403379551199901
