"colnames.df..85..84...gene_num..","score"
"rrrD",0.0173715882274551
"proK",0.986164433296988
"acrA",0.0386902611880697
