"colnames.df..85..84...gene_num..","score"
"rrrD",0.0256520801432635
"proK",0.0954435779197307
"acrA",0.0123396165913263
