"colnames.df..85..84...gene_num..","score"
"rrrD",0.0171930948498897
"proK",0.99999999999997
"acrA",0.0285214538123023
