"FPR","TPR"
0,0.0923611111111111
0.0204081632653061,0.487490287490287
0.0408163265306122,0.634108550179979
0.0612244897959184,0.715512265512266
0.0816326530612245,0.776025561739847
0.102040816326531,0.849621212121212
0.122448979591837,0.853409090909091
0.142857142857143,0.8875
0.163265306122449,0.910227272727273
0.183673469387755,0.914015151515152
0.204081632653061,0.928156565656566
0.224489795918367,0.935732323232323
0.244897959183673,0.949453720882292
0.26530612244898,0.969823232323232
0.285714285714286,0.969823232323232
0.306122448979592,0.969823232323232
0.326530612244898,0.969823232323232
0.346938775510204,0.97260101010101
0.36734693877551,0.97260101010101
0.387755102040816,0.996212121212121
0.408163265306122,0.996212121212121
0.428571428571428,0.99702380952381
0.448979591836735,1
0.469387755102041,1
0.489795918367347,1
0.510204081632653,1
0.530612244897959,1
0.551020408163265,1
0.571428571428571,1
0.591836734693878,1
0.612244897959184,1
0.63265306122449,1
0.653061224489796,1
0.673469387755102,1
0.693877551020408,1
0.714285714285714,1
0.73469387755102,1
0.755102040816326,1
0.775510204081633,1
0.795918367346939,1
0.816326530612245,1
0.836734693877551,1
0.857142857142857,1
0.877551020408163,1
0.897959183673469,1
0.918367346938775,1
0.938775510204081,1
0.959183673469388,1
0.979591836734694,1
1,1
