"FPR","TPR"
0,0.0238647923313827
0.0204081632653063,0.219621423851285
0.0408163265306126,0.442783315512781
0.0612244897959186,0.486628722154302
0.0816326530612253,0.510461909037594
0.102040816326534,0.55280316225647
0.122448979591837,0.575634802693783
0.142857142857143,0.592112127160868
0.163265306122451,0.610045077659236
0.183673469387755,0.62634841448708
0.204081632653068,0.643809318233637
0.224489795918372,0.658205968468038
0.244897959183675,0.67457841617646
0.265306122448978,0.689016699566491
0.285714285714286,0.705026616873948
0.306122448979591,0.718555974090329
0.326530612244901,0.727670081511571
0.346938775510207,0.738823355452092
0.36734693877551,0.750143235634637
0.387755102040833,0.758730015918235
0.408163265306136,0.767723029301544
0.428571428571438,0.781177806501237
0.448979591836744,0.795626859857709
0.469387755102047,0.807021201320707
0.489795918367349,0.825425343071681
0.510204081632651,0.835464790502382
0.530612244897956,0.842641445759519
0.551020408163263,0.85009435031069
0.571428571428571,0.856372988069788
0.591836734693877,0.863321423902657
0.612244897959182,0.873658074064649
0.632653061224498,0.879961810153331
0.653061224489802,0.891483895396526
0.673469387755107,0.897065462869207
0.693877551020413,0.904620437521789
0.714285714285717,0.911988655295881
0.734693877551021,0.921946312111256
0.755102040816363,0.934265317192077
0.775510204081665,0.944653859864815
0.795918367346968,0.950142512202207
0.816326530612272,0.954544006334299
0.836734693877574,0.957731651237598
0.857142857142877,0.962636206947476
0.877551020408187,0.96863251119308
0.897959183673489,0.973009546293984
0.918367346938791,0.976852806273627
0.938775510204095,0.979999779348571
0.959183673469396,0.983130866991156
0.979591836734698,0.987144542990323
1,0.997187062420848
